Manufacturer,Permit Number,DATE,VIN NUMBER,"VEHICLE IS CAPABLE OF OPERATING WITHOUT A DRIVER
(Yes or No)","DRIVER PRESENT
(Yes or No)","DISENGAGEMENT INITIATED BY
(AV System, Test Driver, Remote Operator, or Passenger)","DISENGAGEMENT
LOCATION
(Interstate, Freeway, Highway, Rural Road, Street, or Parking Facility)",DESCRIPTION OF FACTS CAUSING DISENGAGEMENT
AImotive Inc.,AVT036,2019.12.02,JTDKN3DU2A5101201,No,Yes,Test Driver,Freeway,"The test vehicle's software recommended an incorrect lane change to the software operator. 
Conditions: Non-inclement weather, dry roads, no other factors involved"
AImotive Inc.,AVT036,2019.12.03,JTDKN3DU9A0059509,No,Yes,Test Driver,Freeway,"The test vehicle's software recommended an incorrect lane change to the software operator. 
Conditions: Non-inclement weather, dry roads, no other factors involved"
AImotive Inc.,AVT036,2019.12.03,JTDKN3DU2A5101201,No,Yes,Test Driver,Freeway,"The test vehicle's software recommended an incorrect lane change to the software operator. 
Conditions: Non-inclement weather, dry roads, no other factors involved"
AImotive Inc.,AVT036,2019.12.03,JTDKN3DU9A0059509,No,Yes,Test Driver,Freeway,"During a merge, the test vehicle failed to keep an appropriate distance between a merging car or the merging car failed to yield to us. 
Conditions: Non-inclement weather, dry roads, no other factors involved"
AImotive Inc.,AVT036,2019.12.03,JTDKN3DU9A0059509,No,Yes,Test Driver,Freeway,"During an exit/merge the test vehicle was going the ""correct"" speed as posted by road signs, but was going too slow or too fast given the traffic and road conditions. Conditions: Non-inclement weather, dry roads, no other factors involved"
AImotive Inc.,AVT036,2019.12.03,JTDKN3DU9A0059509,No,Yes,Test Driver,Freeway,"During a merge, the test vehicle failed to keep an appropriate distance between a merging car or the merging car failed to yield to us. 
Conditions: Non-inclement weather, dry roads, no other factors involved"
AImotive Inc.,AVT036,2019.12.03,JTDKN3DU2A5101201,No,Yes,Test Driver,Freeway,"During a merge, the test vehicle failed to keep an appropriate distance between a merging car or the merging car failed to yield to us. 
Conditions: Non-inclement weather, dry roads, no other factors involved"
AImotive Inc.,AVT036,2019.12.03,JTDKN3DU2A5101201,No,Yes,Test Driver,Freeway,"During a merge, the test vehicle failed to keep an appropriate distance between a merging car or the merging car failed to yield to us. 
Conditions: Non-inclement weather, dry roads, no other factors involved"
AImotive Inc.,AVT036,2019.12.03,JTDKN3DU2A5101201,No,Yes,Test Driver,Freeway,"During a merge, the test vehicle failed to keep an appropriate distance between a merging car or the merging car failed to yield to us. 
Conditions: Non-inclement weather, dry roads, no other factors involved"
AImotive Inc.,AVT036,2019.12.03,JTDKN3DU2A5101201,No,Yes,Test Driver,Freeway,"The test vehicle's software recommended an incorrect lane to move into during an upcoming exit on the freeway. 
Conditions: Non-inclement weather, dry roads, no other factors involved"
AImotive Inc.,AVT036,2019.12.04,JTDKN3DU9A0059509,No,Yes,Test Driver,Freeway,"The test vehicle's software recommended an incorrect lane to move into during an upcoming exit on the freeway. 
Conditions: Non-inclement weather, dry roads, no other factors involved"
AImotive Inc.,AVT036,2019.12.04,JTDKN3DU9A0059509,No,Yes,Test Driver,Freeway,"During a merge, the test vehicle failed to keep an appropriate distance between a merging car or the merging car failed to yield to us. 
Conditions: Non-inclement weather, dry roads, no other factors involved"
AImotive Inc.,AVT036,2019.12.04,JTDKN3DU9A0059509,No,Yes,Test Driver,Freeway,"During a merge, the test vehicle failed to keep an appropriate distance between a merging car or the merging car failed to yield to us. 
Conditions: Non-inclement weather, dry roads, no other factors involved"
AImotive Inc.,AVT036,2019.12.04,JTDKN3DU9A0059509,No,Yes,Test Driver,Freeway,"During a merge, the test vehicle failed to keep an appropriate distance between a merging car or the merging car failed to yield to us. 
Conditions: Non-inclement weather, dry roads, no other factors involved"
AImotive Inc.,AVT036,2019.12.04,JTDKN3DU9A0059509,No,Yes,Test Driver,Freeway,"During a merge, the test vehicle failed to keep an appropriate distance between a merging car or the merging car failed to yield to us. 
Conditions: Non-inclement weather, dry roads, no other factors involved"
AImotive Inc.,AVT036,2019.12.05,JTDKN3DU9A0059509,No,Yes,Test Driver,Freeway,"During a merge, the test vehicle failed to keep an appropriate distance between a merging car or the merging car failed to yield to us. 
Conditions: Non-inclement weather, dry roads, no other factors involved"
AImotive Inc.,AVT036,2019.12.05,JTDKN3DU9A0059509,No,Yes,Test Driver,Freeway,"The test vehicle makes a lane change at an inproper speed, e.g: slow acceleration. 
Conditions: Non-inclement weather, dry roads, no other factors involved"
AImotive Inc.,AVT036,2019.12.05,JTDKN3DU9A0059509,No,Yes,Test Driver,Freeway,"The test vehicle makes a lane change at an inproper speed, e.g: slow acceleration. 
Conditions: Non-inclement weather, dry roads, no other factors involved"
AImotive Inc.,AVT036,2019.12.06,JTDKN3DU2A5101201,No,Yes,Test Driver,Freeway,"During a merge, the test vehicle failed to keep an appropriate distance between a merging car or the merging car failed to yield to us. 
Conditions: Non-inclement weather, dry roads, no other factors involved"
AImotive Inc.,AVT036,2019.12.06,JTDKN3DU2A5101201,No,Yes,Test Driver,Freeway,"During an exit/merge the test vehicle was going the ""correct"" speed as posted by road signs, but was going too slow or too fast given the traffic and road conditions. Conditions: Non-inclement weather, dry roads, no other factors involved"
AImotive Inc.,AVT036,2019.12.06,JTDKN3DU2A5101201,No,Yes,Test Driver,Freeway,"During a merge, the test vehicle failed to keep an appropriate distance between a merging car or the merging car failed to yield to us. 
Conditions: Non-inclement weather, dry roads, no other factors involved"
AImotive Inc.,AVT036,2019.12.09,JTDKN3DU9A0059509,No,Yes,Test Driver,Freeway,"During a merge, the test vehicle failed to keep an appropriate distance between a merging car or the merging car failed to yield to us. 
Conditions: Non-inclement weather, dry roads, no other factors involved"
AImotive Inc.,AVT036,2019.12.09,JTDKN3DU9A0059509,No,Yes,Test Driver,Freeway,"During a merge, the test vehicle failed to keep an appropriate distance between a merging car or the merging car failed to yield to us. 
Conditions: Non-inclement weather, dry roads, no other factors involved"
AImotive Inc.,AVT036,2020.01.02,JTDKN3DU2A5101201,No,Yes,Test Driver,Freeway,"During a merge, the test vehicle failed to keep an appropriate distance between a merging car or the merging car failed to yield to us. 
Conditions: Non-inclement weather, dry roads, no other factors involved"
AImotive Inc.,AVT036,2020.01.02,JTDKN3DU2A5101201,No,Yes,Test Driver,Freeway,"During a merge, the test vehicle failed to keep an appropriate distance between a merging car or the merging car failed to yield to us. 
Conditions: Non-inclement weather, dry roads, no other factors involved"
AImotive Inc.,AVT036,2020.01.02,JTDKN3DU2A5101201,No,Yes,Test Driver,Freeway,"During a merge, the test vehicle failed to keep an appropriate distance between a merging car or the merging car failed to yield to us. 
Conditions: Non-inclement weather, dry roads, no other factors involved"
AImotive Inc.,AVT036,2020.01.02,JTDKN3DU2A5101201,No,Yes,Test Driver,Freeway,"During a merge, the test vehicle failed to keep an appropriate distance between a merging car or the merging car failed to yield to us. 
Conditions: Non-inclement weather, dry roads, no other factors involved"
AImotive Inc.,AVT036,2020.01.06,JTDKN3DU9A0059509,No,Yes,Test Driver,Freeway,"During a merge, the test vehicle failed to keep an appropriate distance between a merging car or the merging car failed to yield to us. 
Conditions: Non-inclement weather, dry roads, no other factors involved"
AImotive Inc.,AVT036,2020.01.06,JTDKN3DU9A0059509,No,Yes,Test Driver,Freeway,"The test vehicle's software recommended an incorrect lane change to the software operator. 
Conditions: Non-inclement weather, dry roads, no other factors involved"
AImotive Inc.,AVT036,2020.01.06,JTDKN3DU2A5101201,No,Yes,Test Driver,Freeway,"The test vehicle makes a lane change at an inproper speed, e.g: slow acceleration. 
Conditions: Non-inclement weather, dry roads, no other factors involved"
AImotive Inc.,AVT036,2020.01.07,JTDKN3DU9A0059509,No,Yes,Test Driver,Freeway,"During a merge, the test vehicle failed to keep an appropriate distance between a merging car or the merging car failed to yield to us. 
Conditions: Non-inclement weather, dry roads, no other factors involved"
AImotive Inc.,AVT036,2020.01.07,JTDKN3DU9A0059509,No,Yes,Test Driver,Freeway,"During a merge, the test vehicle failed to keep an appropriate distance between a merging car or the merging car failed to yield to us. 
Conditions: Non-inclement weather, dry roads, no other factors involved"
AImotive Inc.,AVT036,2020.01.07,JTDKN3DU9A0059509,No,Yes,Test Driver,Freeway,"During a merge, the test vehicle failed to keep an appropriate distance between a merging car or the merging car failed to yield to us. 
Conditions: Non-inclement weather, dry roads, no other factors involved"
AImotive Inc.,AVT036,2020.01.07,JTDKN3DU9A0059509,No,Yes,Test Driver,Freeway,"The test vehicle makes a lane change at an inproper speed, e.g: slow acceleration. 
Conditions: Non-inclement weather, dry roads, no other factors involved"
AImotive Inc.,AVT036,2020.01.09,JTDKN3DU9A0059509,No,Yes,Test Driver,Freeway,"The test vehicle makes a lane change at an inproper speed, e.g: slow acceleration. 
Conditions: Non-inclement weather, dry roads, no other factors involved"
AImotive Inc.,AVT036,2020.01.09,JTDKN3DU9A0059509,No,Yes,Test Driver,Freeway,"During a merge, the test vehicle failed to keep an appropriate distance between a merging car or the merging car failed to yield to us. 
Conditions: Non-inclement weather, dry roads, no other factors involved"
AImotive Inc.,AVT036,2020.01.09,JTDKN3DU9A0059509,No,Yes,Test Driver,Freeway,"During an exit/merge the test vehicle was going the ""correct"" speed as posted by road signs, but was going too slow or too fast given the traffic and road conditions. Conditions: Non-inclement weather, dry roads, no other factors involved"
AImotive Inc.,AVT036,2020.01.09,JTDKN3DU9A0059509,No,Yes,Test Driver,Freeway,"During a merge, the test vehicle failed to keep an appropriate distance between a merging car or the merging car failed to yield to us. 
Conditions: Non-inclement weather, dry roads, no other factors involved"
AImotive Inc.,AVT036,2020.01.09,JTDKN3DU9A0059509,No,Yes,Test Driver,Freeway,"During a merge, the test vehicle failed to keep an appropriate distance between a merging car or the merging car failed to yield to us. 
Conditions: Non-inclement weather, dry roads, no other factors involved"
AImotive Inc.,AVT036,2020.01.09,JTDKN3DU9A0059509,No,Yes,Test Driver,Freeway,"During a merge, the test vehicle failed to keep an appropriate distance between a merging car or the merging car failed to yield to us. 
Conditions: Non-inclement weather, dry roads, no other factors involved"
AImotive Inc.,AVT036,2020.01.09,JTDKN3DU9A0059509,No,Yes,Test Driver,Freeway,"During a merge, the test vehicle failed to keep an appropriate distance between a merging car or the merging car failed to yield to us. 
Conditions: Non-inclement weather, dry roads, no other factors involved"
AImotive Inc.,AVT036,2020.01.09,JTDKN3DU9A0059509,No,Yes,Test Driver,Freeway,"During a merge, the test vehicle failed to keep an appropriate distance between a merging car or the merging car failed to yield to us. 
Conditions: Non-inclement weather, dry roads, no other factors involved"
AImotive Inc.,AVT036,2020.01.10,JTDKN3DU5A1092792,No,Yes,Test Driver,Freeway,"During a merge, the test vehicle failed to keep an appropriate distance between a merging car or the merging car failed to yield to us. 
Conditions: Non-inclement weather, dry roads, no other factors involved"
AImotive Inc.,AVT036,2020.01.10,JTDKN3DU5A1092792,No,Yes,Test Driver,Freeway,"During a merge, the test vehicle failed to keep an appropriate distance between a merging car or the merging car failed to yield to us. 
Conditions: Non-inclement weather, dry roads, no other factors involved"
AImotive Inc.,AVT036,2020.01.10,JTDKN3DU5A1092792,No,Yes,Test Driver,Freeway,"The test vehicle's software recommended an incorrect lane to move into during an upcoming exit on the freeway. 
Conditions: Non-inclement weather, dry roads, no other factors involved"
AImotive Inc.,AVT036,2020.01.10,JTDKN3DU5A1092792,No,Yes,Test Driver,Freeway,"During a merge, the test vehicle failed to keep an appropriate distance between a merging car or the merging car failed to yield to us. 
Conditions: Non-inclement weather, dry roads, no other factors involved"
AImotive Inc.,AVT036,2020.01.10,JTDKN3DU5A1092792,No,Yes,Test Driver,Freeway,"The test vehicle's software recommended an incorrect lane to move into during an upcoming exit on the freeway. 
Conditions: Non-inclement weather, dry roads, no other factors involved"
AImotive Inc.,AVT036,2020.01.10,JTDKN3DU2A5101201,No,Yes,Test Driver,Freeway,"This occurs when the test vehicle is making an autonomous lane change and it cuts across the lane marker into another lane. 
Conditions: Non-inclement weather, dry roads, no other factors involved"
AImotive Inc.,AVT036,2020.01.16,JTDKN3DU2A5101201,No,Yes,Test Driver,Freeway,"During a merge, the test vehicle failed to keep an appropriate distance between a merging car or the merging car failed to yield to us. 
Conditions: Non-inclement weather, dry roads, no other factors involved"
AImotive Inc.,AVT036,2020.01.22,JTDKN3DU2A5101201,No,Yes,Test Driver,Freeway,"The test vehicle's software recommended an incorrect lane to move into during an upcoming exit on the freeway. 
Conditions: Non-inclement weather, dry roads, no other factors involved"
AImotive Inc.,AVT036,2020.01.22,JTDKN3DU2A5101201,No,Yes,Test Driver,Freeway,"During a merge, the test vehicle failed to keep an appropriate distance between a merging car or the merging car failed to yield to us. 
Conditions: Non-inclement weather, dry roads, no other factors involved"
AImotive Inc.,AVT036,2020.01.23,JTDKN3DU9A0059509,No,Yes,Test Driver,Freeway,"During a merge, the test vehicle failed to keep an appropriate distance between a merging car or the merging car failed to yield to us. 
Conditions: Non-inclement weather, dry roads, no other factors involved"
AImotive Inc.,AVT036,2020.01.23,JTDKN3DU9A0059509,No,Yes,Test Driver,Freeway,"During a merge, the test vehicle failed to keep an appropriate distance between a merging car or the merging car failed to yield to us. 
Conditions: Non-inclement weather, dry roads, no other factors involved"
AImotive Inc.,AVT036,2020.01.23,JTDKN3DU9A0059509,No,Yes,Test Driver,Freeway,"The test vehicle's software recommended an incorrect lane to move into during an upcoming exit on the freeway. 
Conditions: Non-inclement weather, dry roads, no other factors involved"
AImotive Inc.,AVT036,2020.01.23,JTDKN3DU9A0059509,No,Yes,Test Driver,Freeway,"During an exit/merge the test vehicle was going the ""correct"" speed as posted by road signs, but was going too slow or too fast given the traffic and road conditions. Conditions: Non-inclement weather, dry roads, no other factors involved"
AImotive Inc.,AVT036,2020.01.24,JTDKN3DU9A0059509,No,Yes,Test Driver,Freeway,"During a merge, the test vehicle failed to keep an appropriate distance between a merging car or the merging car failed to yield to us. 
Conditions: Non-inclement weather, dry roads, no other factors involved"
AImotive Inc.,AVT036,2020.01.27,JTDKN3DU5A1092792,No,Yes,Test Driver,Freeway,"During a merge, the test vehicle failed to keep an appropriate distance between a merging car or the merging car failed to yield to us. 
Conditions: Non-inclement weather, dry roads, no other factors involved"
AImotive Inc.,AVT036,2020.01.27,JTDKN3DU5A1092792,No,Yes,Test Driver,Freeway,"During a merge, the test vehicle failed to keep an appropriate distance between a merging car or the merging car failed to yield to us. 
Conditions: Non-inclement weather, dry roads, no other factors involved"
AImotive Inc.,AVT036,2020.01.27,JTDKN3DU5A1092792,No,Yes,Test Driver,Freeway,"During a merge, the test vehicle failed to keep an appropriate distance between a merging car or the merging car failed to yield to us. 
Conditions: Non-inclement weather, dry roads, no other factors involved"
AImotive Inc.,AVT036,2020.01.27,JTDKN3DU5A1092792,No,Yes,Test Driver,Freeway,"During a merge, the test vehicle failed to keep an appropriate distance between a merging car or the merging car failed to yield to us. 
Conditions: Non-inclement weather, dry roads, no other factors involved"
AImotive Inc.,AVT036,2020.01.27,JTDKN3DU5A1092792,No,Yes,Test Driver,Freeway,"The test vehicle's software recommended an incorrect lane to move into during an upcoming exit on the freeway. 
Conditions: Non-inclement weather, dry roads, no other factors involved"
AImotive Inc.,AVT036,2020.01.27,JTDKN3DU5A1092792,No,Yes,Test Driver,Freeway,"The test vehicle makes a lane change at an inproper speed, e.g: slow acceleration. 
Conditions: Non-inclement weather, dry roads, no other factors involved"
AImotive Inc.,AVT036,2020.01.30,JTDKN3DU2A5101201,No,Yes,Test Driver,Freeway,"During a merge, the test vehicle failed to keep an appropriate distance between a merging car or the merging car failed to yield to us. 
Conditions: Non-inclement weather, dry roads, no other factors involved"
AImotive Inc.,AVT036,2020.01.31,JTDKN3DU9A0059509,No,Yes,Test Driver,Freeway,"This occurs when the test vehicle is making an autonomous lane change and it cuts across the lane marker into another lane. 
Conditions: Non-inclement weather, dry roads, no other factors involved"
AImotive Inc.,AVT036,2020.01.31,JTDKN3DU2A5101201,No,Yes,Test Driver,Freeway,"The test vehicle's software recommended an incorrect lane to move into during an upcoming exit on the freeway. 
Conditions: Non-inclement weather, dry roads, no other factors involved"
AImotive Inc.,AVT036,2020.01.31,JTDKN3DU2A5101201,No,Yes,Test Driver,Freeway,"The test vehicle's software recommended an incorrect lane to move into during an upcoming exit on the freeway. 
Conditions: Non-inclement weather, dry roads, no other factors involved"
AImotive Inc.,AVT036,2020.02.03,JTDKN3DU2A5101201,No,Yes,Test Driver,Freeway,"During an exit/merge the test vehicle was going the ""correct"" speed as posted by road signs, but was going too slow or too fast given the traffic and road conditions. Conditions: Non-inclement weather, dry roads, no other factors involved"
AImotive Inc.,AVT036,2020.02.03,JTDKN3DU2A5101201,No,Yes,Test Driver,Freeway,"During an exit/merge the test vehicle was going the ""correct"" speed as posted by road signs, but was going too slow or too fast given the traffic and road conditions. Conditions: Non-inclement weather, dry roads, no other factors involved"
AImotive Inc.,AVT036,2020.02.04,JTDKN3DU5A1092792,No,Yes,Test Driver,Freeway,"The test vehicle makes a lane change at an inproper speed, e.g: slow acceleration. 
Conditions: Non-inclement weather, dry roads, no other factors involved"
AImotive Inc.,AVT036,2020.02.04,JTDKN3DU5A1092792,No,Yes,Test Driver,Freeway,"The test vehicle makes a lane change at an inproper speed, e.g: slow acceleration. 
Conditions: Non-inclement weather, dry roads, no other factors involved"
AImotive Inc.,AVT036,2020.02.10,JTDKN3DU9A0059509,No,Yes,Test Driver,Freeway,"The test vehicle makes a lane change at an inproper speed, e.g: slow acceleration. 
Conditions: Non-inclement weather, dry roads, no other factors involved"
AImotive Inc.,AVT036,2020.02.11,JTDKN3DU9A0059509,No,Yes,Test Driver,Freeway,"The test vehicle's software recommended an incorrect lane change to the software operator. 
Conditions: Non-inclement weather, dry roads, no other factors involved"
AImotive Inc.,AVT036,2020.02.12,JTDKN3DU2A5101201,No,Yes,Test Driver,Freeway,"The test vehicle makes a lane change at an inproper speed, e.g: slow acceleration. 
Conditions: Non-inclement weather, dry roads, no other factors involved"
AImotive Inc.,AVT036,2020.02.12,JTDKN3DU2A5101201,No,Yes,Test Driver,Freeway,"During a lane change, the test vehicle oscillates from left to right in the lane. 
Conditions: Non-inclement weather, dry roads, no other factors involved"
AImotive Inc.,AVT036,2020.02.13,JTDKN3DU5A1092792,No,Yes,Test Driver,Freeway,"During a merge, the test vehicle failed to keep an appropriate distance between a merging car or the merging car failed to yield to us. 
Conditions: Non-inclement weather, dry roads, no other factors involved"
AImotive Inc.,AVT036,2020.02.13,JTDKN3DU5A1092792,No,Yes,Test Driver,Freeway,"During a merge, the test vehicle failed to keep an appropriate distance between a merging car or the merging car failed to yield to us. 
Conditions: Non-inclement weather, dry roads, no other factors involved"
AImotive Inc.,AVT036,2020.02.13,JTDKN3DU5A1092792,No,Yes,Test Driver,Freeway,"The test vehicle makes a lane change at an inproper speed, e.g: slow acceleration. 
Conditions: Non-inclement weather, dry roads, no other factors involved"
AImotive Inc.,AVT036,2020.02.13,JTDKN3DU5A1092792,No,Yes,Test Driver,Freeway,"The test vehicle's software recommended an incorrect lane change to the software operator. 
Conditions: Non-inclement weather, dry roads, no other factors involved"
AImotive Inc.,AVT036,2020.02.26,JTDKN3DU9A0059509,No,Yes,Test Driver,Freeway,"The test vehicle makes a lane change at an inproper speed, e.g: slow acceleration. 
Conditions: Non-inclement weather, dry roads, no other factors involved"
AImotive Inc.,AVT036,2020.02.27,JTDKN3DU5A1092792,No,Yes,Test Driver,Freeway,"During a merge, the test vehicle failed to keep an appropriate distance between a merging car or the merging car failed to yield to us. 
Conditions: Non-inclement weather, dry roads, no other factors involved"
AImotive Inc.,AVT036,2020.02.27,JTDKN3DU5A1092792,No,Yes,Test Driver,Freeway,"During a merge, the test vehicle failed to keep an appropriate distance between a merging car or the merging car failed to yield to us. 
Conditions: Non-inclement weather, dry roads, no other factors involved"
AImotive Inc.,AVT036,2020.03.03,JTDKN3DU9A0059509,No,Yes,Test Driver,Freeway,"During an exit/merge the test vehicle was going the ""correct"" speed as posted by road signs, but was going too slow or too fast given the traffic and road conditions. Conditions: Non-inclement weather, dry roads, no other factors involved"
AImotive Inc.,AVT036,2020.03.03,JTDKN3DU9A0059509,No,Yes,Test Driver,Freeway,"During an exit/merge the test vehicle was going the ""correct"" speed as posted by road signs, but was going too slow or too fast given the traffic and road conditions. Conditions: Non-inclement weather, dry roads, no other factors involved"
AImotive Inc.,AVT036,2020.03.09,JTDKN3DU9A0059509,No,Yes,Test Driver,Freeway,"During an exit/merge the test vehicle was going the ""correct"" speed as posted by road signs, but was going too slow or too fast given the traffic and road conditions. Conditions: Non-inclement weather, dry roads, no other factors involved"
AImotive Inc.,AVT036,2020.03.09,JTDKN3DU9A0059509,No,Yes,Test Driver,Freeway,"The test vehicle makes a lane change at an inproper speed, e.g: slow acceleration. 
Conditions: Non-inclement weather, dry roads, no other factors involved"
AImotive Inc.,AVT036,2020.03.09,JTDKN3DU9A0059509,No,Yes,Test Driver,Freeway,"The test vehicle's software recommended an incorrect lane change to the software operator. 
Conditions: Non-inclement weather, dry roads, no other factors involved"
AImotive Inc.,AVT036,2020.03.10,JTDKN3DU9A0059509,No,Yes,Test Driver,Freeway,"During an exit/merge the test vehicle was going the ""correct"" speed as posted by road signs, but was going too slow or too fast given the traffic and road conditions. Conditions: Non-inclement weather, dry roads, no other factors involved"
AImotive Inc.,AVT036,2020.03.10,JTDKN3DU9A0059509,No,Yes,Test Driver,Freeway,"During a merge, the test vehicle failed to keep an appropriate distance between a merging car or the merging car failed to yield to us. 
Conditions: Non-inclement weather, dry roads, no other factors involved"
AImotive Inc.,AVT036,2020.03.10,JTDKN3DU9A0059509,No,Yes,Test Driver,Freeway,"During a merge, the test vehicle failed to keep an appropriate distance between a merging car or the merging car failed to yield to us. 
Conditions: Non-inclement weather, dry roads, no other factors involved"
AImotive Inc.,AVT036,2020.03.10,JTDKN3DU9A0059509,No,Yes,Test Driver,Freeway,"During a merge, the test vehicle failed to keep an appropriate distance between a merging car or the merging car failed to yield to us. 
Conditions: Non-inclement weather, dry roads, no other factors involved"
AImotive Inc.,AVT036,2020.03.10,JTDKN3DU9A0059509,No,Yes,Test Driver,Freeway,"This occurs when the test vehicle is making an autonomous lane change and it cuts across the lane marker into another lane. 
Conditions: Non-inclement weather, dry roads, no other factors involved"
AImotive Inc.,AVT036,2020.03.11,JTDKN3DU9A0059509,No,Yes,Test Driver,Freeway,"The test vehicle's software recommended an incorrect lane change to the software operator. 
Conditions: Non-inclement weather, dry roads, no other factors involved"
AImotive Inc.,AVT036,2020.03.11,JTDKN3DU9A0059509,No,Yes,Test Driver,Freeway,"During a merge, the test vehicle failed to keep an appropriate distance between a merging car or the merging car failed to yield to us. 
Conditions: Non-inclement weather, dry roads, no other factors involved"
AImotive Inc.,AVT036,2020.03.11,JTDKN3DU9A0059509,No,Yes,Test Driver,Freeway,"The test vehicle makes a lane change at an inproper speed, e.g: slow acceleration. 
Conditions: Non-inclement weather, dry roads, no other factors involved"
AImotive Inc.,AVT036,2020.03.12,JTDKN3DU9A0059509,No,Yes,Test Driver,Freeway,"The test vehicle's software recommended an incorrect lane to move into during an upcoming exit on the freeway. 
Conditions: Non-inclement weather, dry roads, no other factors involved"
AImotive Inc.,AVT036,2020.03.12,JTDKN3DU9A0059509,No,Yes,Test Driver,Freeway,"During a merge, the test vehicle failed to keep an appropriate distance between a merging car or the merging car failed to yield to us. 
Conditions: Non-inclement weather, dry roads, no other factors involved"
AImotive Inc.,AVT036,2020.03.12,JTDKN3DU9A0059509,No,Yes,Test Driver,Freeway,"The test vehicle's software recommended an incorrect lane change to the software operator. 
Conditions: Non-inclement weather, dry roads, no other factors involved"
AImotive Inc.,AVT036,2020.03.13,JTDKN3DU9A0059509,No,Yes,Test Driver,Freeway,"This occurs when the test vehicle is making an autonomous lane change and it cuts across the lane marker into another lane. 
Conditions: Non-inclement weather, dry roads, no other factors involved"
AImotive Inc.,AVT036,2020.03.13,JTDKN3DU9A0059509,No,Yes,Test Driver,Freeway,"The test vehicle's software recommended an incorrect lane change to the software operator. 
Conditions: Non-inclement weather, dry roads, no other factors involved"
AImotive Inc.,AVT036,2020.03.13,JTDKN3DU9A0059509,No,Yes,Test Driver,Freeway,"The test vehicle's software recommended an incorrect lane change to the software operator. 
Conditions: Non-inclement weather, dry roads, no other factors involved"
AImotive Inc.,AVT036,2020.03.14,JTDKN3DU9A0059509,No,Yes,Test Driver,Freeway,"The test vehicle's software recommended an incorrect lane change to the software operator. 
Conditions: Non-inclement weather, dry roads, no other factors involved"
AImotive Inc.,AVT036,2020.03.16,JTDKN3DU9A0059509,No,Yes,Test Driver,Freeway,"During a merge, the test vehicle failed to keep an appropriate distance between a merging car or the merging car failed to yield to us. 
Conditions: Non-inclement weather, dry roads, no other factors involved"
AImotive Inc.,AVT036,2020.03.16,JTDKN3DU9A0059509,No,Yes,Test Driver,Freeway,"The test vehicle's software recommended an incorrect lane to move into during an upcoming exit on the freeway. 
Conditions: Non-inclement weather, dry roads, no other factors involved"
AImotive Inc.,AVT036,2020.03.16,JTDKN3DU9A0059509,No,Yes,Test Driver,Freeway,"During an exit/merge the test vehicle was going the ""correct"" speed as posted by road signs, but was going too slow or too fast given the traffic and road conditions. Conditions: Non-inclement weather, dry roads, no other factors involved"
AImotive Inc.,AVT036,2020.03.16,JTDKN3DU9A0059509,No,Yes,Test Driver,Freeway,"This occurs when the test vehicle is making an autonomous lane change and it cuts across the lane marker into another lane. 
Conditions: Non-inclement weather, dry roads, no other factors involved"
AImotive Inc.,AVT036,2020.09.11,JTDKN3DU9A0059509,No,Yes,Test Driver,Freeway,"During a merge, the test vehicle failed to keep an appropriate distance between a merging car or the merging car failed to yield to us. 
Conditions: Non-inclement weather, dry roads, no other factors involved"
AImotive Inc.,AVT036,2020.09.11,JTDKN3DU9A0059509,No,Yes,Test Driver,Freeway,"The test vehicle's software recommended an incorrect lane to move into during an upcoming exit on the freeway. 
Conditions: Non-inclement weather, dry roads, no other factors involved"
AImotive Inc.,AVT036,2020.09.11,JTDKN3DU9A0059509,No,Yes,Test Driver,Freeway,"During an exit/merge the test vehicle was going the ""correct"" speed as posted by road signs, but was going too slow or too fast given the traffic and road conditions. Conditions: Non-inclement weather, dry roads, no other factors involved"
AImotive Inc.,AVT036,2020.10.01,JTDKN3DU9A0059509,No,Yes,Test Driver,Freeway,"During a merge, the test vehicle failed to keep an appropriate distance between a merging car or the merging car failed to yield to us. 
Conditions: Non-inclement weather, dry roads, no other factors involved"
AImotive Inc.,AVT036,2020.11.03,JTDKN3DU9A0059509,No,Yes,Test Driver,Freeway,"During a merge, the test vehicle failed to keep an appropriate distance between a merging car or the merging car failed to yield to us. 
Conditions: Non-inclement weather, dry roads, no other factors involved"
AImotive Inc.,AVT036,2020.11.04,JTDKN3DU9A0059509,No,Yes,Test Driver,Freeway,"During a merge, the test vehicle failed to keep an appropriate distance between a merging car or the merging car failed to yield to us. 
Conditions: Non-inclement weather, dry roads, no other factors involved"
AImotive Inc.,AVT036,2020.11.10,JTDKN3DU9A0059509,No,Yes,Test Driver,Freeway,"During an exit/merge the test vehicle was going the ""correct"" speed as posted by road signs, but was going too slow or too fast given the traffic and road conditions. Conditions: Non-inclement weather, dry roads, no other factors involved"
AImotive Inc.,AVT036,2020.11.10,JTDKN3DU9A0059509,No,Yes,Test Driver,Freeway,"During a merge, the test vehicle failed to keep an appropriate distance between a merging car or the merging car failed to yield to us. 
Conditions: Non-inclement weather, dry roads, no other factors involved"
Apple Inc.,AVT030,5-Dec-19,2T2BGMCA2HC012521,No,Yes,AV System,Street,Motion control health check caused software kickout
Apple Inc.,AVT030,5-Dec-19,2T2BGMCA2HC012521,No,Yes,AV System,Street,Motion control health check caused software kickout
Apple Inc.,AVT030,5-Dec-19,2T2BGMCA9GC007394,No,Yes,AV System,Street,Motion control health check caused software kickout
Apple Inc.,AVT030,5-Dec-19,2T2BGMCA9GC007394,No,Yes,AV System,Street,Sensor data mismatch caused software kickout
Apple Inc.,AVT030,6-Dec-19,2T2BGMCA7GC003781,No,Yes,Test Driver,Street,Incorrect prediction lead to undesirable motion plan
Apple Inc.,AVT030,6-Dec-19,2T2BGMCA0HC014753,No,Yes,Test Driver,Street,Hardware diagnostic caused software kickout
Apple Inc.,AVT030,7-Dec-19,2T2BGMCA2HC019338,No,Yes,AV System,Street,Motion control health check caused software kickout
Apple Inc.,AVT030,7-Dec-19,2T2BGMCA2HC019338,No,Yes,AV System,Street,Motion control health check caused software kickout
Apple Inc.,AVT030,9-Dec-19,2T2BGMCA0HC014753,No,Yes,AV System,Street,Sensor data mismatch caused software kickout
Apple Inc.,AVT030,9-Dec-19,2T2BGMCA0HC019967,No,Yes,AV System,Street,Sensor data mismatch caused software kickout
Apple Inc.,AVT030,10-Dec-19,2T2BGMCA9GC007394,No,Yes,AV System,Street,Motion control health check caused software kickout
Apple Inc.,AVT030,11-Dec-19,2T2BGMCA3HC020062,No,Yes,Test Driver,Street,Hardware diagnostic caused software kickout
Apple Inc.,AVT030,12-Dec-19,2T2BGMCA5HC014389,No,Yes,AV System,Street,Motion control health check caused software kickout
Apple Inc.,AVT030,13-Dec-19,2T2BGMCA2HC019338,No,Yes,AV System,Street,Motion control health check caused software kickout
Apple Inc.,AVT030,13-Dec-19,2T2BGMCA0HC014753,No,Yes,Test Driver,Street,Hardware diagnostic caused software kickout
Apple Inc.,AVT030,13-Dec-19,2T2BGMCA0HC014753,No,Yes,Test Driver,Street,Hardware diagnostic caused software kickout
Apple Inc.,AVT030,17-Dec-19,2T2BGMCA3HC020062,No,Yes,Test Driver,Street,Hardware diagnostic caused software kickout
Apple Inc.,AVT030,19-Dec-19,2T2BGMCA0HC014753,No,Yes,Test Driver,Street,Hardware diagnostic caused software kickout
Apple Inc.,AVT030,20-Dec-19,2T2BGMCA2HC012521,No,Yes,Test Driver,Street,Incorrect prediction lead to undesirable motion plan 
Apple Inc.,AVT030,23-Dec-19,2T2BGMCA9GC007394,No,Yes,Test Driver,Street,Incorrect prediction lead to undesirable motion plan 
Apple Inc.,AVT030,3-Jan-20,2T2BGMCA0HC014753,No,Yes,Test Driver,Street,Incorrect map encoding lead to undesirable motion plan
Apple Inc.,AVT030,5-Jan-20,2T2BGMCA3HC020062,No,Yes,AV System,Street,Motion control health check caused software kickout
Apple Inc.,AVT030,7-Jan-20,2T2BGMCA0HC014753,No,Yes,AV System,Street,Motion control health check caused software kickout
Apple Inc.,AVT030,7-Jan-20,2T2BGMCA3HC020062,No,Yes,AV System,Street,Motion control health check caused software kickout
Apple Inc.,AVT030,8-Jan-20,2T2BGMCA9GC007394,No,Yes,AV System,Street,Motion control health check caused software kickout
Apple Inc.,AVT030,8-Jan-20,2T2BGMCA9GC007394,No,Yes,AV System,Street,Sensor data mismatch caused software kickout
Apple Inc.,AVT030,8-Jan-20,2T2BGMCA9GC007394,No,Yes,AV System,Street,Sensor data mismatch caused software kickout
Apple Inc.,AVT030,8-Jan-20,2T2BGMCA3HC020062,No,Yes,Test Driver,Street,Hardware diagnostic caused software kickout
Apple Inc.,AVT030,10-Jan-20,2T2BGMCA3HC020062,No,Yes,Test Driver,Street,Incorrect perception lead to undesirable motion plan 
Apple Inc.,AVT030,10-Jan-20,2T2BGMCA0HC014753,No,Yes,AV System,Street,Sensor data mismatch caused software kickout
Apple Inc.,AVT030,14-Jan-20,2T2BGMCA1GC008135,No,Yes,AV System,Street,Sensor data mismatch caused software kickout
Apple Inc.,AVT030,14-Jan-20,2T2BGMCA9GC007394,No,Yes,AV System,Street,Motion control health check caused software kickout
Apple Inc.,AVT030,15-Jan-20,2T2BGMCA2HC019338,No,Yes,AV System,Street,Sensor data mismatch caused software kickout
Apple Inc.,AVT030,21-Jan-20,2T2BGMCA3HC020062,No,Yes,Test Driver,Street,Hardware diagnostic caused software kickout
Apple Inc.,AVT030,24-Jan-20,2T2BGMCA2HC012521,No,Yes,AV System,Street,Sensor data mismatch caused software kickout
Apple Inc.,AVT030,27-Jan-20,2T2BGMCA1GC008135,No,Yes,Test Driver,Street,Safety driver performed improper robotic mode engagement
Apple Inc.,AVT030,27-Jan-20,2T2BGMCA1GC008135,No,Yes,Test Driver,Street,Incorrect prediction of vehicle caused undesirable motion plan
Apple Inc.,AVT030,28-Jan-20,2T2BGMCA1GC008135,No,Yes,AV System,Street,Motion control health check caused software kickout
Apple Inc.,AVT030,28-Jan-20,2T2BGMCA3HC020062,No,Yes,AV System,Street,Sensor data mismatch caused software kickout
Apple Inc.,AVT030,28-Jan-20,2T2BGMCA9GC007394,No,Yes,AV System,Street,Sensor data mismatch caused software kickout
Apple Inc.,AVT030,29-Jan-20,2T2BGMCA7GC007068,No,Yes,Test Driver,Street,Incorrect prediction lead to undesirable motion plan
Apple Inc.,AVT030,29-Jan-20,2T2BGMCA3GC007861,No,Yes,AV System,Street,Sensor data mismatch caused software kickout
Apple Inc.,AVT030,29-Jan-20,2T2BGMCA3GC007861,No,Yes,AV System,Street,Sensor data mismatch caused software kickout
Apple Inc.,AVT030,29-Jan-20,2T2BGMCA3GC007861,No,Yes,AV System,Street,Sensor data mismatch caused software kickout
Apple Inc.,AVT030,29-Jan-20,2T2BGMCA3GC007861,No,Yes,AV System,Street,Sensor data mismatch caused software kickout
Apple Inc.,AVT030,29-Jan-20,2T2BGMCA9GC007394,No,Yes,AV System,Street,Motion control health check caused software kickout
Apple Inc.,AVT030,30-Jan-20,2T2BGMCA3GC007861,No,Yes,AV System,Street,Motion control health check caused software kickout
Apple Inc.,AVT030,30-Jan-20,2T2BGMCA3GC007861,No,Yes,AV System,Street,Motion control health check caused software kickout
Apple Inc.,AVT030,30-Jan-20,2T2BGMCA3GC007861,No,Yes,AV System,Highway,Motion control health check caused software kickout
Apple Inc.,AVT030,30-Jan-20,2T2BGMCA3GC007861,No,Yes,AV System,Highway,Motion control health check caused software kickout
Apple Inc.,AVT030,30-Jan-20,2T2BGMCA3GC007861,No,Yes,AV System,Street,Motion control health check caused software kickout
Apple Inc.,AVT030,30-Jan-20,2T2BGMCA3GC007861,No,Yes,AV System,Street,Motion control health check caused software kickout
Apple Inc.,AVT030,30-Jan-20,2T2BGMCA3GC007861,No,Yes,AV System,Street,Motion control health check caused software kickout
Apple Inc.,AVT030,30-Jan-20,2T2BGMCA3GC007861,No,Yes,AV System,Street,Motion control health check caused software kickout
Apple Inc.,AVT030,30-Jan-20,2T2BGMCA0HC014753,No,Yes,Test Driver,Street,Incorrect perception of traffic signal lead to undesirable motion plan
Apple Inc.,AVT030,31-Jan-20,2T2BGMCA9GC007394,No,Yes,Test Driver,Street,Incorrect prediction of vehicle caused undesirable motion plan
Apple Inc.,AVT030,31-Jan-20,2T2BGMCA5HC014389,No,Yes,AV System,Street,Motion control health check caused software kickout
Apple Inc.,AVT030,31-Jan-20,2T2BGMCA3HC020062,No,Yes,Test Driver,Street,Incorrect prediction lead to undesirable motion plan 
Apple Inc.,AVT030,4-Feb-20,2T2BGMCA1HC014096,No,Yes,AV System,Street,Motion control health check caused software kickout
Apple Inc.,AVT030,6-Feb-20,2T2BGMCA1HC014096,No,Yes,AV System,Street,Motion control health check caused software kickout
Apple Inc.,AVT030,10-Feb-20,2T2BGMCA1HC014096,No,Yes,AV System,Street,Motion control health check caused software kickout
Apple Inc.,AVT030,10-Feb-20,2T2BGMCA2HC019338,No,Yes,AV System,Street,Motion control health check caused software kickout
Apple Inc.,AVT030,10-Feb-20,2T2BGMCA2HC019338,No,Yes,AV System,Street,Motion control health check caused software kickout
Apple Inc.,AVT030,11-Feb-20,2T2BGMCA0HC019225,No,Yes,AV System,Street,Motion control health check caused software kickout
Apple Inc.,AVT030,11-Feb-20,2T2BGMCA2HC019338,No,Yes,AV System,Street,Motion control health check caused software kickout
Apple Inc.,AVT030,12-Feb-20,2T2BGMCA7HC014877,No,Yes,Test Driver,Street,Sensor/Perception discrepancy resulted in  incorrect predictions for motion planning
Apple Inc.,AVT030,12-Feb-20,2T2BGMCA7HC014877,No,Yes,Test Driver,Street,Incorrect prediction lead to undesirable motion plan
Apple Inc.,AVT030,12-Feb-20,2T2BGMCA5HC014389,No,Yes,AV System,Street,Motion control health check caused software kickout
Apple Inc.,AVT030,12-Feb-20,2T2BGMCA5HC014389,No,Yes,Test Driver,Street,Incorrect prediction lead to undesirable motion plan 
Apple Inc.,AVT030,12-Feb-20,2T2BGMCA1GC008135,No,Yes,Test Driver,Street,Incorrect prediction lead to undesirable motion plan 
Apple Inc.,AVT030,12-Feb-20,2T2BGMCA6HC016667,No,Yes,AV System,Street,Incorrect prediction lead to undesirable motion plan
Apple Inc.,AVT030,14-Feb-20,2T2BGMCA2HC012521,No,Yes,Test Driver,Street,Undesireable motion plan violating traffic signal 
Apple Inc.,AVT030,17-Feb-20,2T2BGMCA7HC014877,No,Yes,Test Driver,Street,Motion plan exceeded speed limit 
Apple Inc.,AVT030,18-Feb-20,2T2BGMCA0HC019967,No,Yes,AV System,Street,Hardware diagnostic detected hardware health issue
Apple Inc.,AVT030,18-Feb-20,2T2BGMCA1HC014096,No,Yes,Test Driver,Street,Hardware diagnostic caused software kickout
Apple Inc.,AVT030,19-Feb-20,2T2BGMCA0HC014753,No,Yes,AV System,Street,Motion control health check caused software kickout
Apple Inc.,AVT030,20-Feb-20,2T2BGMCA0HC014753,No,Yes,Test Driver,Street,Incorrect prediction lead to undesirable motion plan 
Apple Inc.,AVT030,21-Feb-20,2T2BGMCA0HC014753,No,Yes,Test Driver,Street,Undesireable motion plan violating traffic signal 
Apple Inc.,AVT030,24-Feb-20,2T2BGMCA5HC014389,No,Yes,Test Driver,Street,Incorrect prediction lead to undesirable motion plan
Apple Inc.,AVT030,24-Feb-20,2T2BGMCA0HC019225,No,Yes,AV System,Street,Motion control health check caused software kickout
Apple Inc.,AVT030,24-Feb-20,2T2BGMCA5HC014389,No,Yes,AV System,Street,Motion planning unable to produce valid trajectory
Apple Inc.,AVT030,25-Feb-20,2T2BGMCA6GC007983,No,Yes,AV System,Street,Motion control health check caused software kickout
Apple Inc.,AVT030,9-Jun-20,2T2BGMCA5HC014389,No,Yes,AV System,Street,Motion control health check caused software kickout
Apple Inc.,AVT030,10-Jun-20,2T2BGMCA5HC014389,No,Yes,AV System,Highway,Motion control health check caused software kickout
Apple Inc.,AVT030,11-Jun-20,2T2BGMCA5HC014389,No,Yes,AV System,Street,Motion control health check caused software kickout
Apple Inc.,AVT030,12-Jun-20,2T2BGMCA4HC020118,No,Yes,Test Driver,Street,Reduced visibility of a vehicle due to occlusions resulted in an undesirable motion plan
Apple Inc.,AVT030,17-Jun-20,2T2BGMCA5HC014389,No,Yes,AV System,Street,Motion control health check caused software kickout
Apple Inc.,AVT030,25-Jun-20,2T2BGMCA2HC020151,No,Yes,AV System,Street,Motion control health check caused software kickout
Apple Inc.,AVT030,10-Jul-20,2T2BGMCA5HC014389,No,Yes,Test Driver,Street,Incorrect prediction lead to undesirable motion plan violating keep clear zone
Apple Inc.,AVT030,10-Jul-20,2T2BGMCA5HC014389,No,Yes,Test Driver,Street,Incorrect perception of traffic signal lead to undesirable motion plan
Apple Inc.,AVT030,13-Jul-20,2T2BGMCA5HC014389,No,Yes,Test Driver,Street,Hardware diagnostic detected hardware health issue
Apple Inc.,AVT030,14-Jul-20,2T2BGMCA5HC014389,No,Yes,Test Driver,Street,System issue interrupted driving algorithm
Apple Inc.,AVT030,14-Jul-20,2T2BGMCA5HC014389,No,Yes,Test Driver,Street,Hardware diagnostic detected hardware health issue
Apple Inc.,AVT030,15-Jul-20,2T2BGMCA5HC014389,No,Yes,Test Driver,Street,Undesireable motion plan violating keep clear zone
Apple Inc.,AVT030,17-Jul-20,2T2BGMCA5HC014389,No,Yes,Test Driver,Street,Incorrect prediction of parked vehicle caused undesirable motion plan
Apple Inc.,AVT030,21-Jul-20,2T2BGMCA5HC014389,No,Yes,Test Driver,Street,System issue interrupted driving algorithm
Apple Inc.,AVT030,23-Jul-20,2T2BGMCA2HC020151,No,Yes,Test Driver,Street,Sensor/Perception discrepancy resulted in  incorrect predictions for motion planning
Apple Inc.,AVT030,25-Jul-20,2T2BGMCA4HC020118,No,Yes,AV System,Freeway,Hardware diagnostic caused software kickout
Apple Inc.,AVT030,27-Jul-20,2T2BGMCA4HC020118,No,Yes,Test Driver,Freeway,Safety driver discomfort due to selected motion plan
Apple Inc.,AVT030,30-Jul-20,2T2BGMCA4HC020118,No,Yes,Test Driver,Street,Incorrect prediction lead to undesirable motion plan
Apple Inc.,AVT030,30-Jul-20,2T2BGMCA2HC020151,No,Yes,Test Driver,Street,Incorrect perception of traffic signal lead to undesirable motion plan
Apple Inc.,AVT030,1-Aug-20,2T2BGMCA5HC014389,No,Yes,Test Driver,Street,Incorrect perception of traffic signal lead to undesirable motion plan
Apple Inc.,AVT030,4-Aug-20,2T2BGMCA9GC007394,No,Yes,AV System,Street,Incorrect prediction lead to undesirable motion plan 
Apple Inc.,AVT030,11-Aug-20,2T2BGMCA5HC014389,No,Yes,Test Driver,Street,Incorrect prediction lead to undesirable motion plan violating keep clear zone
Apple Inc.,AVT030,25-Aug-20,2T2BGMCA8HC020137,No,Yes,AV System,Street,Motion control health check caused software kickout
Apple Inc.,AVT030,27-Aug-20,2T2BGMCA8HC020137,No,Yes,Test Driver,Street,Incorrect prediction lead to undesirable motion plan
Apple Inc.,AVT030,31-Aug-20,2T2BGMCA4HC020118,No,Yes,AV System,Street,Motion control health check caused software kickout
Apple Inc.,AVT030,2-Sep-20,2T2BGMCA8HC020137,No,Yes,AV System,Street,Motion control health check caused software kickout
Apple Inc.,AVT030,8-Sep-20,2T2BGMCA8HC020137,No,Yes,Test Driver,Street,Incorrect prediction lead to undesirable motion plan
Apple Inc.,AVT030,8-Sep-20,2T2BGMCA2HC020151,No,Yes,AV System,Street,Hardware diagnostic caused software kickout
Apple Inc.,AVT030,9-Sep-20,2T2BGMCA4HC020118,No,Yes,Test Driver,Street,Incorrect prediction lead to undesirable motion plan
Apple Inc.,AVT030,15-Sep-20,2T2BGMCA2HC020151,No,Yes,Test Driver,Street,Incorrect prediction lead to undesirable motion plan
Apple Inc.,AVT030,15-Sep-20,2T2BGMCA4HC020118,No,Yes,AV System,Street,Motion control health check caused software kickout
Apple Inc.,AVT030,15-Sep-20,2T2BGMCA8HC020137,No,Yes,AV System,Street,Motion control health check caused software kickout
Apple Inc.,AVT030,21-Sep-20,2T2BGMCA4HC020118,No,Yes,AV System,Street,Motion control health check caused software kickout
Apple Inc.,AVT030,22-Sep-20,2T2BGMCA8HC020137,No,Yes,AV System,Street,Hardware diagnostic caused software kickout
Apple Inc.,AVT030,22-Sep-20,2T2BGMCA8HC020137,No,Yes,AV System,Street,Hardware diagnostic caused software kickout
Apple Inc.,AVT030,23-Sep-20,2T2BGMCA4HC020118,No,Yes,AV System,Street,Hardware diagnostic caused software kickout
Apple Inc.,AVT030,28-Sep-20,2T2BGMCA4HC020118,No,Yes,AV System,Street,Hardware diagnostic caused software kickout
Apple Inc.,AVT030,9-Oct-20,2T2BGMCA2HC020151,No,Yes,Test Driver,Street,Incorrect prediction lead to undesirable motion plan 
Apple Inc.,AVT030,9-Oct-20,2T2BGMCA8HC020137,No,Yes,AV System,Street,Hardware diagnostic caused software kickout
Apple Inc.,AVT030,12-Oct-20,2T2BGMCA8HC020137,No,Yes,AV System,Street,Hardware diagnostic caused software kickout
Apple Inc.,AVT030,13-Oct-20,2T2BGMCA2HC020151,No,Yes,AV System,Street,Hardware diagnostic caused software kickout
Apple Inc.,AVT030,13-Oct-20,2T2BGMCA2HC020151,No,Yes,AV System,Street,Hardware diagnostic caused software kickout
Apple Inc.,AVT030,13-Oct-20,2T2BGMCA8HC020137,No,Yes,AV System,Street,Hardware diagnostic caused software kickout
Apple Inc.,AVT030,14-Oct-20,2T2BGMCA8HC020137,No,Yes,AV System,Street,Hardware diagnostic caused software kickout
Apple Inc.,AVT030,28-Oct-20,2T2BGMCA5HC014389,No,Yes,AV System,Street,Hardware diagnostic caused software kickout
Apple Inc.,AVT030,28-Oct-20,2T2BGMCA5HC014389,No,Yes,AV System,Street,Hardware diagnostic caused software kickout
Apple Inc.,AVT030,28-Oct-20,2T2BGMCA5HC014389,No,Yes,AV System,Street,Hardware diagnostic caused software kickout
Apple Inc.,AVT030,4-Nov-20,2T2BGMCA2HC020151,No,Yes,AV System,Street,Hardware diagnostic caused software kickout
"Aurora Innovation, Inc.",AVT037,20191204,3LN6L5LU5HR650656,No,Vehicle Operator,Yes,Street,Unexpected or reckless behavior of other road user
"Aurora Innovation, Inc.",AVT037,20191205,3LN6L5MU1HR646151,No,Vehicle Operator,Yes,Street,Planning Discrepancy: Failure to yield to other actors
"Aurora Innovation, Inc.",AVT037,20191206,3LN6L5MU6HR643536,No,Vehicle Operator,Yes,Street,Planning Discrepancy: Failure to yield to other actors
"Aurora Innovation, Inc.",AVT037,20191207,3LN6L5MU1HR646151,No,Vehicle Operator,Yes,Street,Planning Discrepancy: Incorrect behavior while following a vehicle
"Aurora Innovation, Inc.",AVT037,20191211,3LN6L5LU5HR650656,No,Software,Yes,Street,Planning Module Failure due to software issue
"Aurora Innovation, Inc.",AVT037,20191213,3LN6L5LU0HR664920,No,Vehicle Operator,Yes,Street,Planning Discrepancy: Poor trajectory across lanes
"Aurora Innovation, Inc.",AVT037,20191213,3LN6L5LU5HR650656,No,Vehicle Operator,Yes,Street,Planning Discrepancy: Failure to yield to other actors
"Aurora Innovation, Inc.",AVT037,20191213,3LN6L5MU1HR646151,No,Software,Yes,Street,Planning Module Failure due to mapping issue
"Aurora Innovation, Inc.",AVT037,20191213,3LN6L5MU1HR646151,No,Software,Yes,Street,Planning Module Failure due to mapping issue
"Aurora Innovation, Inc.",AVT037,20191213,3LN6L5MU6HR643536,No,Software,Yes,Street,Planning Module Failure due to mapping issue
"Aurora Innovation, Inc.",AVT037,20191213,3LN6L5LU0HR664920,No,Software,Yes,Street,Planning Module Failure due to mapping issue
"Aurora Innovation, Inc.",AVT037,20191213,3LN6L5MU6HR643536,No,Software,Yes,Street,Planning Module Failure due to software issue
"Aurora Innovation, Inc.",AVT037,20191213,3LN6L5MU6HR643536,No,Software,Yes,Street,Planning Module Failure due to software issue
"Aurora Innovation, Inc.",AVT037,20191214,3LN6L5MU1HR646151,No,Software,Yes,Street,Planning Module Failure due to mapping issue
"Aurora Innovation, Inc.",AVT037,20191217,3LN6L5MU6HR643536,No,Vehicle Operator,Yes,Street,Planning Discrepancy: Failure to yield to other actors
"Aurora Innovation, Inc.",AVT037,20191217,3LN6L5LU5HR650656,No,Software,Yes,Street,Planning Module Failure due to software issue
"Aurora Innovation, Inc.",AVT037,20191218,3LN6L5MU6HR643536,No,Software,Yes,Street,Planning Module Failure due to software issue
"Aurora Innovation, Inc.",AVT037,20191219,3LN6L5LU5HR650656,No,Vehicle Operator,Yes,Street,Planning Discrepancy: Failure to yield to other actors
"Aurora Innovation, Inc.",AVT037,20191220,3LN6L5LU5HR650656,No,Vehicle Operator,Yes,Street,Planning Discrepancy: Failure to yield to other actors
"Aurora Innovation, Inc.",AVT037,20191220,3LN6L5LU5HR650656,No,Vehicle Operator,Yes,Street,Planning Discrepancy: Failure to yield to other actors
"Aurora Innovation, Inc.",AVT037,20191220,3LN6L5LU5HR650656,No,Vehicle Operator,Yes,Street,Planning Discrepancy:  Poor lane change in contested target lane
"Aurora Innovation, Inc.",AVT037,20200103,3LN6L5MU6HR643536,No,Vehicle Operator,Yes,Street,Planning Discrepancy: Failure to yield to other actors
"Aurora Innovation, Inc.",AVT037,20200129,3LN6L5MU8HR644610,No,Vehicle Operator,Yes,Street,Perception Discrepancy: Lost track of open door of parked vehicle
"Aurora Innovation, Inc.",AVT037,20200130,3LN6L5LU0HR664920,No,Software,Yes,Street,Planning Module Failure due to software issue
"Aurora Innovation, Inc.",AVT037,20200130,3LN6L5LU0HR664920,No,Software,Yes,Street,Planning Module Failure due to software issue
"Aurora Innovation, Inc.",AVT037,20200203,3LN6L5LU5HR650656,No,Vehicle Operator,Yes,Street,Planning Discrepancy: AV reacted poorly for merging vehicle
"Aurora Innovation, Inc.",AVT037,20200218,3LN6L5LU5HR650656,No,Vehicle Operator,Yes,Street,Planning Discrepancy: Failure to yield to other actors
"Aurora Innovation, Inc.",AVT037,20200226,3LN6L5LU0HR664920,No,Vehicle Operator,Yes,Street,Planning Discrepancy: Failure to yield to other actors
"Aurora Innovation, Inc.",AVT037,20200304,3LN6L5LU5HR650656,No,Vehicle Operator,Yes,Street,Planning Discrepancy: Failure to yield to other actors
"Aurora Innovation, Inc.",AVT037,20200611,3LN6L5LU5HR650656,No,Vehicle Operator,Yes,Street,Planning Discrepancy: Failure to yield to other actors
"Aurora Innovation, Inc.",AVT037,20200828,2C4RC1N75LR107176,No,Vehicle Operator,Yes,Freeway,Planning Discrepancy: AV reacted poorly for merging vehicle
"Aurora Innovation, Inc.",AVT037,20200918,2C4RC1N77LR107177,No,Vehicle Operator,Yes,Highway,Planning Discrepancy:  Poor lane change in contested target lane
"Aurora Innovation, Inc.",AVT037,20200903,2C4RC1N75LR107176,No,Vehicle Operator,Yes,Street,Planning Discrepancy: Failure to yield to other actors
"Aurora Innovation, Inc.",AVT037,20200916,2C4RC1N75LR107176,No,Vehicle Operator,Yes,Street,Planning Discrepancy: Incorrect behavior at traffic light
"Aurora Innovation, Inc.",AVT037,20200916,2C4RC1N75LR107176,No,Vehicle Operator,Yes,Street,Planning Discrepancy: Incorrect behavior at traffic light
"Aurora Innovation, Inc.",AVT037,20201013,2C4RC1N7XLR107173,No,Software,Yes,Street,Planning Module Failure due to software issue
"Aurora Innovation, Inc.",AVT037,20201015,2C4RC1N75LR107176,No,Software,Yes,Street,Planning Module Failure due to software issue
"AutoX Technologies, Inc",AVT021,1/16/2020,3LN6L5LU1HR637709,No,Yes,Test Driver,Street,Disengagement for unwanted maneuver of the vehicle in merging situation with consequtive aggressive cut-ins in front of the vehicle in down town San Jose.
"AutoX Technologies, Inc",AVT021,3/4/2020,3LN6L5MU9JR614778,No,Yes,Test Driver,Street,Disengagement for a perception discrepancy false possitive which impacted the vehicle to react and make unwanted maneuver
BMW of North America,AVT009,1/14/2020,WBA7E21050G412347,Yes,Yes,Test Driver,Street,"Clear weather, good surface conditions. Trajectory message timeout: Took too long to plan trajectory. Driver assumed control in less than 1 second of system alert. 

Clarification:
The autonomous vehicle has a safety mechanism to alert the driver if the trajectory calculations are not completed within a margin of safety and this system notified the driver to be prepared to take over. The driver took over within 1 second and the autonomous feature was disengaged. The root cause was identified and rectified on the 1/14 to be retested successfully on the 15th Jan."
BMW of North America,AVT009,1/15/2020,WBA7E21050G412347,Yes,Yes,Passenger,Street,"Clear weather, good surface conditions. Disengagement was the result of a planned test of the autonomous technology. Driver assumed control in less than 1 second."
BMW of North America,AVT009,1/22/2020,WBA7E21050G412347,Yes,Yes,Passenger,Street,"Clear weather, good surface conditions. Disengagement was the result of a planned test of the autonomous technology. Driver assumed control in less than 1 second."
CRUISE LLC,AVT008,8-Dec-19,5G21A6P00L4100118,No,Yes,Test driver,Street,"precautionary takeover to address planning, AV attempted unsuccesful left turn"
CRUISE LLC,AVT008,14-Dec-19,5G21A6P08L4100058,No,Yes,Test driver,Street,"precautionary takeover to address planning, third party lane encroachment"
CRUISE LLC,AVT008,31-Dec-19,5G21A6P05L4100180,No,Yes,Test driver,Street,"precautionary takeover to address controls, other road user behaving poorly"
CRUISE LLC,AVT008,3-Jan-20,5G21A6P06L4100074,No,Yes,Test driver,Street,"precautionary takeover to address prediction, other road user behaving poorly"
CRUISE LLC,AVT008,4-Jan-20,5G21A6P08L4100187,No,Yes,Test driver,Street,"precautionary takeover to address controls, other road user behaving poorly"
CRUISE LLC,AVT008,8-Jan-20,5G21A6P07L4100164,No,Yes,Test driver,Street,"precautionary takeover to address planning, other road user behaving poorly"
CRUISE LLC,AVT008,8-Jan-20,5G21A6P00L4100040,No,Yes,Test driver,Street,"precautionary takeover to address controls, other road user behaving poorly"
CRUISE LLC,AVT008,16-Jan-20,5G21A6P06L4100057,No,Yes,Test driver,Street,"precautionary takeover to address planning, AV attempted unsuccesful left turn"
CRUISE LLC,AVT008,22-Jan-20,5G21A6P03L4100016,No,Yes,Test driver,Street,"precautionary takeover to address prediction, other road user behaving poorly"
CRUISE LLC,AVT008,10-Feb-20,5G21A6P06L4100074,No,Yes,Test driver,Street,"precautionary takeover to address planning, other road user behaving poorly"
CRUISE LLC,AVT008,11-Feb-20,5G21A6P08L4100142,No,Yes,Test driver,Street,"precautionary takeover to address planning, other road user behaving poorly"
CRUISE LLC,AVT008,18-Feb-20,5G21A6P09L4100070,No,Yes,Test driver,Street,"precautionary takeover to address perception, other road user behaving poorly"
CRUISE LLC,AVT008,19-Feb-20,5G21A6P01L4100175,No,Yes,Test driver,Street,"precautionary takeover to address perception, other road user behaving poorly"
CRUISE LLC,AVT008,24-Feb-20,5G21A6P04L4100171,No,Yes,Test driver,Street,"precautionary takeover to address perception, other road user behaving poorly"
CRUISE LLC,AVT008,24-Feb-20,5G21A6P04L4100087,No,Yes,Test driver,Street,"precautionary takeover to address perception, other road user behaving poorly"
CRUISE LLC,AVT008,3-Feb-20,5G21A6P01L4100175,No,Yes,Test driver,Street,"precautionary takeover to address planning, third party lane obstruction"
CRUISE LLC,AVT008,4-Mar-20,5G21A6P02L4100119,No,Yes,Test driver,Street,"precautionary takeover to address planning, third party lane encroachment"
CRUISE LLC,AVT008,5-Mar-20,5G21A6P09L4100070,No,Yes,Test driver,Street,"precautionary takeover to address planning, third party lane encroachment"
CRUISE LLC,AVT008,10-Mar-20,5G21A6P02L4100010,No,Yes,Test driver,Street,"precautionary takeover to address perception, other road user behaving poorly"
CRUISE LLC,AVT008,14-May-20,5G21A6P06L4100057,No,Yes,Test driver,Street,"precautionary takeover to address controls, AV lane encroachment"
CRUISE LLC,AVT008,25-May-20,5G21A6P06L4100057,No,Yes,Test driver,Street,"precautionary takeover to address perception, other road user behaving poorly"
CRUISE LLC,AVT008,14-Jun-20,5G21A6P01L4100046,No,Yes,Test driver,Street,"precautionary takeover to address planning, other road user behaving poorly"
CRUISE LLC,AVT008,23-Jul-20,5G21A6P06L4100141,No,Yes,Test driver,Street,"precautionary takeover to address planning, third party lane encroachment"
CRUISE LLC,AVT008,31-Jul-20,5G21A6P01L4100029,No,Yes,Test driver,Street,"precautionary takeover to address controls, other road user behaving poorly"
CRUISE LLC,AVT008,5-Aug-20,5G21A6P00L4100085,No,Yes,Test driver,Street,"precautionary takeover to address planning, AV attempted unsuccesful lane change"
CRUISE LLC,AVT008,13-Aug-20,5G21A6P08L4100187,No,Yes,Test driver,Street,"precautionary takeover to address perception, other road user behaving poorly"
CRUISE LLC,AVT008,17-Aug-20,5G21A6P04L4100073,No,Yes,Test driver,Street,"precautionary takeover to address perception, AV lane encroachment"
DiDi Research America LLC,AVT055,12/3/2019,3LN6L5MU4JR608032,No,Yes,Test Driver,Street,Disengage for unwanted vehicle maneuver due to perception of a parked vehicles
DiDi Research America LLC,AVT055,1/10/2020,3LN6L5MU3JR619538,No,Yes,Test Driver,Street,Disengage for a late detection of a pedestrian riding a scooter.
EasyMile,AVT058,2020-07-13 / 17:04:07,VJRD1A10224000022,No,Yes,AV System - Emergency Stop,Street,"A collision hazard in the environment ahead was detected by the software, which triggered an Estop"
EasyMile,AVT058,2020-07-16 / 15:40:43,VJRD1A10224000022,No,Yes,AV System - Emergency Stop,Street,"A collision hazard in the environment ahead was detected by the software, which triggered an Estop"
EasyMile,AVT058,2020-07-13 / 17:08:43,VJRD1A10224000022,No,Yes,Test Driver - Soft Stop,Street,The Test Driver saw an inanimate obstacle ahead and preemtively triggered a soft stop
EasyMile,AVT058,2020-07-23 / 14:46:48,VJRD1A10224000022,No,Yes,Test Driver - Soft Stop,Street,The Test Driver chose to stop preemtively to let another vehicle clear from the AV's path
EasyMile,AVT058,2020-07-23 / 18:10:41,VJRD1A10224000022,No,Yes,Test Driver - Soft Stop,Street,The Test Driver saw an inanimate obstacle ahead and preemtively triggered a soft stop
EasyMile,AVT058,2020-07-23 / 18:24:05,VJRD1A10224000022,No,Yes,Test Driver - Soft Stop,Street,The Test Driver chose to stop preemtively to let a pedestrian clear from the AV's path
EasyMile,AVT058,2020-07-30 / 11:06:43,VJRD1A10224000022,No,Yes,Test Driver - Soft Stop,Street,The Test Driver saw an inanimate obstacle ahead and preemtively triggered a soft stop
EasyMile,AVT058,2020-07-30 / 11:22:36,VJRD1A10224000022,No,Yes,Test Driver - Soft Stop,Street,The Test Driver chose to stop preemtively to let another vehicle clear from the AV's path
EasyMile,AVT058,2020-08-04 / 15:18:38,VJRD1A10224000022,No,Yes,AV System - Emergency Stop,Street,The software detected an inanimate object in the AV's path and triggered an Estop
EasyMile,AVT058,2020-08-07 / 17:06:55,VJRD1A10224000022,No,Yes,AV System - Emergency Stop,Street,The software detected an inanimate object in the AV's path and triggered an Estop
EasyMile,AVT058,2020-08-10 / 13:22:12,VJRD1A10224000022,No,Yes,AV System - Emergency Stop,Street,The software detected an inanimate object in the AV's path and triggered an Estop
EasyMile,AVT058,2020-08-11 / 13:13:24,VJRD1A10224000022,No,Yes,AV System - Emergency Stop,Street,The software detected an inanimate object in the AV's path and triggered an Estop
EasyMile,AVT058,2020-08-17 / 12:59:05,VJRD1A10224000022,No,Yes,AV System - Emergency Stop,Street,The software detected an inanimate object in the AV's path and triggered an Estop
EasyMile,AVT058,2020-08-17 / 13:49:13,VJRD1A10224000022,No,Yes,AV System - Emergency Stop,Street,The software detected an inanimate object in the AV's path and triggered an Estop
EasyMile,AVT058,2020-08-28 / 13:44:30,VJRD1A10224000022,No,Yes,AV System - Emergency Stop,Street,The software detected an inanimate object in the AV's path and triggered an Estop
EasyMile,AVT058,2020-08-03 / 12:11:28,VJRD1A10224000022,No,Yes,Test Driver - Soft Stop,Street,The Test Driver chose to stop preemtively to let another vehicle clear from the AV's path
EasyMile,AVT058,2020-08-04 / 13:03:30,VJRD1A10224000022,No,Yes,Test Driver - Soft Stop,Street,The Test Driver saw an inanimate obstacle ahead and preemtively triggered a soft stop
EasyMile,AVT058,2020-08-04 / 15:00:13,VJRD1A10224000022,No,Yes,Test Driver - Soft Stop,Street,The Test Driver chose to stop preemtively to let a cyclist clear from the AV's path
EasyMile,AVT058,2020-08-04 / 15:18:38,VJRD1A10224000022,No,Yes,Test Driver - Soft Stop,Street,The Test Driver saw an inanimate obstacle ahead and preemtively triggered a soft stop
EasyMile,AVT058,2020-08-05 / 16:03:03,VJRD1A10224000022,No,Yes,Test Driver - Soft Stop,Street,The Test Driver saw an inanimate obstacle ahead and preemtively triggered a soft stop
EasyMile,AVT058,2020-08-06 / 16:14:13,VJRD1A10224000022,No,Yes,Test Driver - Soft Stop,Street,The Test Driver chose to stop preemtively to let a pedestrian clear from the AV's path
EasyMile,AVT058,2020-08-10 / 12:11:03,VJRD1A10224000022,No,Yes,Test Driver - Soft Stop,Street,The Test Driver chose to stop preemtively to let another vehicle clear from the AV's path
EasyMile,AVT058,2020-08-10 / 12:22:35,VJRD1A10224000022,No,Yes,Test Driver - Soft Stop,Street,The Test Driver chose to stop preemtively to let another vehicle clear from the AV's path
EasyMile,AVT058,2020-08-10 / 12:23:40,VJRD1A10224000022,No,Yes,Test Driver - Soft Stop,Street,The Test Driver chose to stop preemtively to let another vehicle clear from the AV's path
EasyMile,AVT058,2020-08-10 / 13:38:05,VJRD1A10224000022,No,Yes,Test Driver - Soft Stop,Street,The Test Driver saw an inanimate obstacle ahead and preemtively triggered a soft stop
EasyMile,AVT058,2020-08-11 / 14:25:13,VJRD1A10224000022,No,Yes,Test Driver - Soft Stop,Street,The Test Driver saw an inanimate obstacle ahead and preemtively triggered a soft stop
EasyMile,AVT058,2020-08-11 / 15:47:37,VJRD1A10224000022,No,Yes,Test Driver - Soft Stop,Street,The Test Driver chose to stop preemtively to let another vehicle clear from the AV's path
EasyMile,AVT058,2020-08-13 / 12:52:31,VJRD1A10224000022,No,Yes,Test Driver - Soft Stop,Street,The Test Driver chose to stop preemtively to let a pedestrian clear from the AV's path
EasyMile,AVT058,2020-08-14 / 13:34:24,VJRD1A10224000022,No,Yes,Test Driver - Soft Stop,Street,The Test Driver chose to stop preemtively to let another vehicle clear from the AV's path
EasyMile,AVT058,2020-09-01 / 14:27:05,VJRD1A10224000022,No,Yes,AV System - Emergency Stop,Street,"A collision hazard in the environment ahead was detected by the software, which triggered an Estop"
EasyMile,AVT058,2020-09-01 / 14:56:17,VJRD1A10224000022,No,Yes,AV System - Emergency Stop,Street,"A collision hazard in the environment ahead was detected by the software, which triggered an Estop"
EasyMile,AVT058,2020-09-02 / 14:20:07,VJRD1A10224000022,No,Yes,AV System - Emergency Stop,Street,"A collision hazard in the environment ahead was detected by the software, which triggered an Estop"
EasyMile,AVT058,2020-09-02 / 14:35:44,VJRD1A10224000022,No,Yes,AV System - Emergency Stop,Street,The software detected an inanimate object in the AV's path and triggered an Estop
EasyMile,AVT058,2020-09-03 / 12:32:42,VJRD1A10224000022,No,Yes,AV System - Emergency Stop,Street,The software detected an inanimate object in the AV's path and triggered an Estop
EasyMile,AVT058,2020-09-03 / 13:37:52,VJRD1A10224000022,No,Yes,AV System - Emergency Stop,Street,The software detected an inanimate object in the AV's path and triggered an Estop
EasyMile,AVT058,2020-09-03 / 14:42:21,VJRD1A10224000022,No,Yes,AV System - Emergency Stop,Street,"A collision hazard in the environment ahead was detected by the software, which triggered an Estop"
EasyMile,AVT058,2020-09-03 / 14:45:17,VJRD1A10224000022,No,Yes,AV System - Emergency Stop,Street,"A collision hazard in the environment ahead was detected by the software, which triggered an Estop"
EasyMile,AVT058,2020-09-08 / 12:57:16,VJRD1A10224000022,No,Yes,AV System - Emergency Stop,Street,The software detected another vehicle in the AV's path and triggered an Estop
EasyMile,AVT058,2020-09-10 / 14:18:55,VJRD1A10224000022,No,Yes,AV System - Emergency Stop,Street,The software detected an inanimate object in the AV's path and triggered an Estop
EasyMile,AVT058,2020-09-22 / 12:01:50,VJRD1A10224000022,No,Yes,AV System - Emergency Stop,Street,"A collision hazard in the environment ahead was detected by the software, which triggered an Estop"
EasyMile,AVT058,2020-09-22 / 12:12:58,VJRD1A10224000022,No,Yes,AV System - Emergency Stop,Street,The software detected an inanimate object in the AV's path and triggered an Estop
EasyMile,AVT058,2020-09-22 / 14:32:04,VJRD1A10224000022,No,Yes,AV System - Emergency Stop,Street,The software detected a pedestrian in the AV's path and triggered an Estop
EasyMile,AVT058,2020-09-23 / 12:18:03,VJRD1A10224000022,No,Yes,AV System - Emergency Stop,Street,"A collision hazard in the environment ahead was detected by the software, which triggered an Estop"
EasyMile,AVT058,2020-09-24 / 15:06:05,VJRD1A10224000022,No,Yes,AV System - Emergency Stop,Street,The software detected an inanimate object in the AV's path and triggered an Estop
EasyMile,AVT058,2020-09-26 / 14:56:20,VJRD1A10224000022,No,Yes,AV System - Emergency Stop,Street,The software detected an inanimate object in the AV's path and triggered an Estop
EasyMile,AVT058,2020-09-28 / 10:56:10,VJRD1A10224000022,No,Yes,AV System - Emergency Stop,Street,The software detected an inanimate object in the AV's path and triggered an Estop
EasyMile,AVT058,2020-09-29 / 11:07:58,VJRD1A10224000022,No,Yes,AV System - Emergency Stop,Street,The software detected an inanimate object in the AV's path and triggered an Estop
EasyMile,AVT058,2020-09-29 / 11:07:59,VJRD1A10224000022,No,Yes,AV System - Emergency Stop,Street,The software detected an inanimate object in the AV's path and triggered an Estop
EasyMile,AVT058,2020-09-29 / 13:22:06,VJRD1A10224000022,No,Yes,AV System - Emergency Stop,Street,"A collision hazard in the environment ahead was detected by the software, which triggered an Estop"
EasyMile,AVT058,2020-09-08 / 12:38:58,VJRD1A10224000022,No,Yes,Test Driver - Soft Stop,Street,The Test Driver chose to stop preemtively to let another vehicle clear from the AV's path
EasyMile,AVT058,2020-09-09 / 14:09:38,VJRD1A10224000022,No,Yes,Test Driver - Soft Stop,Street,The Test Driver chose to stop preemtively to let another vehicle clear from the AV's path
EasyMile,AVT058,2020-09-09 / 14:17:12,VJRD1A10224000022,No,Yes,Test Driver - Soft Stop,Street,The Test Driver chose to stop preemtively to let another vehicle clear from the AV's path
EasyMile,AVT058,2020-09-10 / 15:03:54,VJRD1A10224000022,No,Yes,Test Driver - Soft Stop,Street,The Test Driver chose to stop preemtively to let another vehicle clear from the AV's path
EasyMile,AVT058,2020-09-15 / 14:44:28,VJRD1A10224000022,No,Yes,Test Driver - Soft Stop,Street,The Test Driver saw an inanimate obstacle ahead and preemtively triggered a soft stop
EasyMile,AVT058,2020-09-16 / 14:55:47,VJRD1A10224000022,No,Yes,Test Driver - Soft Stop,Street,The Test Driver chose to stop preemtively to let another vehicle clear from the AV's path
EasyMile,AVT058,2020-09-22 / 12:18:09,VJRD1A10224000022,No,Yes,Test Driver - Soft Stop,Street,The Test Driver saw an inanimate obstacle ahead and preemtively triggered a soft stop
EasyMile,AVT058,2020-09-22 / 13:44:47,VJRD1A10224000022,No,Yes,Test Driver - Soft Stop,Street,The Test Driver chose to stop preemtively to let another vehicle clear from the AV's path
EasyMile,AVT058,2020-09-22 / 14:33:58,VJRD1A10224000022,No,Yes,Test Driver - Soft Stop,Street,The Test Driver chose to stop preemtively to let another vehicle clear from the AV's path
EasyMile,AVT058,2020-09-22 / 15:07:44,VJRD1A10224000022,No,Yes,Test Driver - Soft Stop,Street,The Test Driver saw an inanimate obstacle ahead and preemtively triggered a soft stop
EasyMile,AVT058,2020-09-23 / 12:22:06,VJRD1A10224000022,No,Yes,Test Driver - Soft Stop,Street,The Test Driver saw an inanimate obstacle ahead and preemtively triggered a soft stop
EasyMile,AVT058,2020-09-24 / 13:35:34,VJRD1A10224000022,No,Yes,Test Driver - Soft Stop,Street,The Test Driver chose to stop preemtively to let a pedestrian clear from the AV's path
EasyMile,AVT058,2020-09-24 / 15:10:55,VJRD1A10224000022,No,Yes,Test Driver - Soft Stop,Street,The Test Driver saw an inanimate obstacle ahead and preemtively triggered a soft stop
EasyMile,AVT058,2020-09-25 / 15:06:21,VJRD1A10224000022,No,Yes,Test Driver - Soft Stop,Street,The Test Driver saw an inanimate obstacle ahead and preemtively triggered a soft stop
EasyMile,AVT058,2020-09-26 / 15:00:17,VJRD1A10224000022,No,Yes,Test Driver - Soft Stop,Street,The Test Driver saw an inanimate obstacle ahead and preemtively triggered a soft stop
EasyMile,AVT058,2020-09-27 / 15:59:24,VJRD1A10224000022,No,Yes,Test Driver - Soft Stop,Street,The Test Driver saw an inanimate obstacle ahead and preemtively triggered a soft stop
EasyMile,AVT058,2020-09-27 / 16:45:01,VJRD1A10224000022,No,Yes,Test Driver - Soft Stop,Street,The Test Driver saw an inanimate obstacle ahead and preemtively triggered a soft stop
EasyMile,AVT058,2020-09-27 / 16:58:32,VJRD1A10224000022,No,Yes,Test Driver - Soft Stop,Street,The Test Driver saw an inanimate obstacle ahead and preemtively triggered a soft stop
EasyMile,AVT058,2020-09-27 / 17:01:46,VJRD1A10224000022,No,Yes,Test Driver - Soft Stop,Street,The Test Driver saw an inanimate obstacle ahead and preemtively triggered a soft stop
EasyMile,AVT058,2020-09-27 / 17:21:40,VJRD1A10224000022,No,Yes,Test Driver - Soft Stop,Street,The Test Driver saw an inanimate obstacle ahead and preemtively triggered a soft stop
EasyMile,AVT058,2020-09-27 / 17:32:35,VJRD1A10224000022,No,Yes,Test Driver - Soft Stop,Street,The Test Driver saw an inanimate obstacle ahead and preemtively triggered a soft stop
EasyMile,AVT058,2020-09-28 / 10:40:17,VJRD1A10224000022,No,Yes,Test Driver - Soft Stop,Street,The Test Driver saw an inanimate obstacle ahead and preemtively triggered a soft stop
EasyMile,AVT058,2020-09-28 / 10:48:43,VJRD1A10224000022,No,Yes,Test Driver - Soft Stop,Street,The Test Driver saw an inanimate obstacle ahead and preemtively triggered a soft stop
EasyMile,AVT058,2020-09-28 / 15:36:07,VJRD1A10224000022,No,Yes,Test Driver - Soft Stop,Street,The Test Driver saw an inanimate obstacle ahead and preemtively triggered a soft stop
EasyMile,AVT058,2020-09-29 / 11:32:47,VJRD1A10224000022,No,Yes,Test Driver - Soft Stop,Street,The Test Driver saw an inanimate obstacle ahead and preemtively triggered a soft stop
EasyMile,AVT058,2020-09-29 / 12:28:34,VJRD1A10224000022,No,Yes,Test Driver - Soft Stop,Street,The Test Driver saw an inanimate obstacle ahead and preemtively triggered a soft stop
EasyMile,AVT058,2020-09-30 / 12:23:21,VJRD1A10224000022,No,Yes,Test Driver - Soft Stop,Street,The Test Driver chose to stop preemtively to let another vehicle clear from the AV's path
EasyMile,AVT058,2020-09-30 / 12:56:41,VJRD1A10224000022,No,Yes,Test Driver - Soft Stop,Street,The Test Driver saw an inanimate obstacle ahead and preemtively triggered a soft stop
EasyMile,AVT058,2020-09-30 / 14:31:46,VJRD1A10224000022,No,Yes,Test Driver - Soft Stop,Street,The Test Driver saw an inanimate obstacle ahead and preemtively triggered a soft stop
EasyMile,AVT058,2020-10-02 / 14:28:16,VJRD1A10224000022,No,Yes,AV System - Emergency Stop,Street,The software detected another vehicle in the AV's path and triggered an Estop
EasyMile,AVT058,2020-10-14 / 13:46:13,VJRD1A10224000022,No,Yes,AV System - Emergency Stop,Street,"A collision hazard in the environment ahead was detected by the software, which triggered an Estop"
EasyMile,AVT058,2020-10-16 / 14:48:45,VJRD1A10224000022,No,Yes,AV System - Emergency Stop,Street,The software detected an inanimate object in the AV's path and triggered an Estop
EasyMile,AVT058,2020-10-22 / 11:12:17,VJRD1A10224000022,No,Yes,AV System - Emergency Stop,Street,The software detected a pedestrian in the AV's path and triggered an Estop
EasyMile,AVT058,2020-10-22 / 11:36:40,VJRD1A10224000022,No,Yes,AV System - Emergency Stop,Street,"A collision hazard in the environment ahead was detected by the software, which triggered an Estop"
EasyMile,AVT058,2020-10-01 / 12:17:53,VJRD1A10224000022,No,Yes,Test Driver - Soft Stop,Street,The Test Driver chose to stop preemtively to let another vehicle clear from the AV's path
EasyMile,AVT058,2020-10-01 / 12:22:19,VJRD1A10224000022,No,Yes,Test Driver - Soft Stop,Street,The Test Driver chose to stop preemtively to let a pedestrian clear from the AV's path
EasyMile,AVT058,2020-10-01 / 12:50:56,VJRD1A10224000022,No,Yes,Test Driver - Soft Stop,Street,The Test Driver saw an inanimate obstacle ahead and preemtively triggered a soft stop
EasyMile,AVT058,2020-10-01 / 13:18:04,VJRD1A10224000022,No,Yes,Test Driver - Soft Stop,Street,The Test Driver chose to stop preemtively to let another vehicle clear from the AV's path
EasyMile,AVT058,2020-10-01 / 14:02:00,VJRD1A10224000022,No,Yes,Test Driver - Soft Stop,Street,The Test Driver chose to stop preemtively to let another vehicle clear from the AV's path
EasyMile,AVT058,2020-10-01 / 14:47:17,VJRD1A10224000022,No,Yes,Test Driver - Soft Stop,Street,The Test Driver saw an inanimate obstacle ahead and preemtively triggered a soft stop
EasyMile,AVT058,2020-10-02 / 12:07:43,VJRD1A10224000022,No,Yes,Test Driver - Soft Stop,Street,The Test Driver chose to stop preemtively to let another vehicle clear from the AV's path
EasyMile,AVT058,2020-10-02 / 12:43:52,VJRD1A10224000022,No,Yes,Test Driver - Soft Stop,Street,The Test Driver saw an inanimate obstacle ahead and preemtively triggered a soft stop
EasyMile,AVT058,2020-10-05 / 12:24:42,VJRD1A10224000022,No,Yes,Test Driver - Soft Stop,Street,The Test Driver chose to stop preemtively to let another vehicle clear from the AV's path
EasyMile,AVT058,2020-10-05 / 12:30:09,VJRD1A10224000022,No,Yes,Test Driver - Soft Stop,Street,The Test Driver saw an inanimate obstacle ahead and preemtively triggered a soft stop
EasyMile,AVT058,2020-10-12 / 11:36:31,VJRD1A10224000022,No,Yes,Test Driver - Soft Stop,Street,The Test Driver chose to stop preemtively to let another vehicle clear from the AV's path
EasyMile,AVT058,2020-10-12 / 11:49:09,VJRD1A10224000022,No,Yes,Test Driver - Soft Stop,Street,The Test Driver chose to stop preemtively to let another vehicle clear from the AV's path
EasyMile,AVT058,2020-10-12 / 11:57:31,VJRD1A10224000022,No,Yes,Test Driver - Soft Stop,Street,The Test Driver chose to stop preemtively to let a pedestrian clear from the AV's path
EasyMile,AVT058,2020-10-12 / 12:04:09,VJRD1A10224000022,No,Yes,Test Driver - Soft Stop,Street,The Test Driver saw an inanimate obstacle ahead and preemtively triggered a soft stop
EasyMile,AVT058,2020-10-12 / 13:13:22,VJRD1A10224000022,No,Yes,Test Driver - Soft Stop,Street,The Test Driver saw an inanimate obstacle ahead and preemtively triggered a soft stop
EasyMile,AVT058,2020-10-12 / 14:53:59,VJRD1A10224000022,No,Yes,Test Driver - Soft Stop,Street,The Test Driver saw an inanimate obstacle ahead and preemtively triggered a soft stop
EasyMile,AVT058,2020-10-13 / 12:24:37,VJRD1A10224000022,No,Yes,Test Driver - Soft Stop,Street,The Test Driver saw an inanimate obstacle ahead and preemtively triggered a soft stop
EasyMile,AVT058,2020-10-13 / 14:44:38,VJRD1A10224000022,No,Yes,Test Driver - Soft Stop,Street,The Test Driver saw an inanimate obstacle ahead and preemtively triggered a soft stop
EasyMile,AVT058,2020-10-14 / 14:31:36,VJRD1A10224000022,No,Yes,Test Driver - Soft Stop,Street,The Test Driver chose to stop preemtively to let another vehicle clear from the AV's path
EasyMile,AVT058,2020-10-15 / 15:06:27,VJRD1A10224000022,No,Yes,Test Driver - Soft Stop,Street,The Test Driver saw an inanimate obstacle ahead and preemtively triggered a soft stop
EasyMile,AVT058,2020-10-16 / 14:42:23,VJRD1A10224000022,No,Yes,Test Driver - Soft Stop,Street,The Test Driver chose to stop preemtively to let another vehicle clear from the AV's path
EasyMile,AVT058,2020-10-16 / 14:56:35,VJRD1A10224000022,No,Yes,Test Driver - Soft Stop,Street,The Test Driver chose to stop preemtively to let another vehicle clear from the AV's path
EasyMile,AVT058,2020-10-16 / 15:02:44,VJRD1A10224000022,No,Yes,Test Driver - Soft Stop,Street,The Test Driver saw an inanimate obstacle ahead and preemtively triggered a soft stop
EasyMile,AVT058,2020-10-19 / 14:47:30,VJRD1A10224000022,No,Yes,Test Driver - Soft Stop,Street,The Test Driver saw an inanimate obstacle ahead and preemtively triggered a soft stop
EasyMile,AVT058,2020-10-20 / 14:47:20,VJRD1A10224000022,No,Yes,Test Driver - Soft Stop,Street,The Test Driver saw an inanimate obstacle ahead and preemtively triggered a soft stop
EasyMile,AVT058,2020-10-22 / 11:35:50,VJRD1A10224000022,No,Yes,Test Driver - Soft Stop,Street,The Test Driver chose to stop preemtively to let another vehicle clear from the AV's path
EasyMile,AVT058,2020-10-22 / 11:43:10,VJRD1A10224000022,No,Yes,Test Driver - Soft Stop,Street,The Test Driver chose to stop preemtively to let another vehicle clear from the AV's path
EasyMile,AVT058,2020-10-22 / 11:55:11,VJRD1A10224000022,No,Yes,Test Driver - Soft Stop,Street,The Test Driver chose to stop preemtively to let a pedestrian clear from the AV's path
EasyMile,AVT058,2020-10-22 / 11:58:16,VJRD1A10224000022,No,Yes,Test Driver - Soft Stop,Street,The Test Driver saw an inanimate obstacle ahead and preemtively triggered a soft stop
EasyMile,AVT058,2020-10-22 / 13:06:29,VJRD1A10224000022,No,Yes,Test Driver - Soft Stop,Street,The Test Driver chose to stop preemtively to let another vehicle clear from the AV's path
EasyMile,AVT058,2020-10-22 / 13:47:36,VJRD1A10224000022,No,Yes,Test Driver - Soft Stop,Street,The Test Driver saw an inanimate obstacle ahead and preemtively triggered a soft stop
EasyMile,AVT058,2020-10-23 / 12:37:40,VJRD1A10224000022,No,Yes,Test Driver - Soft Stop,Street,The Test Driver chose to stop preemtively to let another vehicle clear from the AV's path
EasyMile,AVT058,2020-11-06 / 14:12:24,VJRD1A10224000022,No,Yes,AV System - Emergency Stop,Street,"A collision hazard in the environment ahead was detected by the software, which triggered an Estop"
EasyMile,AVT058,2020-11-06 / 14:14:43,VJRD1A10224000022,No,Yes,AV System - Emergency Stop,Street,"A collision hazard in the environment ahead was detected by the software, which triggered an Estop"
EasyMile,AVT058,2020-11-17 / 10:16:39,VJRD1A10224000022,No,Yes,AV System - Emergency Stop,Street,"A collision hazard in the environment ahead was detected by the software, which triggered an Estop"
EasyMile,AVT058,2020-11-19 / 10:56:40,VJRD1A10224000022,No,Yes,AV System - Emergency Stop,Street,"A collision hazard in the environment ahead was detected by the software, which triggered an Estop"
EasyMile,AVT058,2020-11-19 / 12:16:47,VJRD1A10224000022,No,Yes,AV System - Emergency Stop,Street,"A collision hazard in the environment ahead was detected by the software, which triggered an Estop"
EasyMile,AVT058,2020-11-23 / 11:04:20,VJRD1A10224000022,No,Yes,AV System - Emergency Stop,Street,"A collision hazard in the environment ahead was detected by the software, which triggered an Estop"
EasyMile,AVT058,2020-11-24 / 13:00:49,VJRD1A10224000022,No,Yes,AV System - Emergency Stop,Street,The weather caused a lidar impact that the software interpereted as an obstacle and caused an Estop
EasyMile,AVT058,2020-11-24 / 13:02:21,VJRD1A10224000022,No,Yes,AV System - Emergency Stop,Street,"A collision hazard in the environment ahead was detected by the software, which triggered an Estop"
EasyMile,AVT058,2020-11-30 / 10:00:40,VJRD1A10224000022,No,Yes,AV System - Emergency Stop,Street,"A collision hazard in the environment ahead was detected by the software, which triggered an Estop"
EasyMile,AVT058,2020-11-03 / 15:00:54,VJRD1A10224000022,No,Yes,Test Driver - Soft Stop,Street,The Test Driver saw an inanimate obstacle ahead and preemtively triggered a soft stop
EasyMile,AVT058,2020-11-12 / 12:45:46,VJRD1A10224000022,No,Yes,Test Driver - Soft Stop,Street,The Test Driver chose to stop preemtively to let another vehicle clear from the AV's path
EasyMile,AVT058,2020-11-23 / 13:11:25,VJRD1A10224000022,No,Yes,Test Driver - Soft Stop,Street,The Test Driver saw an inanimate obstacle ahead and preemtively triggered a soft stop
EasyMile,AVT058,2020-11-24 / 11:09:15,VJRD1A10224000022,No,Yes,Test Driver - Soft Stop,Street,The Test Driver chose to stop preemtively to let a pedestrian clear from the AV's path
Gatik AI Inc.,AVT054,12/3/2019,NM0GS9F26K1412410,No,Yes,Test Driver,Street,Perception discrepancy; On city road in moderate traffic in light rain during dusk
Gatik AI Inc.,AVT054,12/20/2019,NM0GS9F26K1412410,No,Yes,Test Driver,Street,Motion/Behaviour planning discrepancy; On city road in heavy traffic with cloudy sky during day
Gatik AI Inc.,AVT054,1/7/2020,NM0GS9F26K1412410,No,Yes,AV System,Street,Perception discrepancy; On city road in heavy traffic with cloudy sky during night
Gatik AI Inc.,AVT054,1/13/2020,NM0GS9F26K1412410,No,Yes,AV System,Street,Hardware discrepancy or system fault; On city road in moderate traffic with clear sky during night
Gatik AI Inc.,AVT054,2/17/2020,NM0GS9F26K1412410,No,Yes,AV System,Street,Motion/Behaviour planning discrepancy; On city road in heavy traffic with cloudy sky during dusk
Gatik AI Inc.,AVT054,2/17/2020,NM0GS9F26K1412410,No,Yes,Test Driver,Street,Perception discrepancy; On city road in moderate traffic with cloudy sky during night
Gatik AI Inc.,AVT054,3/4/2020,NM0GS9F26K1412410,No,Yes,AV System,Street,Perception discrepancy; On city road in moderate traffic with clear sky during dusk
Gatik AI Inc.,AVT054,7/21/2020,NM0GS9F26K1412410,No,Yes,Test Driver,Street,Reckless Agent/Road User; Prediction discrepancy; On city road in heavy traffic with cloudy sky during dusk
Gatik AI Inc.,AVT054,9/9/2020,NM0GS9F26K1412410,No,Yes,AV System,Street,Motion/Behaviour planning discrepancy; On city road in heavy traffic with clear sky during day
Gatik AI Inc.,AVT054,10/29/2020,NM0GS9F26K1412410,No,Yes,Test Driver,Street,Motion/Behaviour planning discrepancy; On city road in moderate traffic with clear sky during night
Gatik AI Inc.,AVT054,11/2/2020,NM0GS9F26K1412410,No,Yes,Test Driver,Street,Motion/Behaviour planning discrepancy; On city road in moderate traffic with cloudy sky during dusk
Lyft,AVT045,12/9/2019,3FA6P0RU3HR399516,NO,YES,Test Driver,Street,Disengage for a perception discrepancy for which a component of the vehicle’s perception system failed to detect an object correctly
Lyft,AVT045,12/10/2019,3FA6P0RU0HR408592,NO,YES,Test Driver,Street,Disengage for unwanted maneuver of the vehicle caused by a planning discrepancy while generating an appropriate trajectory
Lyft,AVT045,12/11/2019,3FA6P0RU7JR157950,NO,YES,Test Driver,Street,Disengage for unwanted maneuver of the vehicle caused by a planning discrepancy while generating an appropriate trajectory
Lyft,AVT045,12/12/2019,3FA6P0RU0HR408592,NO,YES,Test Driver,Street,Disengage for unwanted maneuver of the vehicle caused by a planning discrepancy while generating an appropriate trajectory
Lyft,AVT045,12/12/2019,3FA6P0RUXKR136012,NO,YES,Test Driver,Street,Disengage for unwanted maneuver of the vehicle caused by a planning discrepancy while generating an appropriate trajectory
Lyft,AVT045,12/13/2019,3FA6P0RU2JR203832,NO,YES,Test Driver,Street,Disengage for unwanted maneuver of the vehicle caused by a planning discrepancy while generating an appropriate trajectory
Lyft,AVT045,12/13/2019,3FA6P0RU3HR399516,NO,YES,Test Driver,Street,Disengage for a perception discrepancy for which a component of the vehicle’s perception system failed to detect an object correctly
Lyft,AVT045,12/16/2019,3FA6P0RU0HR408592,NO,YES,Test Driver,Street,Disengage for unwanted maneuver of the vehicle caused by map discrepancy
Lyft,AVT045,12/16/2019,3FA6P0RU2JR158004,NO,YES,Test Driver,Street,Disengage for unwanted maneuver of the vehicle caused by map discrepancy
Lyft,AVT045,12/16/2019,3FA6P0RU2JR203832,NO,YES,Test Driver,Street,Disengage for unwanted maneuver of the vehicle caused by map discrepancy
Lyft,AVT045,12/16/2019,3FA6P0RU0JR149057,NO,YES,Test Driver,Street,Disengage for unwanted maneuver of the vehicle caused by a planning discrepancy while generating an appropriate trajectory
Lyft,AVT045,12/17/2019,3FA6P0RU0JR149057,NO,YES,Test Driver,Street,Disengage for unwanted maneuver of the vehicle caused by a planning discrepancy while generating an appropriate trajectory
Lyft,AVT045,12/17/2019,3FA6P0RU2JR203832,NO,YES,Test Driver,Street,Disengage for unwanted maneuver of the vehicle caused by a planning discrepancy while generating an appropriate trajectory
Lyft,AVT045,12/18/2019,3FA6P0RU3HR399516,NO,YES,Test Driver,Street,Disengage for unwanted maneuver of the vehicle caused by map discrepancy
Lyft,AVT045,12/19/2019,3FA6P0RU2JR203832,NO,YES,Test Driver,Street,Disengage for unwanted maneuver of the vehicle caused by a control discrepancy in delivering the planned trajectory to the vehicle’s controls system
Lyft,AVT045,12/19/2019,3FA6P0RU2JR203832,NO,YES,Test Driver,Street,Disengage for unwanted maneuver of the vehicle caused by a control discrepancy in delivering the planned trajectory to the vehicle’s controls system
Lyft,AVT045,12/19/2019,3FA6P0RU2JR203832,NO,YES,Test Driver,Street,Disengage for unwanted maneuver of the vehicle caused by a control discrepancy in delivering the planned trajectory to the vehicle’s controls system
Lyft,AVT045,12/19/2019,3FA6P0RU3KR135669,NO,YES,Test Driver,Street,Disengage for unwanted maneuver of the vehicle caused by a control discrepancy in delivering the planned trajectory to the vehicle’s controls system
Lyft,AVT045,12/19/2019,3FA6P0RU2JR144443,NO,YES,Test Driver,Street,Disengage for unwanted maneuver of the vehicle caused by a control discrepancy in delivering the planned trajectory to the vehicle’s controls system
Lyft,AVT045,12/19/2019,3FA6P0RU2JR203832,NO,YES,Test Driver,Street,Disengage for unwanted maneuver of the vehicle caused by a control discrepancy in delivering the planned trajectory to the vehicle’s controls system
Lyft,AVT045,12/19/2019,3FA6P0RU3JR214046,NO,YES,Test Driver,Street,Disengage for unwanted maneuver of the vehicle caused by a planning discrepancy while generating an appropriate trajectory
Lyft,AVT045,12/23/2019,3FA6P0RU7JR157950,NO,YES,Test Driver,Street,Disengage for a perception discrepancy for which a component of the vehicle’s perception system failed to detect an object correctly
Lyft,AVT045,1/3/2020,3FA6P0RU0JR149687,NO,YES,Test Driver,Street,Disengage for unwanted maneuver of the vehicle caused by map discrepancy
Lyft,AVT045,1/6/2020,3FA6P0RU2JR158004,NO,YES,Test Driver,Street,Disengage for a perception discrepancy for which a component of the vehicle’s perception system failed to detect an object correctly
Lyft,AVT045,1/6/2020,3FA6P0RU5JR274913,NO,YES,Test Driver,Street,Disengage for unwanted maneuver of the vehicle caused by a planning discrepancy while generating an appropriate trajectory
Lyft,AVT045,1/7/2020,3FA6P0RU0HR408592,NO,YES,Test Driver,Street,Disengage for unwanted maneuver of the vehicle caused by map discrepancy
Lyft,AVT045,1/7/2020,3FA6P0RU3HR399516,NO,YES,Test Driver,Street,Disengage for unwanted maneuver of the vehicle caused by a planning discrepancy while generating an appropriate trajectory
Lyft,AVT045,1/8/2020,3FA6P0RU0HR408592,NO,YES,Test Driver,Street,Disengage for unwanted maneuver of the vehicle caused by map discrepancy
Lyft,AVT045,1/9/2020,3FA6P0RU2JR203832,NO,YES,Test Driver,Street,Disengage for unwanted maneuver of the vehicle caused by map discrepancy
Lyft,AVT045,1/9/2020,3FA6P0RU2JR158004,NO,YES,Test Driver,Street,Disengage for unwanted maneuver of the vehicle caused by map discrepancy
Lyft,AVT045,1/9/2020,3FA6P0RU1HR350928,NO,YES,Test Driver,Street,Disengage for unwanted maneuver of the vehicle caused by map discrepancy
Lyft,AVT045,1/10/2020,3FA6P0RU0HR408592,NO,YES,Test Driver,Street,Disengage for unwanted maneuver of the vehicle caused by map discrepancy
Lyft,AVT045,1/13/2020,3FA6P0RU2KR104428,NO,YES,Test Driver,Street,Disengage for unwanted maneuver of the vehicle caused by map discrepancy
Lyft,AVT045,1/13/2020,3FA6P0RU1HR350928,NO,YES,Test Driver,Street,Disengage for unwanted maneuver of the vehicle caused by a planning discrepancy while generating an appropriate trajectory
Lyft,AVT045,1/14/2020,3FA6P0RU1HR350928,NO,YES,Test Driver,Street,Disengage for unwanted maneuver of the vehicle caused by map discrepancy
Lyft,AVT045,1/14/2020,3FA6P0RU3KR135669,NO,YES,Test Driver,Street,Disengage for unwanted maneuver of the vehicle caused by map discrepancy
Lyft,AVT045,1/14/2020,3FA6P0RU7JR157950,NO,YES,Test Driver,Street,Disengage for unwanted maneuver of the vehicle caused by map discrepancy
Lyft,AVT045,1/14/2020,3FA6P0RU3KR135669,NO,YES,Test Driver,Street,Disengage for unwanted maneuver of the vehicle caused by map discrepancy
Lyft,AVT045,1/15/2020,3FA6P0RU3JR214046,NO,YES,Test Driver,Street,Disengage for unwanted maneuver of the vehicle caused by map discrepancy
Lyft,AVT045,1/15/2020,3FA6P0RU0HR408592,NO,YES,Test Driver,Street,Disengage for unwanted maneuver of the vehicle caused by map discrepancy
Lyft,AVT045,1/15/2020,3FA6P0RU3HR399516,NO,YES,Test Driver,Street,Disengage for unwanted maneuver of the vehicle caused by map discrepancy
Lyft,AVT045,1/15/2020,3FA6P0RU2JR120045,NO,YES,Test Driver,Street,Disengage for unwanted maneuver of the vehicle caused by map discrepancy
Lyft,AVT045,1/15/2020,3FA6P0RU2JR203832,NO,YES,Test Driver,Street,Disengage for unwanted maneuver of the vehicle caused by a planning discrepancy while generating an appropriate trajectory
Lyft,AVT045,1/17/2020,3FA6P0RU3HR399516,NO,YES,Test Driver,Street,Disengage for unwanted maneuver of the vehicle caused by a planning discrepancy while generating an appropriate trajectory
Lyft,AVT045,1/17/2020,3FA6P0RU0HR408592,NO,YES,Test Driver,Street,Disengage for a software fault due to a potential performance issue with a software component of the self-driving system (including third party software components)
Lyft,AVT045,1/21/2020,3FA6P0RU2JR144443,NO,YES,Test Driver,Street,Disengage for unwanted maneuver of the vehicle caused by a planning discrepancy while generating an appropriate trajectory
Lyft,AVT045,1/21/2020,3FA6P0RU0HR408592,NO,YES,Test Driver,Street,Disengage for unwanted maneuver of the vehicle caused by a planning discrepancy while generating an appropriate trajectory
Lyft,AVT045,1/21/2020,3FA6P0RU0HR408592,NO,YES,Test Driver,Street,Disengage for unwanted maneuver of the vehicle caused by a planning discrepancy while generating an appropriate trajectory
Lyft,AVT045,1/22/2020,3FA6P0RU1KR135962,NO,YES,Test Driver,Street,Disengage for unwanted maneuver of the vehicle caused by a planning discrepancy while generating an appropriate trajectory
Lyft,AVT045,1/23/2020,3FA6P0RU1HR350928,NO,YES,Test Driver,Street,Disengage for unwanted maneuver of the vehicle caused by a planning discrepancy while generating an appropriate trajectory
Lyft,AVT045,1/23/2020,3FA6P0RU3KR135669,NO,YES,Test Driver,Street,Disengage for unwanted maneuver of the vehicle caused by a planning discrepancy while generating an appropriate trajectory
Lyft,AVT045,1/24/2020,3FA6P0RU0JR149687,NO,YES,Test Driver,Street,Disengage for unwanted maneuver of the vehicle caused by a planning discrepancy while generating an appropriate trajectory
Lyft,AVT045,1/24/2020,3FA6P0RU3KR135669,NO,YES,Test Driver,Street,Disengage for unwanted maneuver of the vehicle caused by a planning discrepancy while generating an appropriate trajectory
Lyft,AVT045,1/24/2020,3FA6P0RU3JR214046,NO,YES,Test Driver,Street,Disengage for a perception discrepancy for which a component of the vehicle’s perception system failed to detect an object correctly
Lyft,AVT045,1/24/2020,3FA6P0RU1KR135721,NO,YES,Test Driver,Street,Disengage for unwanted maneuver of the vehicle caused by a planning discrepancy while generating an appropriate trajectory
Lyft,AVT045,1/24/2020,3FA6P0RU1KR135962,NO,YES,Test Driver,Street,Disengage for unwanted maneuver of the vehicle caused by a planning discrepancy while generating an appropriate trajectory
Lyft,AVT045,1/24/2020,3FA6P0RU1KR135962,NO,YES,Test Driver,Street,Disengage for unwanted maneuver of the vehicle caused by a planning discrepancy while generating an appropriate trajectory
Lyft,AVT045,1/24/2020,3FA6P0RU2JR203832,NO,YES,Test Driver,Street,Disengage for unwanted maneuver of the vehicle caused by a planning discrepancy while generating an appropriate trajectory
Lyft,AVT045,1/27/2020,3FA6P0RU0JR149687,NO,YES,Test Driver,Street,Disengage for unwanted maneuver of the vehicle caused by a planning discrepancy while generating an appropriate trajectory
Lyft,AVT045,1/27/2020,3FA6P0RU1HR350928,NO,YES,Test Driver,Street,Disengage for unwanted maneuver of the vehicle caused by a planning discrepancy while generating an appropriate trajectory
Lyft,AVT045,1/27/2020,3FA6P0RU0JR149687,NO,YES,Test Driver,Street,Disengage for unwanted maneuver of the vehicle caused by a planning discrepancy while generating an appropriate trajectory
Lyft,AVT045,1/27/2020,3FA6P0RU7JR157950,NO,YES,Test Driver,Street,Disengage for a perception discrepancy for which a component of the vehicle’s perception system failed to detect an object correctly
Lyft,AVT045,1/27/2020,3FA6P0RU2KR104428,NO,YES,Test Driver,Street,Disengage for unwanted maneuver of the vehicle caused by a planning discrepancy while generating an appropriate trajectory
Lyft,AVT045,1/27/2020,3FA6P0RU2JR203832,NO,YES,Test Driver,Street,Disengage for unwanted maneuver of the vehicle caused by a planning discrepancy while generating an appropriate trajectory
Lyft,AVT045,1/28/2020,3FA6P0RU3JR214046,NO,YES,Test Driver,Street,Disengage for unwanted maneuver of the vehicle caused by a planning discrepancy while generating an appropriate trajectory
Lyft,AVT045,1/31/2020,3FA6P0RU2JR158004,NO,YES,Test Driver,Street,Disengage for unwanted maneuver of the vehicle caused by a planning discrepancy while generating an appropriate trajectory
Lyft,AVT045,1/31/2020,3FA6P0RU2JR158004,NO,YES,Test Driver,Street,Disengage for unwanted maneuver of the vehicle caused by map discrepancy
Lyft,AVT045,2/3/2020,3FA6P0RU5JR274913,NO,YES,Test Driver,Street,Disengage for unwanted maneuver of the vehicle caused by a planning discrepancy while generating an appropriate trajectory
Lyft,AVT045,2/3/2020,3FA6P0RU2JR158004,NO,YES,Test Driver,Street,Disengage for unwanted maneuver of the vehicle caused by a planning discrepancy while generating an appropriate trajectory
Lyft,AVT045,2/7/2020,3FA6P0RU2JR158004,NO,YES,Test Driver,Street,Disengage for a perception discrepancy for which a component of the vehicle’s perception system failed to detect an object correctly
Lyft,AVT045,2/10/2020,3FA6P0RU2JR158004,NO,YES,Test Driver,Street,Disengage for unwanted maneuver of the vehicle caused by a planning discrepancy while generating an appropriate trajectory
Lyft,AVT045,2/11/2020,3FA6P0RU1KR135962,NO,YES,Test Driver,Street,Disengage for unwanted maneuver of the vehicle caused by a planning discrepancy while generating an appropriate trajectory
Lyft,AVT045,2/11/2020,3FA6P0RU3JR214046,NO,YES,Test Driver,Street,Disengage for unwanted maneuver of the vehicle caused by a planning discrepancy while generating an appropriate trajectory
Lyft,AVT045,2/11/2020,3FA6P0RU2KR104428,NO,YES,Test Driver,Street,Disengage for unwanted maneuver of the vehicle caused by a planning discrepancy while generating an appropriate trajectory
Lyft,AVT045,2/12/2020,3FA6P0RU7JR157950,NO,YES,Test Driver,Street,Disengage for unwanted maneuver of the vehicle caused by a planning discrepancy while generating an appropriate trajectory
Lyft,AVT045,2/12/2020,3FA6P0RU2JR144443,NO,YES,Test Driver,Street,Disengage for a software fault due to a potential performance issue with a software component of the self-driving system (including third party software components)
Lyft,AVT045,2/12/2020,3FA6P0RU1KR135721,NO,YES,Test Driver,Street,Disengage for a perception discrepancy for which a component of the vehicle’s perception system failed to detect an object correctly
Lyft,AVT045,2/13/2020,3FA6P0RU3KR135669,NO,YES,Test Driver,Street,Disengage for unwanted maneuver of the vehicle caused by a planning discrepancy while generating an appropriate trajectory
Lyft,AVT045,2/13/2020,3FA6P0RU3KR135669,NO,YES,Test Driver,Street,Disengage for unwanted maneuver of the vehicle caused by a planning discrepancy while generating an appropriate trajectory
Lyft,AVT045,2/13/2020,3FA6P0RU3KR135669,NO,YES,Test Driver,Street,Disengage for unwanted maneuver of the vehicle caused by a planning discrepancy while generating an appropriate trajectory
Lyft,AVT045,2/14/2020,3FA6P0RU2KR104428,NO,YES,Test Driver,Street,Disengage for unwanted maneuver of the vehicle caused by a planning discrepancy while generating an appropriate trajectory
Lyft,AVT045,2/14/2020,3FA6P0RUXKR136012,NO,YES,Test Driver,Street,Disengage for unwanted maneuver of the vehicle caused by a planning discrepancy while generating an appropriate trajectory
Lyft,AVT045,2/14/2020,3FA6P0RU2KR104428,NO,YES,Test Driver,Street,Disengage for unwanted maneuver of the vehicle caused by a planning discrepancy while generating an appropriate trajectory
Lyft,AVT045,2/14/2020,3FA6P0RUXKR136012,NO,YES,Test Driver,Street,Disengage for unwanted maneuver of the vehicle caused by a planning discrepancy while generating an appropriate trajectory
Lyft,AVT045,2/14/2020,3FA6P0RU2KR104428,NO,YES,Test Driver,Street,Disengage for unwanted maneuver of the vehicle caused by a planning discrepancy while generating an appropriate trajectory
Lyft,AVT045,2/14/2020,3FA6P0RU2KR104428,NO,YES,Test Driver,Street,Disengage for unwanted maneuver of the vehicle caused by a planning discrepancy while generating an appropriate trajectory
Lyft,AVT045,2/18/2020,3FA6P0RU0JR149057,NO,YES,Test Driver,Street,Disengage for unwanted maneuver of the vehicle caused by a planning discrepancy while generating an appropriate trajectory
Lyft,AVT045,2/18/2020,3FA6P0RU0JR149057,NO,YES,Test Driver,Street,Disengage for unwanted maneuver of the vehicle caused by a planning discrepancy while generating an appropriate trajectory
Lyft,AVT045,2/18/2020,3FA6P0RU0JR149057,NO,YES,Test Driver,Street,Disengage for unwanted maneuver of the vehicle caused by a planning discrepancy while generating an appropriate trajectory
Lyft,AVT045,2/18/2020,3FA6P0RUXJR158090,NO,YES,Test Driver,Street,Disengage for unwanted maneuver of the vehicle caused by a planning discrepancy while generating an appropriate trajectory
Lyft,AVT045,2/18/2020,3FA6P0RU0JR149057,NO,YES,Test Driver,Street,Disengage for unwanted maneuver of the vehicle caused by a planning discrepancy while generating an appropriate trajectory
Lyft,AVT045,2/18/2020,3FA6P0RU0JR149057,NO,YES,Test Driver,Street,Disengage for unwanted maneuver of the vehicle caused by a planning discrepancy while generating an appropriate trajectory
Lyft,AVT045,2/24/2020,3FA6P0RUXKR136012,NO,YES,Test Driver,Street,Disengage for a perception discrepancy for which a component of the vehicle’s perception system failed to detect an object correctly
Lyft,AVT045,2/27/2020,3FA6P0RU2KR104428,NO,YES,Test Driver,Street,Disengage for unwanted maneuver of the vehicle caused by a planning discrepancy while generating an appropriate trajectory
Lyft,AVT045,2/27/2020,3FA6P0RU3HR399516,NO,YES,Test Driver,Street,Disengage for unwanted maneuver of the vehicle caused by a planning discrepancy while generating an appropriate trajectory
Lyft,AVT045,2/27/2020,3FA6P0RUXKR136012,NO,YES,Test Driver,Street,Disengage for unwanted maneuver of the vehicle caused by a planning discrepancy while generating an appropriate trajectory
Lyft,AVT045,2/28/2020,3FA6P0RU0HR408592,NO,YES,Test Driver,Street,Disengage for unwanted maneuver of the vehicle caused by a planning discrepancy while generating an appropriate trajectory
Lyft,AVT045,3/2/2020,3FA6P0RU0JR149057,NO,YES,Test Driver,Street,Disengage for unwanted maneuver of the vehicle caused by a planning discrepancy while generating an appropriate trajectory
Lyft,AVT045,3/4/2020,3FA6P0RU0HR408592,NO,YES,Test Driver,Street,Disengage for unwanted maneuver of the vehicle caused by a planning discrepancy while generating an appropriate trajectory
Lyft,AVT045,3/4/2020,3FA6P0RU2JR144443,NO,YES,Test Driver,Street,Disengage for unwanted maneuver of the vehicle caused by a planning discrepancy while generating an appropriate trajectory
Lyft,AVT045,3/4/2020,3FA6P0RU2JR144443,NO,YES,Test Driver,Street,Disengage for unwanted maneuver of the vehicle caused by a planning discrepancy while generating an appropriate trajectory
Lyft,AVT045,3/5/2020,3FA6P0RU0JR149687,NO,YES,Test Driver,Street,Disengage for unwanted maneuver of the vehicle caused by a planning discrepancy while generating an appropriate trajectory
Lyft,AVT045,3/5/2020,3FA6P0RU2KR104428,NO,YES,Test Driver,Street,Disengage for unwanted maneuver of the vehicle caused by a planning discrepancy while generating an appropriate trajectory
Lyft,AVT045,3/9/2020,3FA6P0RU3KR135669,NO,YES,Test Driver,Street,Disengage for unwanted maneuver of the vehicle caused by a planning discrepancy while generating an appropriate trajectory
Lyft,AVT045,3/10/2020,3FA6P0RUXKR136012,NO,YES,Test Driver,Street,Disengage for unwanted maneuver of the vehicle caused by a planning discrepancy while generating an appropriate trajectory
Lyft,AVT045,3/10/2020,3FA6P0RU7KR136100,NO,YES,Test Driver,Street,Disengage for unwanted maneuver of the vehicle caused by a planning discrepancy while generating an appropriate trajectory
Lyft,AVT045,6/22/2020,3FA6P0RU3KR135669,NO,YES,Test Driver,Street,Disengage for unwanted maneuver of the vehicle caused by a planning discrepancy while generating an appropriate trajectory
Lyft,AVT045,6/30/2020,3FA6P0RU2JR158004,NO,YES,Test Driver,Street,Disengage for unwanted maneuver of the vehicle caused by a planning discrepancy while generating an appropriate trajectory
Lyft,AVT045,7/1/2020,3FA6P0RU3HR399516,NO,YES,Test Driver,Street,Disengage for unwanted maneuver of the vehicle caused by a planning discrepancy while generating an appropriate trajectory
Lyft,AVT045,7/7/2020,3FA6P0RU3JR214046,NO,YES,Test Driver,Street,Disengage for unwanted maneuver of the vehicle caused by a planning discrepancy while generating an appropriate trajectory
Lyft,AVT045,7/8/2020,3FA6P0RU1KR135721,NO,YES,Test Driver,Street,Disengage for unwanted maneuver of the vehicle caused by a planning discrepancy while generating an appropriate trajectory
Lyft,AVT045,7/8/2020,3FA6P0RU1KR135721,NO,YES,Test Driver,Street,Disengage for unwanted maneuver of the vehicle caused by a planning discrepancy while generating an appropriate trajectory
Lyft,AVT045,7/13/2020,3FA6P0RU3KR135669,NO,YES,Test Driver,Street,Disengage for unwanted maneuver of the vehicle caused by a planning discrepancy while generating an appropriate trajectory
Lyft,AVT045,7/13/2020,3FA6P0RU3KR135669,NO,YES,Test Driver,Street,Disengage for unwanted maneuver of the vehicle caused by a planning discrepancy while generating an appropriate trajectory
Lyft,AVT045,7/14/2020,3FA6P0RU0JR149057,NO,YES,Test Driver,Street,Disengage for unwanted maneuver of the vehicle caused by a planning discrepancy while generating an appropriate trajectory
Lyft,AVT045,8/5/2020,3FA6P0RU7KR136100,NO,YES,Test Driver,Street,Disengage for unwanted maneuver of the vehicle caused by a planning discrepancy while generating an appropriate trajectory
Lyft,AVT045,8/10/2020,3FA6P0RUXKR136012,NO,YES,Test Driver,Street,Disengage for unwanted maneuver of the vehicle caused by a planning discrepancy while generating an appropriate trajectory
Lyft,AVT045,10/6/2020,3FA6P0RU3HR399516,NO,YES,Test Driver,Street,Disengage for unwanted maneuver of the vehicle caused by a planning discrepancy while generating an appropriate trajectory
Lyft,AVT045,10/22/2020,3FA6P0RU7JR157950,NO,YES,Test Driver,Street,Disengage for unwanted maneuver of the vehicle caused by a planning discrepancy while generating an appropriate trajectory
Lyft,AVT045,11/4/2020,3FA6P0RU5JR274913,NO,YES,Test Driver,Street,Disengage for unwanted maneuver of the vehicle caused by a planning discrepancy while generating an appropriate trajectory
Lyft,AVT045,11/10/2020,3FA6P0RUXJR158090,NO,YES,Test Driver,Street,Disengage for unwanted maneuver of the vehicle caused by a planning discrepancy while generating an appropriate trajectory
Lyft,AVT045,11/18/2020,3FA6P0RU3HR399516,NO,YES,Test Driver,Street,Disengage for unwanted maneuver of the vehicle caused by a planning discrepancy while generating an appropriate trajectory
Lyft,AVT045,11/19/2020,3FA6P0RU2KR104428,NO,YES,Test Driver,Street,Disengage for unwanted maneuver of the vehicle caused by a planning discrepancy while generating an appropriate trajectory
"Mercedes Benz Research & Development North America, Inc",AVT002,12/2/2019,WDD2221591A470500,No,Yes,AV System,Street,"The system disengaged because of an error with the maps component. The system
asked the operator to take control of the vehicle."
"Mercedes Benz Research & Development North America, Inc",AVT002,12/2/2019,WDD2221591A470500,No,Yes,AV System,Street,"The system disengaged because of an error with the maps component. The system
asked the operator to take control of the vehicle."
"Mercedes Benz Research & Development North America, Inc",AVT002,12/2/2019,WDD2221591A470500,No,Yes,AV System,Street,"The system disengaged because of an error with the maps component. The system
asked the operator to take control of the vehicle."
"Mercedes Benz Research & Development North America, Inc",AVT002,12/3/2019,WDD2221591A470502,No,Yes,AV System,Street,"The planner was not able to generate a valid trajectory. The system asked the
operator to take control of the vehicle."
"Mercedes Benz Research & Development North America, Inc",AVT002,12/3/2019,WDD2221591A470238,No,Yes,AV System,Street,"The system disengaged because of an error with the maps component. The system
asked the operator to take control of the vehicle."
"Mercedes Benz Research & Development North America, Inc",AVT002,12/3/2019,WDD2221591A470238,No,Yes,AV System,Street,"The planner was not able to generate a valid trajectory. The system asked the
operator to take control of the vehicle."
"Mercedes Benz Research & Development North America, Inc",AVT002,12/3/2019,WDD2221591A470238,No,Yes,AV System,Street,"The system disengaged because of an error with the maps component. The system
asked the operator to take control of the vehicle."
"Mercedes Benz Research & Development North America, Inc",AVT002,12/3/2019,WDD2221591A470238,No,Yes,AV System,Street,"The system disengaged because of an error with the maps component. The system
asked the operator to take control of the vehicle."
"Mercedes Benz Research & Development North America, Inc",AVT002,12/3/2019,WDD2221591A470238,No,Yes,AV System,Street,The system disengaged because of an error with the maps component. The system asked the operator to take control of the vehicle.
"Mercedes Benz Research & Development North America, Inc",AVT002,12/3/2019,WDD2221591A470238,No,Yes,AV System,Street,The planner was not able to generate a valid trajectory. The system asked the operator to take control of the vehicle. 
"Mercedes Benz Research & Development North America, Inc",AVT002,12/4/2019,WDD2221591A470500,No,Yes,Test Driver,Street,The operator disengaged the system manually to remain in the operational design domain. This was accomplished by pressing the brake pedal to reduce the velocity of the vehicle.
"Mercedes Benz Research & Development North America, Inc",AVT002,12/4/2019,WDD2221591A470238,No,Yes,AV System,Street,The planner was not able to generate a valid trajectory. The system asked the operator to take control of the vehicle. 
"Mercedes Benz Research & Development North America, Inc",AVT002,12/4/2019,WDD2221591A470238,No,Yes,Test Driver,Street,The operator disengaged the system manually to remain in the operational design domain. This was accomplished by pressing the brake pedal to reduce the velocity of the vehicle.
"Mercedes Benz Research & Development North America, Inc",AVT002,12/4/2019,WDD2221591A470238,No,Yes,AV System,Street,The planner was not able to generate a valid trajectory. The system asked the operator to take control of the vehicle. 
"Mercedes Benz Research & Development North America, Inc",AVT002,12/4/2019,WDD2221591A470238,No,Yes,AV System,Street,The planner was not able to generate a valid trajectory. The system asked the operator to take control of the vehicle. 
"Mercedes Benz Research & Development North America, Inc",AVT002,12/4/2019,WDD2221591A470238,No,Yes,Test Driver,Street,The operator disengaged the system manually to remain in the operational design domain. The driver performed a steering manouver to correct the trajectory of the vehicle.
"Mercedes Benz Research & Development North America, Inc",AVT002,12/4/2019,WDD2221591A470238,No,Yes,Test Driver,Street,The operator disengaged the system manually to remain in the operational design domain. The driver performed a steering manouver to correct the trajectory of the vehicle.
"Mercedes Benz Research & Development North America, Inc",AVT002,12/4/2019,WDD2221591A470796,No,Yes,Test Driver,Street,The operator disengaged the system manually to remain in the operational design domain. This was accomplished by pressing the brake pedal to reduce the velocity of the vehicle.
"Mercedes Benz Research & Development North America, Inc",AVT002,12/4/2019,WDD2221591A470796,No,Yes,Test Driver,Street,The operator disengaged the system manually to remain in the operational design domain. This was accomplished by pressing the brake pedal to reduce the velocity of the vehicle.
"Mercedes Benz Research & Development North America, Inc",AVT002,12/5/2019,WDD2221591A470500,No,Yes,AV System,Street,The system disengaged because of an error with the maps component. The system asked the operator to take control of the vehicle.
"Mercedes Benz Research & Development North America, Inc",AVT002,12/5/2019,WDD2221591A470500,No,Yes,AV System,Street,The system disengaged because of an error with the maps component. The system asked the operator to take control of the vehicle.
"Mercedes Benz Research & Development North America, Inc",AVT002,12/5/2019,WDD2221591A470796,No,Yes,Test Driver,Street,The operator disengaged the system manually to remain in the operational design domain. The driver performed a steering manouver to correct the trajectory of the vehicle.
"Mercedes Benz Research & Development North America, Inc",AVT002,12/5/2019,WDD2221591A470796,No,Yes,Test Driver,Street,The operator disengaged the system manually to remain in the operational design domain. This was accomplished by pressing the brake pedal to reduce the velocity of the vehicle.
"Mercedes Benz Research & Development North America, Inc",AVT002,12/5/2019,WDD2221591A470796,No,Yes,Test Driver,Street,The operator disengaged the system manually to remain in the operational design domain. The driver performed a steering manouver to correct the trajectory of the vehicle.
"Mercedes Benz Research & Development North America, Inc",AVT002,12/5/2019,WDD2221591A470796,No,Yes,Test Driver,Street,The operator disengaged the system manually to remain in the operational design domain. This was accomplished by pressing the brake pedal to reduce the velocity of the vehicle.
"Mercedes Benz Research & Development North America, Inc",AVT002,12/6/2019,WDD2221591A470497,No,Yes,Test Driver,Street,The operator disengaged the system manually to remain in the operational design domain. This was accomplished by pressing the brake pedal to reduce the velocity of the vehicle.
"Mercedes Benz Research & Development North America, Inc",AVT002,12/6/2019,WDD2221591A470497,No,Yes,Test Driver,Street,The operator disengaged the system manually to remain in the operational design domain. This was accomplished by pressing the brake pedal to reduce the velocity of the vehicle.
"Mercedes Benz Research & Development North America, Inc",AVT002,12/6/2019,WDD2221591A470502,No,Yes,AV System,Street,The planner was not able to generate a valid trajectory. The system asked the operator to take control of the vehicle. 
"Mercedes Benz Research & Development North America, Inc",AVT002,12/6/2019,WDD2221591A470502,No,Yes,AV System,Street,The planner was not able to generate a valid trajectory. The system asked the operator to take control of the vehicle. 
"Mercedes Benz Research & Development North America, Inc",AVT002,12/6/2019,WDD2221591A470502,No,Yes,Test Driver,Street,The operator disengaged the system manually to remain in the operational design domain. This was accomplished by pressing the brake pedal to reduce the velocity of the vehicle.
"Mercedes Benz Research & Development North America, Inc",AVT002,12/6/2019,WDD2221591A470238,No,Yes,Test Driver,Street,The operator disengaged the system manually to remain in the operational design domain. The driver performed a steering manouver to correct the trajectory of the vehicle.
"Mercedes Benz Research & Development North America, Inc",AVT002,12/6/2019,WDD2221591A470238,No,Yes,AV System,Street,The planner was not able to generate a valid trajectory. The system asked the operator to take control of the vehicle. 
"Mercedes Benz Research & Development North America, Inc",AVT002,12/6/2019,WDD2221591A470796,No,Yes,Test Driver,Street,The operator disengaged the system manually to remain in the operational design domain. This was accomplished by pressing the brake pedal to reduce the velocity of the vehicle.
"Mercedes Benz Research & Development North America, Inc",AVT002,12/6/2019,WDD2221591A470796,No,Yes,Test Driver,Street,The operator disengaged the system manually to remain in the operational design domain. This was accomplished by pressing the brake pedal to reduce the velocity of the vehicle.
"Mercedes Benz Research & Development North America, Inc",AVT002,12/6/2019,WDD2221591A470796,No,Yes,Test Driver,Street,The operator disengaged the system manually to remain in the operational design domain. This was accomplished by pressing the brake pedal to reduce the velocity of the vehicle.
"Mercedes Benz Research & Development North America, Inc",AVT002,12/6/2019,WDDUG8GB3JA405273,No,Yes,AV System,Freeway,A general error caused the system to stop the engaged status. Vehicle not in an active construction zone. No emergency vehicles or collisions present in the vicinity. Weather and/or road conditions dry in the area.
"Mercedes Benz Research & Development North America, Inc",AVT002,12/9/2019,WDD2221591A470497,No,Yes,Test Driver,Street,The operator disengaged the system manually to remain in the operational design domain. The driver performed a steering manouver to correct the trajectory of the vehicle.
"Mercedes Benz Research & Development North America, Inc",AVT002,12/9/2019,WDD2221591A470497,No,Yes,Test Driver,Street,The operator disengaged the system manually to remain in the operational design domain. This was accomplished by pressing the brake pedal to reduce the velocity of the vehicle.
"Mercedes Benz Research & Development North America, Inc",AVT002,12/9/2019,WDD2221591A470497,No,Yes,AV System,Street,The planner was not able to generate a valid trajectory. The system asked the operator to take control of the vehicle. 
"Mercedes Benz Research & Development North America, Inc",AVT002,12/9/2019,WDD2221591A470238,No,Yes,Test Driver,Street,The operator disengaged the system manually to remain in the operational design domain. This was accomplished by pressing the brake pedal to reduce the velocity of the vehicle.
"Mercedes Benz Research & Development North America, Inc",AVT002,12/9/2019,WDD2221591A470238,No,Yes,AV System,Street,An issue with motion control system caused the system to disengage. The system asked the operator to take control of the vehicle.
"Mercedes Benz Research & Development North America, Inc",AVT002,12/9/2019,WDD2221591A470238,No,Yes,Test Driver,Street,The operator disengaged the system manually to remain in the operational design domain. The driver performed a steering manouver to correct the trajectory of the vehicle.
"Mercedes Benz Research & Development North America, Inc",AVT002,12/9/2019,WDD2221591A470238,No,Yes,Test Driver,Street,The operator disengaged the system manually to remain in the operational design domain. This was accomplished by pressing the brake pedal to reduce the velocity of the vehicle.
"Mercedes Benz Research & Development North America, Inc",AVT002,12/9/2019,WDD2221591A470238,No,Yes,Test Driver,Street,The operator disengaged the system manually to remain in the operational design domain. This was accomplished by pressing the brake pedal to reduce the velocity of the vehicle.
"Mercedes Benz Research & Development North America, Inc",AVT002,12/10/2019,WDD2221591A470497,No,Yes,Test Driver,Street,The operator disengaged the system manually to remain in the operational design domain. This was accomplished by pressing the brake pedal to reduce the velocity of the vehicle.
"Mercedes Benz Research & Development North America, Inc",AVT002,12/10/2019,WDD2221591A470497,No,Yes,AV System,Street,The planner was not able to generate a valid trajectory. The system asked the operator to take control of the vehicle. 
"Mercedes Benz Research & Development North America, Inc",AVT002,12/10/2019,WDD2221591A470497,No,Yes,Test Driver,Street,The operator disengaged the system manually to remain in the operational design domain. The driver performed a steering manouver to correct the trajectory of the vehicle.
"Mercedes Benz Research & Development North America, Inc",AVT002,12/10/2019,WDD2221591A470497,No,Yes,AV System,Street,The planner was not able to generate a valid trajectory. The system asked the operator to take control of the vehicle. 
"Mercedes Benz Research & Development North America, Inc",AVT002,12/10/2019,WDD2221591A470497,No,Yes,Test Driver,Street,The operator disengaged the system manually to remain in the operational design domain. The driver performed a steering manouver to correct the trajectory of the vehicle.
"Mercedes Benz Research & Development North America, Inc",AVT002,12/10/2019,WDD2221591A470497,No,Yes,Test Driver,Street,The operator disengaged the system manually to remain in the operational design domain. This was accomplished by pressing the brake pedal to reduce the velocity of the vehicle.
"Mercedes Benz Research & Development North America, Inc",AVT002,12/10/2019,WDD2221591A470497,No,Yes,Test Driver,Street,The operator disengaged the system manually to remain in the operational design domain. The driver performed a steering manouver to correct the trajectory of the vehicle.
"Mercedes Benz Research & Development North America, Inc",AVT002,12/10/2019,WDD2221591A470497,No,Yes,AV System,Street,The planner was not able to generate a valid trajectory. The system asked the operator to take control of the vehicle. 
"Mercedes Benz Research & Development North America, Inc",AVT002,12/10/2019,WDD2221591A470497,No,Yes,Test Driver,Street,The operator disengaged the system manually to remain in the operational design domain. The driver performed a steering manouver to correct the trajectory of the vehicle.
"Mercedes Benz Research & Development North America, Inc",AVT002,12/10/2019,WDD2221591A470238,No,Yes,Test Driver,Street,The operator disengaged the system manually to remain in the operational design domain. This was accomplished by pressing the brake pedal to reduce the velocity of the vehicle.
"Mercedes Benz Research & Development North America, Inc",AVT002,12/10/2019,WDD2221591A470238,No,Yes,AV System,Street,The planner was not able to generate a valid trajectory. The system asked the operator to take control of the vehicle. 
"Mercedes Benz Research & Development North America, Inc",AVT002,12/10/2019,WDD2221591A470238,No,Yes,Test Driver,Street,The operator disengaged the system manually to remain in the operational design domain. This was accomplished by pressing the brake pedal to reduce the velocity of the vehicle.
"Mercedes Benz Research & Development North America, Inc",AVT002,12/11/2019,WDD2221591A470497,No,Yes,Test Driver,Street,The operator disengaged the system manually to remain in the operational design domain. The driver performed a steering manouver to correct the trajectory of the vehicle.
"Mercedes Benz Research & Development North America, Inc",AVT002,12/11/2019,WDD2221591A470497,No,Yes,Test Driver,Street,The operator disengaged the system manually to remain in the operational design domain. The driver performed a steering manouver to correct the trajectory of the vehicle.
"Mercedes Benz Research & Development North America, Inc",AVT002,12/11/2019,WDD2221591A470497,No,Yes,AV System,Street,The planner was not able to generate a valid trajectory. The system asked the operator to take control of the vehicle. 
"Mercedes Benz Research & Development North America, Inc",AVT002,12/11/2019,WDD2221591A470497,No,Yes,Test Driver,Street,The operator disengaged the system manually to remain in the operational design domain. The driver performed a steering manouver to correct the trajectory of the vehicle.
"Mercedes Benz Research & Development North America, Inc",AVT002,12/11/2019,WDD2221591A470497,No,Yes,AV System,Street,The planner was not able to generate a valid trajectory. The system asked the operator to take control of the vehicle. 
"Mercedes Benz Research & Development North America, Inc",AVT002,12/11/2019,WDD2221591A470497,No,Yes,Test Driver,Street,The operator disengaged the system manually to remain in the operational design domain. This was accomplished by pressing the brake pedal to reduce the velocity of the vehicle.
"Mercedes Benz Research & Development North America, Inc",AVT002,12/11/2019,WDD2221591A470500,No,Yes,AV System,Street,The system disengaged because of an error with the maps component. The system asked the operator to take control of the vehicle.
"Mercedes Benz Research & Development North America, Inc",AVT002,12/11/2019,WDD2221591A470500,No,Yes,Test Driver,Street,The planner was not able to generate a valid trajectory. The system asked the operator to take control of the vehicle. The operator disengaged the system manually to remain in the operational design domain. This was accomplished by pressing the brake pedal to reduce the velocity of the vehicle.
"Mercedes Benz Research & Development North America, Inc",AVT002,12/11/2019,WDD2221591A470500,No,Yes,AV System,Street,The system disengaged because of an error with the maps component. The system asked the operator to take control of the vehicle.
"Mercedes Benz Research & Development North America, Inc",AVT002,12/11/2019,WDD2221591A470500,No,Yes,AV System,Street,The planner was not able to generate a valid trajectory. The system asked the operator to take control of the vehicle. 
"Mercedes Benz Research & Development North America, Inc",AVT002,12/11/2019,WDD2221591A470500,No,Yes,AV System,Street,The planner was not able to generate a valid trajectory. The system asked the operator to take control of the vehicle. 
"Mercedes Benz Research & Development North America, Inc",AVT002,12/13/2019,WDD2221591A470500,No,Yes,AV System,Street,The planner was not able to generate a valid trajectory. The system asked the operator to take control of the vehicle. 
"Mercedes Benz Research & Development North America, Inc",AVT002,12/13/2019,WDD2221591A470500,No,Yes,Test Driver,Street,The operator disengaged the system manually to remain in the operational design domain. This was accomplished by pressing the brake pedal to reduce the velocity of the vehicle.
"Mercedes Benz Research & Development North America, Inc",AVT002,12/16/2019,WDD2221591A470497,No,Yes,Test Driver,Street,The operator disengaged the system manually to remain in the operational design domain. This was accomplished by pressing the brake pedal to reduce the velocity of the vehicle.
"Mercedes Benz Research & Development North America, Inc",AVT002,12/16/2019,WDD2221591A470497,No,Yes,Test Driver,Street,The operator disengaged the system manually to remain in the operational design domain. This was accomplished by pressing the brake pedal to reduce the velocity of the vehicle.
"Mercedes Benz Research & Development North America, Inc",AVT002,12/16/2019,WDD2221591A470497,No,Yes,Test Driver,Street,The operator disengaged the system manually to remain in the operational design domain. This was accomplished by pressing the brake pedal to reduce the velocity of the vehicle.
"Mercedes Benz Research & Development North America, Inc",AVT002,12/16/2019,WDD2221591A470497,No,Yes,Test Driver,Street,The operator disengaged the system manually to remain in the operational design domain. This was accomplished by pressing the brake pedal to reduce the velocity of the vehicle.
"Mercedes Benz Research & Development North America, Inc",AVT002,12/16/2019,WDD2221591A470796,No,Yes,AV System,Street,The system disengaged because of an error with the maps component. The system asked the operator to take control of the vehicle.
"Mercedes Benz Research & Development North America, Inc",AVT002,12/16/2019,WDD2221591A470796,No,Yes,Test Driver,Street,The operator disengaged the system manually to remain in the operational design domain. This was accomplished by pressing the brake pedal to reduce the velocity of the vehicle.
"Mercedes Benz Research & Development North America, Inc",AVT002,12/16/2019,WDD2221591A470796,No,Yes,Test Driver,Street,The operator disengaged the system manually to remain in the operational design domain. This was accomplished by pressing the brake pedal to reduce the velocity of the vehicle.
"Mercedes Benz Research & Development North America, Inc",AVT002,12/16/2019,WDD2221591A470796,No,Yes,AV System,Street,The planner was not able to generate a valid trajectory. The system asked the operator to take control of the vehicle. 
"Mercedes Benz Research & Development North America, Inc",AVT002,12/16/2019,WDD2221591A470796,No,Yes,Test Driver,Street,The operator disengaged the system manually to remain in the operational design domain. This was accomplished by pressing the brake pedal to reduce the velocity of the vehicle.
"Mercedes Benz Research & Development North America, Inc",AVT002,12/17/2019,WDD2221591A470497,No,Yes,AV System,Street,The planner was not able to generate a valid trajectory. The system asked the operator to take control of the vehicle. 
"Mercedes Benz Research & Development North America, Inc",AVT002,12/17/2019,WDD2221591A470502,No,Yes,Test Driver,Street,The operator disengaged the system manually to remain in the operational design domain. This was accomplished by pressing the brake pedal to reduce the velocity of the vehicle.
"Mercedes Benz Research & Development North America, Inc",AVT002,12/17/2019,WDD2221591A470502,No,Yes,Test Driver,Street,The operator disengaged the system manually to remain in the operational design domain. The driver performed a steering manouver to correct the trajectory of the vehicle.
"Mercedes Benz Research & Development North America, Inc",AVT002,12/17/2019,WDD2221591A470500,No,Yes,Test Driver,Street,The operator disengaged the system manually to remain in the operational design domain. The driver performed a steering manouver to correct the trajectory of the vehicle.
"Mercedes Benz Research & Development North America, Inc",AVT002,12/17/2019,WDD2221591A470500,No,Yes,Test Driver,Street,The operator disengaged the system manually to remain in the operational design domain. The driver performed a steering manouver to correct the trajectory of the vehicle.
"Mercedes Benz Research & Development North America, Inc",AVT002,12/17/2019,WDD2221591A470796,No,Yes,Test Driver,Street,The operator disengaged the system manually to remain in the operational design domain. This was accomplished by pressing the brake pedal to reduce the velocity of the vehicle.
"Mercedes Benz Research & Development North America, Inc",AVT002,12/17/2019,WDD2221591A470796,No,Yes,AV System,Street,The planner was not able to generate a valid trajectory. The system asked the operator to take control of the vehicle. 
"Mercedes Benz Research & Development North America, Inc",AVT002,12/18/2019,WDD2221591A470502,No,Yes,Test Driver,Street,The operator disengaged the system manually to remain in the operational design domain. The driver performed a steering manouver to correct the trajectory of the vehicle.
"Mercedes Benz Research & Development North America, Inc",AVT002,12/18/2019,WDD2221591A470500,No,Yes,Test Driver,Street,The operator disengaged the system manually to remain in the operational design domain. The driver performed a steering manouver to correct the trajectory of the vehicle.
"Mercedes Benz Research & Development North America, Inc",AVT002,12/18/2019,WDD2221591A470500,No,Yes,Test Driver,Street,The operator disengaged the system manually to remain in the operational design domain. This was accomplished by pressing the brake pedal to reduce the velocity of the vehicle.
"Mercedes Benz Research & Development North America, Inc",AVT002,12/18/2019,WDD2221591A470500,No,Yes,Test Driver,Street,The operator disengaged the system manually to remain in the operational design domain. This was accomplished by pressing the brake pedal to reduce the velocity of the vehicle.
"Mercedes Benz Research & Development North America, Inc",AVT002,12/18/2019,WDD2221591A470500,No,Yes,Test Driver,Street,The operator disengaged the system manually to remain in the operational design domain. The driver performed a steering manouver to correct the trajectory of the vehicle.
"Mercedes Benz Research & Development North America, Inc",AVT002,12/18/2019,WDD2221591A470500,No,Yes,Test Driver,Street,The operator disengaged the system manually to remain in the operational design domain. This was accomplished by pressing the brake pedal to reduce the velocity of the vehicle.
"Mercedes Benz Research & Development North America, Inc",AVT002,12/18/2019,WDD2221591A470147,No,Yes,AV System,Street,The system disengaged because of an error with the maps component. The system asked the operator to take control of the vehicle.
"Mercedes Benz Research & Development North America, Inc",AVT002,12/18/2019,WDD2221591A470147,No,Yes,AV System,Street,The planner was not able to generate a valid trajectory. The system asked the operator to take control of the vehicle. 
"Mercedes Benz Research & Development North America, Inc",AVT002,12/18/2019,WDD2221591A470796,No,Yes,AV System,Street,The planner was not able to generate a valid trajectory. The system asked the operator to take control of the vehicle. 
"Mercedes Benz Research & Development North America, Inc",AVT002,12/18/2019,WDD2221591A470796,No,Yes,AV System,Street,The planner was not able to generate a valid trajectory. The system asked the operator to take control of the vehicle. 
"Mercedes Benz Research & Development North America, Inc",AVT002,12/18/2019,WDD2221591A470796,No,Yes,AV System,Street,The system disengaged because of an error with the maps component. The system asked the operator to take control of the vehicle.
"Mercedes Benz Research & Development North America, Inc",AVT002,12/18/2019,WDD2221591A470796,No,Yes,AV System,Street,The planner was not able to generate a valid trajectory. The system asked the operator to take control of the vehicle. 
"Mercedes Benz Research & Development North America, Inc",AVT002,12/18/2019,WDD2221591A470796,No,Yes,AV System,Street,The system disengaged because of an error with the maps component. The system asked the operator to take control of the vehicle.
"Mercedes Benz Research & Development North America, Inc",AVT002,12/18/2019,WDD2221591A470796,No,Yes,AV System,Street,The system disengaged because of an error with the maps component. The system asked the operator to take control of the vehicle.
"Mercedes Benz Research & Development North America, Inc",AVT002,12/19/2019,WDD2221591A470497,No,Yes,AV System,Street,An issue with environment model caused the system to disengage. The system asked the operator to take control of the vehicle.
"Mercedes Benz Research & Development North America, Inc",AVT002,12/19/2019,WDD2221591A470497,No,Yes,AV System,Street,The planner was not able to generate a valid trajectory. The system asked the operator to take control of the vehicle. 
"Mercedes Benz Research & Development North America, Inc",AVT002,12/19/2019,WDD2221591A470500,No,Yes,Test Driver,Street,The operator disengaged the system manually to remain in the operational design domain. This was accomplished by pressing the brake pedal to reduce the velocity of the vehicle.
"Mercedes Benz Research & Development North America, Inc",AVT002,12/19/2019,WDD2221591A470147,No,Yes,AV System,Street,The planner was not able to generate a valid trajectory. The system asked the operator to take control of the vehicle. 
"Mercedes Benz Research & Development North America, Inc",AVT002,12/19/2019,WDD2221591A470238,No,Yes,AV System,Street,The planner was not able to generate a valid trajectory. The system asked the operator to take control of the vehicle. 
"Mercedes Benz Research & Development North America, Inc",AVT002,12/19/2019,WDD2221591A470238,No,Yes,AV System,Street,The planner was not able to generate a valid trajectory. The system asked the operator to take control of the vehicle. 
"Mercedes Benz Research & Development North America, Inc",AVT002,12/19/2019,WDD2221591A470238,No,Yes,Test Driver,Street,The operator disengaged the system manually to remain in the operational design domain. This was accomplished by pressing the brake pedal to reduce the velocity of the vehicle.
"Mercedes Benz Research & Development North America, Inc",AVT002,12/20/2019,WDD2221591A470238,No,Yes,AV System,Street,The planner was not able to generate a valid trajectory. The system asked the operator to take control of the vehicle. 
"Mercedes Benz Research & Development North America, Inc",AVT002,12/20/2019,WDD2221591A470238,No,Yes,AV System,Street,The planner was not able to generate a valid trajectory. The system asked the operator to take control of the vehicle. 
"Mercedes Benz Research & Development North America, Inc",AVT002,12/20/2019,WDD2221591A470238,No,Yes,AV System,Street,The planner was not able to generate a valid trajectory. The system asked the operator to take control of the vehicle. 
"Mercedes Benz Research & Development North America, Inc",AVT002,12/20/2019,WDD2221591A470238,No,Yes,AV System,Street,The planner was not able to generate a valid trajectory. The system asked the operator to take control of the vehicle. 
"Mercedes Benz Research & Development North America, Inc",AVT002,12/20/2019,WDD2221591A470238,No,Yes,AV System,Street,The planner was not able to generate a valid trajectory. The system asked the operator to take control of the vehicle. 
"Mercedes Benz Research & Development North America, Inc",AVT002,12/20/2019,WDD2221591A470238,No,Yes,AV System,Street,The planner was not able to generate a valid trajectory. The system asked the operator to take control of the vehicle. 
"Mercedes Benz Research & Development North America, Inc",AVT002,12/20/2019,WDD2221591A470238,No,Yes,Test Driver,Street,The operator disengaged the system manually to remain in the operational design domain. The driver performed a steering manouver to correct the trajectory of the vehicle.
"Mercedes Benz Research & Development North America, Inc",AVT002,12/20/2019,WDD2221591A470238,No,Yes,AV System,Street,The planner was not able to generate a valid trajectory. The system asked the operator to take control of the vehicle. 
"Mercedes Benz Research & Development North America, Inc",AVT002,12/20/2019,WDD2221591A470238,No,Yes,Test Driver,Street,The operator disengaged the system manually to remain in the operational design domain. This was accomplished by pressing the brake pedal to reduce the velocity of the vehicle.
"Mercedes Benz Research & Development North America, Inc",AVT002,12/20/2019,WDD2221591A470238,No,Yes,Test Driver,Street,The operator disengaged the system manually to remain in the operational design domain. This was accomplished by pressing the brake pedal to reduce the velocity of the vehicle.
"Mercedes Benz Research & Development North America, Inc",AVT002,12/20/2019,WDD2221591A470238,No,Yes,AV System,Street,The planner was not able to generate a valid trajectory. The system asked the operator to take control of the vehicle. 
"Mercedes Benz Research & Development North America, Inc",AVT002,12/20/2019,WDD2221591A470238,No,Yes,AV System,Street,The planner was not able to generate a valid trajectory. The system asked the operator to take control of the vehicle. 
"Mercedes Benz Research & Development North America, Inc",AVT002,12/20/2019,WDD2221591A470796,No,Yes,AV System,Street,An issue with environment model caused the system to disengage. The system asked the operator to take control of the vehicle.
"Mercedes Benz Research & Development North America, Inc",AVT002,12/20/2019,WDD2221591A470796,No,Yes,AV System,Street,An issue with environment model caused the system to disengage. The system asked the operator to take control of the vehicle.
"Mercedes Benz Research & Development North America, Inc",AVT002,12/20/2019,WDD2221591A470147,No,Yes,AV System,Street,An issue with motion control system caused the system to disengage. The system asked the operator to take control of the vehicle.
"Mercedes Benz Research & Development North America, Inc",AVT002,1/2/2020,WDD2221591A470500,No,Yes,Test Driver,Street,The operator disengaged the system manually to remain in the operational design domain. This was accomplished by pressing the brake pedal to reduce the velocity of the vehicle.
"Mercedes Benz Research & Development North America, Inc",AVT002,1/2/2020,WDD2221591A470500,No,Yes,AV System,Street,The system disengaged because of an error with the maps component. The system asked the operator to take control of the vehicle.
"Mercedes Benz Research & Development North America, Inc",AVT002,1/2/2020,WDD2221591A470500,No,Yes,AV System,Street,The planner was not able to generate a valid trajectory. The system asked the operator to take control of the vehicle. 
"Mercedes Benz Research & Development North America, Inc",AVT002,1/2/2020,WDD2221591A470500,No,Yes,Test Driver,Street,The operator disengaged the system manually to remain in the operational design domain. This was accomplished by pressing the brake pedal to reduce the velocity of the vehicle.
"Mercedes Benz Research & Development North America, Inc",AVT002,1/6/2020,WDD2221591A470497,No,Yes,AV System,Street,The planner was not able to generate a valid trajectory. The system asked the operator to take control of the vehicle. 
"Mercedes Benz Research & Development North America, Inc",AVT002,1/6/2020,WDD2221591A470497,No,Yes,Test Driver,Street,The operator disengaged the system manually to remain in the operational design domain. The driver performed a steering manouver to correct the trajectory of the vehicle.
"Mercedes Benz Research & Development North America, Inc",AVT002,1/6/2020,WDD2221591A470497,No,Yes,Test Driver,Street,The operator disengaged the system manually to remain in the operational design domain. The driver performed a steering manouver to correct the trajectory of the vehicle.
"Mercedes Benz Research & Development North America, Inc",AVT002,1/6/2020,WDD2221591A470497,No,Yes,Test Driver,Street,The operator disengaged the system manually to remain in the operational design domain. The driver performed a steering manouver to correct the trajectory of the vehicle.
"Mercedes Benz Research & Development North America, Inc",AVT002,1/6/2020,WDD2221591A470502,No,Yes,Test Driver,Street,The operator disengaged the system manually to remain in the operational design domain. This was accomplished by pressing the brake pedal to reduce the velocity of the vehicle.
"Mercedes Benz Research & Development North America, Inc",AVT002,1/6/2020,WDD2221591A470502,No,Yes,Test Driver,Street,The operator disengaged the system manually to remain in the operational design domain. This was accomplished by pressing the brake pedal to reduce the velocity of the vehicle.
"Mercedes Benz Research & Development North America, Inc",AVT002,1/6/2020,WDD2221591A417319,No,Yes,Test Driver,Street,The operator disengaged the system manually to remain in the operational design domain. This was accomplished by pressing the brake pedal to reduce the velocity of the vehicle.
"Mercedes Benz Research & Development North America, Inc",AVT002,1/6/2020,WDD2221591A417319,No,Yes,Test Driver,Street,The operator disengaged the system manually to remain in the operational design domain. The driver performed a steering manouver to correct the trajectory of the vehicle.
"Mercedes Benz Research & Development North America, Inc",AVT002,1/6/2020,WDD2221591A417319,No,Yes,Test Driver,Street,The operator disengaged the system manually to remain in the operational design domain. The driver performed a steering manouver to correct the trajectory of the vehicle.
"Mercedes Benz Research & Development North America, Inc",AVT002,1/6/2020,WDD2221591A417319,No,Yes,Test Driver,Street,The operator disengaged the system manually to remain in the operational design domain. This was accomplished by pressing the brake pedal to reduce the velocity of the vehicle.
"Mercedes Benz Research & Development North America, Inc",AVT002,1/6/2020,WDD2221591A417319,No,Yes,Test Driver,Street,The operator disengaged the system manually to remain in the operational design domain. The driver performed a steering manouver to correct the trajectory of the vehicle.
"Mercedes Benz Research & Development North America, Inc",AVT002,1/6/2020,WDD2221591A470238,No,Yes,Test Driver,Street,The operator disengaged the system manually to remain in the operational design domain. This was accomplished by pressing the brake pedal to reduce the velocity of the vehicle.
"Mercedes Benz Research & Development North America, Inc",AVT002,1/6/2020,WDD2221591A470238,No,Yes,AV System,Street,The planner was not able to generate a valid trajectory. The system asked the operator to take control of the vehicle. 
"Mercedes Benz Research & Development North America, Inc",AVT002,1/6/2020,WDD2221591A470796,No,Yes,AV System,Street,The planner was not able to generate a valid trajectory. The system asked the operator to take control of the vehicle. 
"Mercedes Benz Research & Development North America, Inc",AVT002,1/6/2020,WDD2221591A470796,No,Yes,AV System,Street,The system disengaged because of an error with the maps component. The system asked the operator to take control of the vehicle.
"Mercedes Benz Research & Development North America, Inc",AVT002,1/6/2020,WDD2221591A470796,No,Yes,Test Driver,Street,The operator disengaged the system manually to remain in the operational design domain. This was accomplished by pressing the brake pedal to reduce the velocity of the vehicle.
"Mercedes Benz Research & Development North America, Inc",AVT002,1/6/2020,WDD2221591A470796,No,Yes,Test Driver,Street,The operator disengaged the system manually to remain in the operational design domain. This was accomplished by pressing the brake pedal to reduce the velocity of the vehicle.
"Mercedes Benz Research & Development North America, Inc",AVT002,1/6/2020,WDD2221591A470796,No,Yes,Test Driver,Street,The planner was not able to generate a valid trajectory. The system asked the operator to take control of the vehicle. The operator disengaged the system manually to remain in the operational design domain. The driver performed a steering manouver to correct the trajectory of the vehicle.
"Mercedes Benz Research & Development North America, Inc",AVT002,1/6/2020,WDD2221591A470497,No,Yes,Test Driver,Street,The operator disengaged the system manually to remain in the operational design domain. The driver performed a steering manouver to correct the trajectory of the vehicle.
"Mercedes Benz Research & Development North America, Inc",AVT002,1/6/2020,WDD2221591A470497,No,Yes,AV System,Street,The planner was not able to generate a valid trajectory. The system asked the operator to take control of the vehicle. 
"Mercedes Benz Research & Development North America, Inc",AVT002,1/7/2020,WDD2221591A470497,No,Yes,Test Driver,Street,The operator disengaged the system manually to remain in the operational design domain. This was accomplished by pressing the brake pedal to reduce the velocity of the vehicle.
"Mercedes Benz Research & Development North America, Inc",AVT002,1/7/2020,WDD2221591A470497,No,Yes,Test Driver,Street,The operator disengaged the system manually to remain in the operational design domain. The driver performed a steering manouver to correct the trajectory of the vehicle.
"Mercedes Benz Research & Development North America, Inc",AVT002,1/7/2020,WDD2221591A470497,No,Yes,Test Driver,Street,The operator disengaged the system manually to remain in the operational design domain. The driver performed a steering manouver to correct the trajectory of the vehicle.
"Mercedes Benz Research & Development North America, Inc",AVT002,1/7/2020,WDD2221591A470502,No,Yes,Test Driver,Street,The operator disengaged the system manually to remain in the operational design domain. The driver performed a steering manouver to correct the trajectory of the vehicle.
"Mercedes Benz Research & Development North America, Inc",AVT002,1/7/2020,WDD2221591A470502,No,Yes,AV System,Street,The planner was not able to generate a valid trajectory. The system asked the operator to take control of the vehicle. 
"Mercedes Benz Research & Development North America, Inc",AVT002,1/7/2020,WDD2221591A470502,No,Yes,AV System,Street,The planner was not able to generate a valid trajectory. The system asked the operator to take control of the vehicle. 
"Mercedes Benz Research & Development North America, Inc",AVT002,1/7/2020,WDD2221591A470238,No,Yes,Test Driver,Street,The operator disengaged the system manually to remain in the operational design domain. This was accomplished by pressing the brake pedal to reduce the velocity of the vehicle.
"Mercedes Benz Research & Development North America, Inc",AVT002,1/7/2020,WDD2221591A470238,No,Yes,AV System,Street,An issue with motion control system caused the system to disengage. The system asked the operator to take control of the vehicle.
"Mercedes Benz Research & Development North America, Inc",AVT002,1/7/2020,WDD2221591A470238,No,Yes,Test Driver,Street,The operator disengaged the system manually to remain in the operational design domain. This was accomplished by pressing the brake pedal to reduce the velocity of the vehicle.
"Mercedes Benz Research & Development North America, Inc",AVT002,1/7/2020,WDD2221591A470238,No,Yes,AV System,Street,The planner was not able to generate a valid trajectory. The system asked the operator to take control of the vehicle. 
"Mercedes Benz Research & Development North America, Inc",AVT002,1/7/2020,WDD2221591A470238,No,Yes,Test Driver,Street,The operator disengaged the system manually to remain in the operational design domain. This was accomplished by pressing the brake pedal to reduce the velocity of the vehicle.
"Mercedes Benz Research & Development North America, Inc",AVT002,1/7/2020,WDD2221591A470238,No,Yes,Test Driver,Street,The operator disengaged the system manually to remain in the operational design domain. This was accomplished by pressing the brake pedal to reduce the velocity of the vehicle.
"Mercedes Benz Research & Development North America, Inc",AVT002,1/7/2020,WDDUG8GB3JA405273,No,Yes,AV System,Freeway,A general error caused the system to stop the engaged status. Vehicle not in an active construction zone. No emergency vehicles or collisions present in the vicinity. Weather and/or road conditions dry in the area.
"Mercedes Benz Research & Development North America, Inc",AVT002,1/7/2020,WDDUG8GB3JA405273,No,Yes,AV System,Freeway,A general error caused the system to stop the engaged status. Vehicle not in an active construction zone. No emergency vehicles or collisions present in the vicinity. Weather and/or road conditions dry in the area.
"Mercedes Benz Research & Development North America, Inc",AVT002,1/7/2020,WDDUG8GB3JA405273,No,Yes,AV System,Freeway,A general error caused the system to stop the engaged status. Vehicle not in an active construction zone. No emergency vehicles or collisions present in the vicinity. Weather and/or road conditions dry in the area.
"Mercedes Benz Research & Development North America, Inc",AVT002,1/7/2020,WDDUG8GB3JA405273,No,Yes,AV System,Freeway,A general error caused the system to stop the engaged status. Vehicle not in an active construction zone. No emergency vehicles or collisions present in the vicinity. Weather and/or road conditions dry in the area.
"Mercedes Benz Research & Development North America, Inc",AVT002,1/7/2020,WDDUG8GB3JA405273,No,Yes,AV System,Freeway,Driver performed steering maneuver because the vehicle didn’t drive on the expected path. Vehicle not in an active construction zone. No emergency vehicles or collisions present in the vicinity. Weather and/or road conditions dry in the area.
"Mercedes Benz Research & Development North America, Inc",AVT002,1/7/2020,WDDUG8GB3JA405273,No,Yes,AV System,Freeway,Driver pressed the brake pedal because the vehicle was driving faster than driver expected. Vehicle not in an active construction zone. No emergency vehicles or collisions present in the vicinity. Weather and/or road conditions dry in the area.
"Mercedes Benz Research & Development North America, Inc",AVT002,1/8/2020,WDD2221591A470497,No,Yes,AV System,Street,The planner was not able to generate a valid trajectory. The system asked the operator to take control of the vehicle. 
"Mercedes Benz Research & Development North America, Inc",AVT002,1/8/2020,WDD2221591A470497,No,Yes,Test Driver,Street,The operator disengaged the system manually to remain in the operational design domain. This was accomplished by pressing the brake pedal to reduce the velocity of the vehicle.
"Mercedes Benz Research & Development North America, Inc",AVT002,1/8/2020,WDD2221591A470497,No,Yes,AV System,Street,The planner was not able to generate a valid trajectory. The system asked the operator to take control of the vehicle. 
"Mercedes Benz Research & Development North America, Inc",AVT002,1/8/2020,WDD2221591A470497,No,Yes,Test Driver,Street,The operator disengaged the system manually to remain in the operational design domain. This was accomplished by pressing the brake pedal to reduce the velocity of the vehicle.
"Mercedes Benz Research & Development North America, Inc",AVT002,1/8/2020,WDD2221591A470502,No,Yes,AV System,Street,The planner was not able to generate a valid trajectory. The system asked the operator to take control of the vehicle. 
"Mercedes Benz Research & Development North America, Inc",AVT002,1/8/2020,WDD2221591A470502,No,Yes,AV System,Street,The planner was not able to generate a valid trajectory. The system asked the operator to take control of the vehicle. 
"Mercedes Benz Research & Development North America, Inc",AVT002,1/8/2020,WDD2221591A470502,No,Yes,Test Driver,Street,The operator disengaged the system manually to remain in the operational design domain. This was accomplished by pressing the brake pedal to reduce the velocity of the vehicle.
"Mercedes Benz Research & Development North America, Inc",AVT002,1/8/2020,WDD2221591A470502,No,Yes,Test Driver,Street,The operator disengaged the system manually to remain in the operational design domain. This was accomplished by pressing the brake pedal to reduce the velocity of the vehicle.
"Mercedes Benz Research & Development North America, Inc",AVT002,1/8/2020,WDD2221591A470502,No,Yes,Test Driver,Street,The operator disengaged the system manually to remain in the operational design domain. This was accomplished by pressing the brake pedal to reduce the velocity of the vehicle.
"Mercedes Benz Research & Development North America, Inc",AVT002,1/8/2020,WDD2221591A470500,No,Yes,Test Driver,Street,The operator disengaged the system manually to remain in the operational design domain. This was accomplished by pressing the brake pedal to reduce the velocity of the vehicle.
"Mercedes Benz Research & Development North America, Inc",AVT002,1/8/2020,WDD2221591A470500,No,Yes,AV System,Street,The planner was not able to generate a valid trajectory. The system asked the operator to take control of the vehicle. 
"Mercedes Benz Research & Development North America, Inc",AVT002,1/8/2020,WDD2221591A470500,No,Yes,Test Driver,Street,The operator disengaged the system manually to remain in the operational design domain. This was accomplished by pressing the brake pedal to reduce the velocity of the vehicle.
"Mercedes Benz Research & Development North America, Inc",AVT002,1/8/2020,WDD2221591A417319,No,Yes,Test Driver,Street,The operator disengaged the system manually to remain in the operational design domain. This was accomplished by pressing the brake pedal to reduce the velocity of the vehicle.
"Mercedes Benz Research & Development North America, Inc",AVT002,1/8/2020,WDD2221591A470147,No,Yes,Test Driver,Street,An issue with motion control system caused the system to disengage. The system asked the operator to take control of the vehicle.
"Mercedes Benz Research & Development North America, Inc",AVT002,1/8/2020,WDD2221591A470147,No,Yes,AV System,Street,The planner was not able to generate a valid trajectory. The system asked the operator to take control of the vehicle. 
"Mercedes Benz Research & Development North America, Inc",AVT002,1/8/2020,WDD2221591A470147,No,Yes,AV System,Street,An issue with localization component caused the system to disengage. The system asked the operator to take control of the vehicle.
"Mercedes Benz Research & Development North America, Inc",AVT002,1/8/2020,WDD2221591A470238,No,Yes,AV System,Street,The planner was not able to generate a valid trajectory. The system asked the operator to take control of the vehicle. 
"Mercedes Benz Research & Development North America, Inc",AVT002,1/8/2020,WDD2221591A470238,No,Yes,Test Driver,Street,The operator disengaged the system manually to remain in the operational design domain. This was accomplished by pressing the brake pedal to reduce the velocity of the vehicle.
"Mercedes Benz Research & Development North America, Inc",AVT002,1/8/2020,WDD2221591A470238,No,Yes,Test Driver,Street,The operator disengaged the system manually to remain in the operational design domain. This was accomplished by pressing the brake pedal to reduce the velocity of the vehicle.
"Mercedes Benz Research & Development North America, Inc",AVT002,1/8/2020,WDDUG8GB3JA405273,No,Yes,AV System,Freeway,Driver performed steering maneuver because the vehicle didn’t drive on the expected path. Vehicle not in an active construction zone. No emergency vehicles or collisions present in the vicinity. Weather and/or road conditions dry in the area.
"Mercedes Benz Research & Development North America, Inc",AVT002,1/9/2020,WDD2221591A470497,No,Yes,Test Driver,Street,The operator disengaged the system manually to remain in the operational design domain. The driver performed a steering manouver to correct the trajectory of the vehicle.
"Mercedes Benz Research & Development North America, Inc",AVT002,1/9/2020,WDD2221591A470497,No,Yes,AV System,Street,The planner was not able to generate a valid trajectory. The system asked the operator to take control of the vehicle. 
"Mercedes Benz Research & Development North America, Inc",AVT002,1/9/2020,WDD2221591A470497,No,Yes,AV System,Street,The planner was not able to generate a valid trajectory. The system asked the operator to take control of the vehicle. 
"Mercedes Benz Research & Development North America, Inc",AVT002,1/9/2020,WDD2221591A470497,No,Yes,AV System,Street,The planner was not able to generate a valid trajectory. The system asked the operator to take control of the vehicle. 
"Mercedes Benz Research & Development North America, Inc",AVT002,1/9/2020,WDD2221591A470497,No,Yes,AV System,Street,The planner was not able to generate a valid trajectory. The system asked the operator to take control of the vehicle. 
"Mercedes Benz Research & Development North America, Inc",AVT002,1/9/2020,WDD2221591A470497,No,Yes,AV System,Street,The planner was not able to generate a valid trajectory. The system asked the operator to take control of the vehicle. 
"Mercedes Benz Research & Development North America, Inc",AVT002,1/9/2020,WDD2221591A470502,No,Yes,Test Driver,Street,The operator disengaged the system manually to remain in the operational design domain. The driver performed a steering manouver to correct the trajectory of the vehicle.
"Mercedes Benz Research & Development North America, Inc",AVT002,1/9/2020,WDD2221591A470502,No,Yes,AV System,Street,The planner was not able to generate a valid trajectory. The system asked the operator to take control of the vehicle. 
"Mercedes Benz Research & Development North America, Inc",AVT002,1/9/2020,WDD2221591A470502,No,Yes,Test Driver,Street,The operator disengaged the system manually to remain in the operational design domain. The driver performed a steering manouver to correct the trajectory of the vehicle.
"Mercedes Benz Research & Development North America, Inc",AVT002,1/9/2020,WDD2221591A470500,No,Yes,Test Driver,Street,The operator disengaged the system manually to remain in the operational design domain. This was accomplished by pressing the brake pedal to reduce the velocity of the vehicle.
"Mercedes Benz Research & Development North America, Inc",AVT002,1/9/2020,WDD2221591A470500,No,Yes,Test Driver,Street,The operator disengaged the system manually to remain in the operational design domain. This was accomplished by pressing the brake pedal to reduce the velocity of the vehicle.
"Mercedes Benz Research & Development North America, Inc",AVT002,1/9/2020,WDD2221591A470500,No,Yes,Test Driver,Street,The operator disengaged the system manually to remain in the operational design domain. The driver performed a steering manouver to correct the trajectory of the vehicle.
"Mercedes Benz Research & Development North America, Inc",AVT002,1/9/2020,WDD2221591A470500,No,Yes,AV System,Street,The planner was not able to generate a valid trajectory. The system asked the operator to take control of the vehicle. 
"Mercedes Benz Research & Development North America, Inc",AVT002,1/9/2020,WDD2221591A470500,No,Yes,AV System,Street,The planner was not able to generate a valid trajectory. The system asked the operator to take control of the vehicle. 
"Mercedes Benz Research & Development North America, Inc",AVT002,1/9/2020,WDD2221591A470500,No,Yes,Test Driver,Street,The operator disengaged the system manually to remain in the operational design domain. This was accomplished by pressing the brake pedal to reduce the velocity of the vehicle.
"Mercedes Benz Research & Development North America, Inc",AVT002,1/9/2020,WDD2221591A470500,No,Yes,Test Driver,Street,The operator disengaged the system manually to remain in the operational design domain. The driver performed a steering manouver to correct the trajectory of the vehicle.
"Mercedes Benz Research & Development North America, Inc",AVT002,1/9/2020,WDD2221591A417319,No,Yes,Test Driver,Street,The operator disengaged the system manually to remain in the operational design domain. This was accomplished by pressing the brake pedal to reduce the velocity of the vehicle.
"Mercedes Benz Research & Development North America, Inc",AVT002,1/9/2020,WDD2221591A417319,No,Yes,AV System,Street,"A middleware component was offline, leading to the system disengagement. The system asked the operator to take control of the vehicle."
"Mercedes Benz Research & Development North America, Inc",AVT002,1/9/2020,WDD2221591A470147,No,Yes,Test Driver,Street,The operator disengaged the system manually to remain in the operational design domain. This was accomplished by pressing the brake pedal to reduce the velocity of the vehicle.
"Mercedes Benz Research & Development North America, Inc",AVT002,1/9/2020,WDD2221591A470147,No,Yes,AV System,Street,The planner was not able to generate a valid trajectory. The system asked the operator to take control of the vehicle. 
"Mercedes Benz Research & Development North America, Inc",AVT002,1/9/2020,WDD2221591A470147,No,Yes,AV System,Street,The system disengaged because of an error with the fusion component. The system asked the operator to take control of the vehicle.
"Mercedes Benz Research & Development North America, Inc",AVT002,1/9/2020,WDD2221591A470147,No,Yes,AV System,Street,The planner was not able to generate a valid trajectory. The system asked the operator to take control of the vehicle. 
"Mercedes Benz Research & Development North America, Inc",AVT002,1/9/2020,WDD2221591A470147,No,Yes,Test Driver,Street,The operator disengaged the system manually to remain in the operational design domain. This was accomplished by pressing the brake pedal to reduce the velocity of the vehicle.
"Mercedes Benz Research & Development North America, Inc",AVT002,1/9/2020,WDD2221591A470147,No,Yes,Test Driver,Street,The operator disengaged the system manually to remain in the operational design domain. This was accomplished by pressing the brake pedal to reduce the velocity of the vehicle.
"Mercedes Benz Research & Development North America, Inc",AVT002,1/9/2020,WDD2221591A470147,No,Yes,AV System,Street,The system disengaged because of an error with the maps component. The system asked the operator to take control of the vehicle.
"Mercedes Benz Research & Development North America, Inc",AVT002,1/9/2020,WDD2221591A470238,No,Yes,Test Driver,Street,The operator disengaged the system manually to remain in the operational design domain. This was accomplished by pressing the brake pedal to reduce the velocity of the vehicle.
"Mercedes Benz Research & Development North America, Inc",AVT002,1/9/2020,WDD2221591A470238,No,Yes,Test Driver,Street,The operator disengaged the system manually to remain in the operational design domain. This was accomplished by pressing the brake pedal to reduce the velocity of the vehicle.
"Mercedes Benz Research & Development North America, Inc",AVT002,1/9/2020,WDD2221591A470238,No,Yes,Test Driver,Street,The operator disengaged the system manually to remain in the operational design domain. This was accomplished by pressing the brake pedal to reduce the velocity of the vehicle.
"Mercedes Benz Research & Development North America, Inc",AVT002,1/9/2020,WDD2221591A470238,No,Yes,AV System,Street,The planner was not able to generate a valid trajectory. The system asked the operator to take control of the vehicle. 
"Mercedes Benz Research & Development North America, Inc",AVT002,1/9/2020,WDD2221591A470238,No,Yes,Test Driver,Street,The operator disengaged the system manually to remain in the operational design domain. This was accomplished by pressing the brake pedal to reduce the velocity of the vehicle.
"Mercedes Benz Research & Development North America, Inc",AVT002,1/9/2020,WDD2221591A470238,No,Yes,Test Driver,Street,The operator disengaged the system manually to remain in the operational design domain. This was accomplished by pressing the brake pedal to reduce the velocity of the vehicle.
"Mercedes Benz Research & Development North America, Inc",AVT002,1/9/2020,WDD2221591A470238,No,Yes,Test Driver,Street,The operator disengaged the system manually to remain in the operational design domain. This was accomplished by pressing the brake pedal to reduce the velocity of the vehicle.
"Mercedes Benz Research & Development North America, Inc",AVT002,1/9/2020,WDD2221591A470238,No,Yes,Test Driver,Street,The operator disengaged the system manually to remain in the operational design domain. This was accomplished by pressing the brake pedal to reduce the velocity of the vehicle.
"Mercedes Benz Research & Development North America, Inc",AVT002,1/9/2020,WDD2221591A417319,No,Yes,Test Driver,Street,The operator disengaged the system manually to remain in the operational design domain. The driver performed a steering manouver to correct the trajectory of the vehicle.
"Mercedes Benz Research & Development North America, Inc",AVT002,1/9/2020,WDD2221591A417319,No,Yes,Test Driver,Street,The operator disengaged the system manually to remain in the operational design domain. The driver performed a steering manouver to correct the trajectory of the vehicle.
"Mercedes Benz Research & Development North America, Inc",AVT002,1/9/2020,WDD2221591A417319,No,Yes,Test Driver,Street,The operator disengaged the system manually to remain in the operational design domain. This was accomplished by pressing the brake pedal to reduce the velocity of the vehicle.
"Mercedes Benz Research & Development North America, Inc",AVT002,1/9/2020,WDD2221591A417319,No,Yes,Test Driver,Street,The operator disengaged the system manually to remain in the operational design domain. This was accomplished by pressing the brake pedal to reduce the velocity of the vehicle.
"Mercedes Benz Research & Development North America, Inc",AVT002,1/10/2020,WDD2221591A470497,No,Yes,AV System,Street,The planner was not able to generate a valid trajectory. The system asked the operator to take control of the vehicle. 
"Mercedes Benz Research & Development North America, Inc",AVT002,1/10/2020,WDD2221591A470497,No,Yes,AV System,Street,The planner was not able to generate a valid trajectory. The system asked the operator to take control of the vehicle. 
"Mercedes Benz Research & Development North America, Inc",AVT002,1/10/2020,WDD2221591A470497,No,Yes,AV System,Street,The planner was not able to generate a valid trajectory. The system asked the operator to take control of the vehicle. 
"Mercedes Benz Research & Development North America, Inc",AVT002,1/10/2020,WDD2221591A470497,No,Yes,AV System,Street,The planner was not able to generate a valid trajectory. The system asked the operator to take control of the vehicle. 
"Mercedes Benz Research & Development North America, Inc",AVT002,1/10/2020,WDD2221591A470497,No,Yes,Test Driver,Street,The operator disengaged the system manually to remain in the operational design domain. This was accomplished by pressing the brake pedal to reduce the velocity of the vehicle.
"Mercedes Benz Research & Development North America, Inc",AVT002,1/10/2020,WDD2221591A470497,No,Yes,Test Driver,Street,The operator disengaged the system manually to remain in the operational design domain. This was accomplished by pressing the brake pedal to reduce the velocity of the vehicle.
"Mercedes Benz Research & Development North America, Inc",AVT002,1/10/2020,WDD2221591A470497,No,Yes,Test Driver,Street,The operator disengaged the system manually to remain in the operational design domain. This was accomplished by pressing the brake pedal to reduce the velocity of the vehicle.
"Mercedes Benz Research & Development North America, Inc",AVT002,1/10/2020,WDD2221591A470497,No,Yes,AV System,Street,The planner was not able to generate a valid trajectory. The system asked the operator to take control of the vehicle. 
"Mercedes Benz Research & Development North America, Inc",AVT002,1/10/2020,WDD2221591A470497,No,Yes,AV System,Street,An issue with motion control system caused the system to disengage. The system asked the operator to take control of the vehicle.
"Mercedes Benz Research & Development North America, Inc",AVT002,1/10/2020,WDD2221591A470497,No,Yes,AV System,Street,The planner was not able to generate a valid trajectory. The system asked the operator to take control of the vehicle. 
"Mercedes Benz Research & Development North America, Inc",AVT002,1/10/2020,WDD2221591A470497,No,Yes,AV System,Street,The planner was not able to generate a valid trajectory. The system asked the operator to take control of the vehicle. 
"Mercedes Benz Research & Development North America, Inc",AVT002,1/10/2020,WDD2221591A470497,No,Yes,Test Driver,Street,The operator disengaged the system manually to remain in the operational design domain. This was accomplished by pressing the brake pedal to reduce the velocity of the vehicle.
"Mercedes Benz Research & Development North America, Inc",AVT002,1/10/2020,WDD2221591A470497,No,Yes,AV System,Street,The planner was not able to generate a valid trajectory. The system asked the operator to take control of the vehicle. 
"Mercedes Benz Research & Development North America, Inc",AVT002,1/10/2020,WDD2221591A470497,No,Yes,AV System,Street,The planner was not able to generate a valid trajectory. The system asked the operator to take control of the vehicle. 
"Mercedes Benz Research & Development North America, Inc",AVT002,1/10/2020,WDD2221591A470497,No,Yes,Test Driver,Street,The operator disengaged the system manually to remain in the operational design domain. This was accomplished by pressing the brake pedal to reduce the velocity of the vehicle.
"Mercedes Benz Research & Development North America, Inc",AVT002,1/10/2020,WDD2221591A470500,No,Yes,AV System,Street,The planner was not able to generate a valid trajectory. The system asked the operator to take control of the vehicle. 
"Mercedes Benz Research & Development North America, Inc",AVT002,1/10/2020,WDD2221591A470500,No,Yes,AV System,Street,The planner was not able to generate a valid trajectory. The system asked the operator to take control of the vehicle. 
"Mercedes Benz Research & Development North America, Inc",AVT002,1/10/2020,WDD2221591A470500,No,Yes,AV System,Street,The planner was not able to generate a valid trajectory. The system asked the operator to take control of the vehicle. 
"Mercedes Benz Research & Development North America, Inc",AVT002,1/10/2020,WDD2221591A470500,No,Yes,AV System,Street,The planner was not able to generate a valid trajectory. The system asked the operator to take control of the vehicle. 
"Mercedes Benz Research & Development North America, Inc",AVT002,1/10/2020,WDD2221591A470500,No,Yes,AV System,Street,The planner was not able to generate a valid trajectory. The system asked the operator to take control of the vehicle. 
"Mercedes Benz Research & Development North America, Inc",AVT002,1/10/2020,WDD2221591A470500,No,Yes,AV System,Street,The planner was not able to generate a valid trajectory. The system asked the operator to take control of the vehicle. 
"Mercedes Benz Research & Development North America, Inc",AVT002,1/10/2020,WDD2221591A417319,No,Yes,Test Driver,Street,The operator disengaged the system manually to remain in the operational design domain. This was accomplished by pressing the brake pedal to reduce the velocity of the vehicle.
"Mercedes Benz Research & Development North America, Inc",AVT002,1/10/2020,WDD2221591A417319,No,Yes,Test Driver,Street,The operator disengaged the system manually to remain in the operational design domain. This was accomplished by pressing the brake pedal to reduce the velocity of the vehicle.
"Mercedes Benz Research & Development North America, Inc",AVT002,1/10/2020,WDD2221591A470147,No,Yes,Test Driver,Street,The operator disengaged the system manually to remain in the operational design domain. This was accomplished by pressing the brake pedal to reduce the velocity of the vehicle.
"Mercedes Benz Research & Development North America, Inc",AVT002,1/10/2020,WDD2221591A470147,No,Yes,AV System,Street,The planner was not able to generate a valid trajectory. The system asked the operator to take control of the vehicle. 
"Mercedes Benz Research & Development North America, Inc",AVT002,1/10/2020,WDD2221591A470147,No,Yes,AV System,Street,The planner was not able to generate a valid trajectory. The system asked the operator to take control of the vehicle. 
"Mercedes Benz Research & Development North America, Inc",AVT002,1/10/2020,WDD2221591A470147,No,Yes,AV System,Street,The planner was not able to generate a valid trajectory. The system asked the operator to take control of the vehicle. 
"Mercedes Benz Research & Development North America, Inc",AVT002,1/10/2020,WDD2221591A470147,No,Yes,Test Driver,Street,The operator disengaged the system manually to remain in the operational design domain. This was accomplished by pressing the brake pedal to reduce the velocity of the vehicle.
"Mercedes Benz Research & Development North America, Inc",AVT002,1/10/2020,WDD2221591A470147,No,Yes,Test Driver,Street,The operator disengaged the system manually to remain in the operational design domain. This was accomplished by pressing the brake pedal to reduce the velocity of the vehicle.
"Mercedes Benz Research & Development North America, Inc",AVT002,1/10/2020,WDD2221591A470147,No,Yes,AV System,Street,The planner was not able to generate a valid trajectory. The system asked the operator to take control of the vehicle. 
"Mercedes Benz Research & Development North America, Inc",AVT002,1/10/2020,WDD2221591A470238,No,Yes,Test Driver,Street,The operator disengaged the system manually to remain in the operational design domain. This was accomplished by pressing the brake pedal to reduce the velocity of the vehicle.
"Mercedes Benz Research & Development North America, Inc",AVT002,1/11/2020,WDD2221591A470497,No,Yes,Test Driver,Street,The operator disengaged the system manually to remain in the operational design domain. The driver performed a steering manouver to correct the trajectory of the vehicle.
"Mercedes Benz Research & Development North America, Inc",AVT002,1/11/2020,WDD2221591A470497,No,Yes,AV System,Street,The planner was not able to generate a valid trajectory. The system asked the operator to take control of the vehicle. 
"Mercedes Benz Research & Development North America, Inc",AVT002,1/11/2020,WDD2221591A470238,No,Yes,Test Driver,Street,The operator disengaged the system manually to remain in the operational design domain. This was accomplished by pressing the brake pedal to reduce the velocity of the vehicle.
"Mercedes Benz Research & Development North America, Inc",AVT002,1/13/2020,WDD2221591A470497,No,Yes,AV System,Street,The planner was not able to generate a valid trajectory. The system asked the operator to take control of the vehicle. 
"Mercedes Benz Research & Development North America, Inc",AVT002,1/13/2020,WDD2221591A470497,No,Yes,AV System,Street,The planner was not able to generate a valid trajectory. The system asked the operator to take control of the vehicle. 
"Mercedes Benz Research & Development North America, Inc",AVT002,1/13/2020,WDD2221591A470497,No,Yes,AV System,Street,The planner was not able to generate a valid trajectory. The system asked the operator to take control of the vehicle. 
"Mercedes Benz Research & Development North America, Inc",AVT002,1/13/2020,WDD2221591A470497,No,Yes,Test Driver,Street,The operator disengaged the system manually to remain in the operational design domain. This was accomplished by pressing the brake pedal to reduce the velocity of the vehicle.
"Mercedes Benz Research & Development North America, Inc",AVT002,1/13/2020,WDD2221591A470497,No,Yes,AV System,Street,The planner was not able to generate a valid trajectory. The system asked the operator to take control of the vehicle. 
"Mercedes Benz Research & Development North America, Inc",AVT002,1/13/2020,WDD2221591A470497,No,Yes,AV System,Street,The planner was not able to generate a valid trajectory. The system asked the operator to take control of the vehicle. 
"Mercedes Benz Research & Development North America, Inc",AVT002,1/13/2020,WDD2221591A470497,No,Yes,Test Driver,Street,The operator disengaged the system manually to remain in the operational design domain. This was accomplished by pressing the brake pedal to reduce the velocity of the vehicle.
"Mercedes Benz Research & Development North America, Inc",AVT002,1/13/2020,WDD2221591A470500,No,Yes,AV System,Street,The planner was not able to generate a valid trajectory. The system asked the operator to take control of the vehicle. 
"Mercedes Benz Research & Development North America, Inc",AVT002,1/13/2020,WDD2221591A470500,No,Yes,Test Driver,Street,The operator disengaged the system manually to remain in the operational design domain. This was accomplished by pressing the brake pedal to reduce the velocity of the vehicle.
"Mercedes Benz Research & Development North America, Inc",AVT002,1/13/2020,WDD2221591A417319,No,Yes,AV System,Street,The planner was not able to generate a valid trajectory. The system asked the operator to take control of the vehicle. 
"Mercedes Benz Research & Development North America, Inc",AVT002,1/13/2020,WDD2221591A417319,No,Yes,Test Driver,Street,The operator disengaged the system manually to remain in the operational design domain. This was accomplished by pressing the brake pedal to reduce the velocity of the vehicle.
"Mercedes Benz Research & Development North America, Inc",AVT002,1/13/2020,WDD2221591A417319,No,Yes,Test Driver,Street,The operator disengaged the system manually to remain in the operational design domain. This was accomplished by pressing the brake pedal to reduce the velocity of the vehicle.
"Mercedes Benz Research & Development North America, Inc",AVT002,1/13/2020,WDD2221591A417319,No,Yes,Test Driver,Street,The operator disengaged the system manually to remain in the operational design domain. This was accomplished by pressing the brake pedal to reduce the velocity of the vehicle.
"Mercedes Benz Research & Development North America, Inc",AVT002,1/13/2020,WDD2221591A470238,No,Yes,Test Driver,Street,The operator disengaged the system manually to remain in the operational design domain. This was accomplished by pressing the brake pedal to reduce the velocity of the vehicle.
"Mercedes Benz Research & Development North America, Inc",AVT002,1/13/2020,WDD2221591A470238,No,Yes,Test Driver,Street,The operator disengaged the system manually to remain in the operational design domain. This was accomplished by pressing the brake pedal to reduce the velocity of the vehicle.
"Mercedes Benz Research & Development North America, Inc",AVT002,1/13/2020,WDD2221591A470238,No,Yes,AV System,Street,The planner was not able to generate a valid trajectory. The system asked the operator to take control of the vehicle. 
"Mercedes Benz Research & Development North America, Inc",AVT002,1/13/2020,WDD2221591A470238,No,Yes,AV System,Street,The planner was not able to generate a valid trajectory. The system asked the operator to take control of the vehicle. 
"Mercedes Benz Research & Development North America, Inc",AVT002,1/13/2020,WDD2221591A470238,No,Yes,Test Driver,Street,The operator disengaged the system manually to remain in the operational design domain. This was accomplished by pressing the brake pedal to reduce the velocity of the vehicle.
"Mercedes Benz Research & Development North America, Inc",AVT002,1/13/2020,WDD2221591A470238,No,Yes,Test Driver,Street,The operator disengaged the system manually to remain in the operational design domain. This was accomplished by pressing the brake pedal to reduce the velocity of the vehicle.
"Mercedes Benz Research & Development North America, Inc",AVT002,1/13/2020,WDD2221591A470238,No,Yes,AV System,Street,The planner was not able to generate a valid trajectory. The system asked the operator to take control of the vehicle. 
"Mercedes Benz Research & Development North America, Inc",AVT002,1/13/2020,WDD2221591A470238,No,Yes,AV System,Street,The planner was not able to generate a valid trajectory. The system asked the operator to take control of the vehicle. 
"Mercedes Benz Research & Development North America, Inc",AVT002,1/13/2020,WDD2221591A470238,No,Yes,Test Driver,Street,The operator disengaged the system manually to remain in the operational design domain. This was accomplished by pressing the brake pedal to reduce the velocity of the vehicle.
"Mercedes Benz Research & Development North America, Inc",AVT002,1/14/2020,WDD2221591A470497,No,Yes,AV System,Street,"A middleware component was offline, leading to the system disengagement. The system asked the operator to take control of the vehicle."
"Mercedes Benz Research & Development North America, Inc",AVT002,1/14/2020,WDD2221591A470497,No,Yes,AV System,Street,The planner was not able to generate a valid trajectory. The system asked the operator to take control of the vehicle. 
"Mercedes Benz Research & Development North America, Inc",AVT002,1/14/2020,WDD2221591A470497,No,Yes,AV System,Street,The planner was not able to generate a valid trajectory. The system asked the operator to take control of the vehicle. 
"Mercedes Benz Research & Development North America, Inc",AVT002,1/14/2020,WDD2221591A470497,No,Yes,AV System,Street,The planner was not able to generate a valid trajectory. The system asked the operator to take control of the vehicle. 
"Mercedes Benz Research & Development North America, Inc",AVT002,1/14/2020,WDD2221591A470497,No,Yes,AV System,Street,The planner was not able to generate a valid trajectory. The system asked the operator to take control of the vehicle. 
"Mercedes Benz Research & Development North America, Inc",AVT002,1/14/2020,WDD2221591A470497,No,Yes,Test Driver,Street,The operator disengaged the system manually to remain in the operational design domain. This was accomplished by pressing the brake pedal to reduce the velocity of the vehicle.
"Mercedes Benz Research & Development North America, Inc",AVT002,1/14/2020,WDD2221591A470497,No,Yes,Test Driver,Street,The operator disengaged the system manually to remain in the operational design domain. This was accomplished by pressing the brake pedal to reduce the velocity of the vehicle.
"Mercedes Benz Research & Development North America, Inc",AVT002,1/14/2020,WDD2221591A470497,No,Yes,Test Driver,Street,The operator disengaged the system manually to remain in the operational design domain. The driver performed a steering manouver to correct the trajectory of the vehicle.
"Mercedes Benz Research & Development North America, Inc",AVT002,1/14/2020,WDD2221591A470497,No,Yes,Test Driver,Street,The operator disengaged the system manually to remain in the operational design domain. This was accomplished by pressing the brake pedal to reduce the velocity of the vehicle.
"Mercedes Benz Research & Development North America, Inc",AVT002,1/14/2020,WDD2221591A470497,No,Yes,Test Driver,Street,The operator disengaged the system manually to remain in the operational design domain. The driver performed a steering manouver to correct the trajectory of the vehicle.
"Mercedes Benz Research & Development North America, Inc",AVT002,1/14/2020,WDD2221591A470497,No,Yes,AV System,Street,The planner was not able to generate a valid trajectory. The system asked the operator to take control of the vehicle. 
"Mercedes Benz Research & Development North America, Inc",AVT002,1/14/2020,WDD2221591A470497,No,Yes,AV System,Street,The planner was not able to generate a valid trajectory. The system asked the operator to take control of the vehicle. 
"Mercedes Benz Research & Development North America, Inc",AVT002,1/14/2020,WDD2221591A417319,No,Yes,Test Driver,Street,The operator disengaged the system manually to remain in the operational design domain. This was accomplished by pressing the brake pedal to reduce the velocity of the vehicle.
"Mercedes Benz Research & Development North America, Inc",AVT002,1/14/2020,WDD2221591A417319,No,Yes,Test Driver,Street,The operator disengaged the system manually to remain in the operational design domain. The driver performed a steering manouver to correct the trajectory of the vehicle.
"Mercedes Benz Research & Development North America, Inc",AVT002,1/15/2020,WDD2221591A470497,No,Yes,AV System,Street,The planner was not able to generate a valid trajectory. The system asked the operator to take control of the vehicle. 
"Mercedes Benz Research & Development North America, Inc",AVT002,1/15/2020,WDD2221591A470497,No,Yes,Test Driver,Street,The operator disengaged the system manually to remain in the operational design domain. This was accomplished by pressing the brake pedal to reduce the velocity of the vehicle.
"Mercedes Benz Research & Development North America, Inc",AVT002,1/15/2020,WDD2221591A470497,No,Yes,AV System,Street,The planner was not able to generate a valid trajectory. The system asked the operator to take control of the vehicle. 
"Mercedes Benz Research & Development North America, Inc",AVT002,1/15/2020,WDD2221591A470497,No,Yes,AV System,Street,The planner was not able to generate a valid trajectory. The system asked the operator to take control of the vehicle. 
"Mercedes Benz Research & Development North America, Inc",AVT002,1/15/2020,WDD2221591A470497,No,Yes,Test Driver,Street,The operator disengaged the system manually to remain in the operational design domain. This was accomplished by pressing the brake pedal to reduce the velocity of the vehicle.
"Mercedes Benz Research & Development North America, Inc",AVT002,1/15/2020,WDD2221591A470497,No,Yes,AV System,Street,The planner was not able to generate a valid trajectory. The system asked the operator to take control of the vehicle. 
"Mercedes Benz Research & Development North America, Inc",AVT002,1/15/2020,WDD2221591A470502,No,Yes,Test Driver,Street,The operator disengaged the system manually to remain in the operational design domain. This was accomplished by pressing the brake pedal to reduce the velocity of the vehicle.
"Mercedes Benz Research & Development North America, Inc",AVT002,1/15/2020,WDD2221591A470502,No,Yes,AV System,Street,The planner was not able to generate a valid trajectory. The system asked the operator to take control of the vehicle. 
"Mercedes Benz Research & Development North America, Inc",AVT002,1/15/2020,WDD2221591A417319,No,Yes,AV System,Street,The planner was not able to generate a valid trajectory. The system asked the operator to take control of the vehicle. 
"Mercedes Benz Research & Development North America, Inc",AVT002,1/15/2020,WDD2221591A417319,No,Yes,AV System,Street,The planner was not able to generate a valid trajectory. The system asked the operator to take control of the vehicle. 
"Mercedes Benz Research & Development North America, Inc",AVT002,1/15/2020,WDD2221591A417319,No,Yes,AV System,Street,The planner was not able to generate a valid trajectory. The system asked the operator to take control of the vehicle. 
"Mercedes Benz Research & Development North America, Inc",AVT002,1/15/2020,WDD2221591A417319,No,Yes,Test Driver,Street,The operator disengaged the system manually to remain in the operational design domain. The driver performed a steering manouver to correct the trajectory of the vehicle.
"Mercedes Benz Research & Development North America, Inc",AVT002,1/15/2020,WDD2221591A417319,No,Yes,AV System,Street,The planner was not able to generate a valid trajectory. The system asked the operator to take control of the vehicle. 
"Mercedes Benz Research & Development North America, Inc",AVT002,1/15/2020,WDD2221591A470238,No,Yes,AV System,Street,The planner was not able to generate a valid trajectory. The system asked the operator to take control of the vehicle. 
"Mercedes Benz Research & Development North America, Inc",AVT002,1/15/2020,WDD2221591A470238,No,Yes,AV System,Street,The planner was not able to generate a valid trajectory. The system asked the operator to take control of the vehicle. 
"Mercedes Benz Research & Development North America, Inc",AVT002,1/15/2020,WDD2221591A470238,No,Yes,AV System,Street,The planner was not able to generate a valid trajectory. The system asked the operator to take control of the vehicle. 
"Mercedes Benz Research & Development North America, Inc",AVT002,1/15/2020,WDD2221591A470238,No,Yes,Test Driver,Street,The operator disengaged the system manually to remain in the operational design domain. The driver performed a steering manouver to correct the trajectory of the vehicle.
"Mercedes Benz Research & Development North America, Inc",AVT002,1/15/2020,WDD2221591A470238,No,Yes,Test Driver,Street,The operator disengaged the system manually to remain in the operational design domain. This was accomplished by pressing the brake pedal to reduce the velocity of the vehicle.
"Mercedes Benz Research & Development North America, Inc",AVT002,1/15/2020,WDD2221591A470238,No,Yes,AV System,Street,The planner was not able to generate a valid trajectory. The system asked the operator to take control of the vehicle. 
"Mercedes Benz Research & Development North America, Inc",AVT002,1/15/2020,WDD2221591A470238,No,Yes,AV System,Street,The planner was not able to generate a valid trajectory. The system asked the operator to take control of the vehicle. 
"Mercedes Benz Research & Development North America, Inc",AVT002,1/15/2020,WDD2221591A470238,No,Yes,AV System,Street,The planner was not able to generate a valid trajectory. The system asked the operator to take control of the vehicle. 
"Mercedes Benz Research & Development North America, Inc",AVT002,1/15/2020,WDD2221591A470238,No,Yes,AV System,Street,The planner was not able to generate a valid trajectory. The system asked the operator to take control of the vehicle. 
"Mercedes Benz Research & Development North America, Inc",AVT002,1/15/2020,WDD2221591A470238,No,Yes,AV System,Street,The planner was not able to generate a valid trajectory. The system asked the operator to take control of the vehicle. 
"Mercedes Benz Research & Development North America, Inc",AVT002,1/15/2020,WDD2221591A470796,No,Yes,Test Driver,Street,The operator disengaged the system manually to remain in the operational design domain. The driver performed a steering manouver to correct the trajectory of the vehicle.
"Mercedes Benz Research & Development North America, Inc",AVT002,1/15/2020,WDD2221591A470796,No,Yes,AV System,Street,The planner was not able to generate a valid trajectory. The system asked the operator to take control of the vehicle. 
"Mercedes Benz Research & Development North America, Inc",AVT002,1/15/2020,WDD2221591A470796,No,Yes,AV System,Street,The system disengaged because of an error with the maps component. The system asked the operator to take control of the vehicle.
"Mercedes Benz Research & Development North America, Inc",AVT002,1/15/2020,WDD2221591A470796,No,Yes,Test Driver,Street,The operator disengaged the system manually to remain in the operational design domain. This was accomplished by pressing the brake pedal to reduce the velocity of the vehicle.
"Mercedes Benz Research & Development North America, Inc",AVT002,1/15/2020,WDD2221591A470796,No,Yes,Test Driver,Street,The operator disengaged the system manually to remain in the operational design domain. The driver performed a steering manouver to correct the trajectory of the vehicle.
"Mercedes Benz Research & Development North America, Inc",AVT002,1/15/2020,WDD2221591A470796,No,Yes,AV System,Street,The planner was not able to generate a valid trajectory. The system asked the operator to take control of the vehicle. 
"Mercedes Benz Research & Development North America, Inc",AVT002,1/15/2020,WDD2221591A470796,No,Yes,AV System,Street,The planner was not able to generate a valid trajectory. The system asked the operator to take control of the vehicle. 
"Mercedes Benz Research & Development North America, Inc",AVT002,1/15/2020,WDD2221591A417319,No,Yes,AV System,Street,The planner was not able to generate a valid trajectory. The system asked the operator to take control of the vehicle. 
"Mercedes Benz Research & Development North America, Inc",AVT002,1/16/2020,WDD2221591A470502,No,Yes,Test Driver,Street,The operator disengaged the system manually to remain in the operational design domain. This was accomplished by pressing the brake pedal to reduce the velocity of the vehicle.
"Mercedes Benz Research & Development North America, Inc",AVT002,1/16/2020,WDD2221591A470238,No,Yes,Test Driver,Street,The operator disengaged the system manually to remain in the operational design domain. This was accomplished by pressing the brake pedal to reduce the velocity of the vehicle.
"Mercedes Benz Research & Development North America, Inc",AVT002,1/16/2020,WDD2221591A470238,No,Yes,Test Driver,Street,The operator disengaged the system manually to remain in the operational design domain. This was accomplished by pressing the brake pedal to reduce the velocity of the vehicle.
"Mercedes Benz Research & Development North America, Inc",AVT002,1/16/2020,WDD2221591A470796,No,Yes,Test Driver,Street,The operator disengaged the system manually to remain in the operational design domain. This was accomplished by pressing the brake pedal to reduce the velocity of the vehicle.
"Mercedes Benz Research & Development North America, Inc",AVT002,1/17/2020,WDD2221591A470497,No,Yes,AV System,Street,The planner was not able to generate a valid trajectory. The system asked the operator to take control of the vehicle. 
"Mercedes Benz Research & Development North America, Inc",AVT002,1/17/2020,WDD2221591A470497,No,Yes,AV System,Street,The planner was not able to generate a valid trajectory. The system asked the operator to take control of the vehicle. 
"Mercedes Benz Research & Development North America, Inc",AVT002,1/17/2020,WDD2221591A470497,No,Yes,AV System,Street,The planner was not able to generate a valid trajectory. The system asked the operator to take control of the vehicle. 
"Mercedes Benz Research & Development North America, Inc",AVT002,1/17/2020,WDD2221591A470497,No,Yes,AV System,Street,The planner was not able to generate a valid trajectory. The system asked the operator to take control of the vehicle. 
"Mercedes Benz Research & Development North America, Inc",AVT002,1/17/2020,WDD2221591A470497,No,Yes,AV System,Street,The planner was not able to generate a valid trajectory. The system asked the operator to take control of the vehicle. 
"Mercedes Benz Research & Development North America, Inc",AVT002,1/17/2020,WDD2221591A470497,No,Yes,AV System,Street,The planner was not able to generate a valid trajectory. The system asked the operator to take control of the vehicle. 
"Mercedes Benz Research & Development North America, Inc",AVT002,1/17/2020,WDD2221591A470497,No,Yes,AV System,Street,The planner was not able to generate a valid trajectory. The system asked the operator to take control of the vehicle. 
"Mercedes Benz Research & Development North America, Inc",AVT002,1/17/2020,WDD2221591A470497,No,Yes,Test Driver,Street,The operator disengaged the system manually to remain in the operational design domain. This was accomplished by pressing the brake pedal to reduce the velocity of the vehicle.
"Mercedes Benz Research & Development North America, Inc",AVT002,1/17/2020,WDD2221591A470497,No,Yes,AV System,Street,The planner was not able to generate a valid trajectory. The system asked the operator to take control of the vehicle. 
"Mercedes Benz Research & Development North America, Inc",AVT002,1/17/2020,WDD2221591A470497,No,Yes,Test Driver,Street,The operator disengaged the system manually to remain in the operational design domain. This was accomplished by pressing the brake pedal to reduce the velocity of the vehicle.
"Mercedes Benz Research & Development North America, Inc",AVT002,1/17/2020,WDD2221591A470502,No,Yes,Test Driver,Street,The operator disengaged the system manually to remain in the operational design domain. The driver performed a steering manouver to correct the trajectory of the vehicle.
"Mercedes Benz Research & Development North America, Inc",AVT002,1/17/2020,WDD2221591A470502,No,Yes,Test Driver,Street,The operator disengaged the system manually to remain in the operational design domain. The driver performed a steering manouver to correct the trajectory of the vehicle.
"Mercedes Benz Research & Development North America, Inc",AVT002,1/17/2020,WDD2221591A470502,No,Yes,Test Driver,Street,The operator disengaged the system manually to remain in the operational design domain. The driver performed a steering manouver to correct the trajectory of the vehicle.
"Mercedes Benz Research & Development North America, Inc",AVT002,1/17/2020,WDD2221591A470502,No,Yes,Test Driver,Street,The operator disengaged the system manually to remain in the operational design domain. The driver performed a steering manouver to correct the trajectory of the vehicle.
"Mercedes Benz Research & Development North America, Inc",AVT002,1/17/2020,WDD2221591A470502,No,Yes,Test Driver,Street,The operator disengaged the system manually to remain in the operational design domain. The driver performed a steering manouver to correct the trajectory of the vehicle.
"Mercedes Benz Research & Development North America, Inc",AVT002,1/17/2020,WDD2221591A470502,No,Yes,AV System,Street,The planner was not able to generate a valid trajectory. The system asked the operator to take control of the vehicle. 
"Mercedes Benz Research & Development North America, Inc",AVT002,1/17/2020,WDD2221591A470502,No,Yes,AV System,Street,The planner was not able to generate a valid trajectory. The system asked the operator to take control of the vehicle. 
"Mercedes Benz Research & Development North America, Inc",AVT002,1/17/2020,WDD2221591A470502,No,Yes,Test Driver,Street,The operator disengaged the system manually to remain in the operational design domain. This was accomplished by pressing the brake pedal to reduce the velocity of the vehicle.
"Mercedes Benz Research & Development North America, Inc",AVT002,1/17/2020,WDD2221591A470502,No,Yes,Test Driver,Street,The operator disengaged the system manually to remain in the operational design domain. This was accomplished by pressing the brake pedal to reduce the velocity of the vehicle.
"Mercedes Benz Research & Development North America, Inc",AVT002,1/17/2020,WDD2221591A470502,No,Yes,AV System,Street,The planner was not able to generate a valid trajectory. The system asked the operator to take control of the vehicle. 
"Mercedes Benz Research & Development North America, Inc",AVT002,1/17/2020,WDD2221591A470502,No,Yes,Test Driver,Street,The operator disengaged the system manually to remain in the operational design domain. This was accomplished by pressing the brake pedal to reduce the velocity of the vehicle.
"Mercedes Benz Research & Development North America, Inc",AVT002,1/17/2020,WDD2221591A470502,No,Yes,Test Driver,Street,The operator disengaged the system manually to remain in the operational design domain. This was accomplished by pressing the brake pedal to reduce the velocity of the vehicle.
"Mercedes Benz Research & Development North America, Inc",AVT002,1/17/2020,WDD2221591A470502,No,Yes,Test Driver,Street,The operator disengaged the system manually to remain in the operational design domain. The driver performed a steering manouver to correct the trajectory of the vehicle.
"Mercedes Benz Research & Development North America, Inc",AVT002,1/17/2020,WDD2221591A470502,No,Yes,AV System,Street,The planner was not able to generate a valid trajectory. The system asked the operator to take control of the vehicle. 
"Mercedes Benz Research & Development North America, Inc",AVT002,1/17/2020,WDD2221591A470500,No,Yes,AV System,Street,The system disengaged because of an error with the fusion component. The system asked the operator to take control of the vehicle.
"Mercedes Benz Research & Development North America, Inc",AVT002,1/17/2020,WDD2221591A470500,No,Yes,AV System,Street,The system disengaged because of an error with the fusion component. The system asked the operator to take control of the vehicle.
"Mercedes Benz Research & Development North America, Inc",AVT002,1/17/2020,WDD2221591A417319,No,Yes,Test Driver,Street,The operator disengaged the system manually to remain in the operational design domain. This was accomplished by pressing the brake pedal to reduce the velocity of the vehicle.
"Mercedes Benz Research & Development North America, Inc",AVT002,1/17/2020,WDD2221591A417319,No,Yes,Test Driver,Street,The operator disengaged the system manually to remain in the operational design domain. This was accomplished by pressing the brake pedal to reduce the velocity of the vehicle.
"Mercedes Benz Research & Development North America, Inc",AVT002,1/17/2020,WDD2221591A417319,No,Yes,Test Driver,Street,The operator disengaged the system manually to remain in the operational design domain. The driver performed a steering manouver to correct the trajectory of the vehicle.
"Mercedes Benz Research & Development North America, Inc",AVT002,1/17/2020,WDD2221591A417319,No,Yes,AV System,Street,The planner was not able to generate a valid trajectory. The system asked the operator to take control of the vehicle. 
"Mercedes Benz Research & Development North America, Inc",AVT002,1/17/2020,WDDUG8GB3JA405273,No,Yes,AV System,Freeway,A general error caused the system to stop the engaged status. Vehicle not in an active construction zone. No emergency vehicles or collisions present in the vicinity. Weather and/or road conditions dry in the area.
"Mercedes Benz Research & Development North America, Inc",AVT002,1/18/2020,WDD2221591A417319,No,Yes,Test Driver,Street,The operator disengaged the system manually to remain in the operational design domain. The driver performed a steering manouver to correct the trajectory of the vehicle.
"Mercedes Benz Research & Development North America, Inc",AVT002,1/18/2020,WDDUG8GB3JA405273,No,Yes,AV System,Freeway,A general error caused the system to stop the engaged status. Vehicle not in an active construction zone. No emergency vehicles or collisions present in the vicinity. Weather and/or road conditions dry in the area.
"Mercedes Benz Research & Development North America, Inc",AVT002,1/18/2020,WDDUG8GB3JA405273,No,Yes,AV System,Freeway,Driver performed steering maneuver because the vehicle didn’t drive on the expected path. Vehicle not in an active construction zone. No emergency vehicles or collisions present in the vicinity. Weather and/or road conditions dry in the area.
"Mercedes Benz Research & Development North America, Inc",AVT002,1/20/2020,WDD2221591A470147,No,Yes,AV System,Street,The planner was not able to generate a valid trajectory. The system asked the operator to take control of the vehicle. 
"Mercedes Benz Research & Development North America, Inc",AVT002,1/20/2020,WDD2221591A470147,No,Yes,AV System,Street,The system disengaged because of an error with the maps component. The system asked the operator to take control of the vehicle.
"Mercedes Benz Research & Development North America, Inc",AVT002,1/20/2020,WDD2221591A470147,No,Yes,AV System,Street,The planner was not able to generate a valid trajectory. The system asked the operator to take control of the vehicle. 
"Mercedes Benz Research & Development North America, Inc",AVT002,1/21/2020,WDD2221591A470497,No,Yes,AV System,Street,The planner was not able to generate a valid trajectory. The system asked the operator to take control of the vehicle. 
"Mercedes Benz Research & Development North America, Inc",AVT002,1/21/2020,WDD2221591A470497,No,Yes,Test Driver,Street,The operator disengaged the system manually to remain in the operational design domain. The driver performed a steering manouver to correct the trajectory of the vehicle.
"Mercedes Benz Research & Development North America, Inc",AVT002,1/21/2020,WDD2221591A470497,No,Yes,AV System,Street,The planner was not able to generate a valid trajectory. The system asked the operator to take control of the vehicle. 
"Mercedes Benz Research & Development North America, Inc",AVT002,1/21/2020,WDD2221591A470497,No,Yes,AV System,Street,An issue with motion control system caused the system to disengage. The system asked the operator to take control of the vehicle.
"Mercedes Benz Research & Development North America, Inc",AVT002,1/21/2020,WDD2221591A470497,No,Yes,AV System,Street,The planner was not able to generate a valid trajectory. The system asked the operator to take control of the vehicle. 
"Mercedes Benz Research & Development North America, Inc",AVT002,1/21/2020,WDD2221591A470497,No,Yes,AV System,Street,The planner was not able to generate a valid trajectory. The system asked the operator to take control of the vehicle. 
"Mercedes Benz Research & Development North America, Inc",AVT002,1/21/2020,WDD2221591A470497,No,Yes,AV System,Street,The planner was not able to generate a valid trajectory. The system asked the operator to take control of the vehicle. 
"Mercedes Benz Research & Development North America, Inc",AVT002,1/21/2020,WDD2221591A470497,No,Yes,AV System,Street,The planner was not able to generate a valid trajectory. The system asked the operator to take control of the vehicle. 
"Mercedes Benz Research & Development North America, Inc",AVT002,1/21/2020,WDD2221591A470500,No,Yes,AV System,Street,The planner was not able to generate a valid trajectory. The system asked the operator to take control of the vehicle. 
"Mercedes Benz Research & Development North America, Inc",AVT002,1/21/2020,WDD2221591A470500,No,Yes,Test Driver,Street,The operator disengaged the system manually to remain in the operational design domain. The driver performed a steering manouver to correct the trajectory of the vehicle.
"Mercedes Benz Research & Development North America, Inc",AVT002,1/21/2020,WDD2221591A417319,No,Yes,Test Driver,Street,The operator disengaged the system manually to remain in the operational design domain. The driver performed a steering manouver to correct the trajectory of the vehicle.
"Mercedes Benz Research & Development North America, Inc",AVT002,1/21/2020,WDD2221591A417319,No,Yes,Test Driver,Street,The operator disengaged the system manually to remain in the operational design domain. The driver performed a steering manouver to correct the trajectory of the vehicle.
"Mercedes Benz Research & Development North America, Inc",AVT002,1/21/2020,WDD2221591A470147,No,Yes,Test Driver,Street,The operator disengaged the system manually to remain in the operational design domain. This was accomplished by pressing the brake pedal to reduce the velocity of the vehicle.
"Mercedes Benz Research & Development North America, Inc",AVT002,1/21/2020,WDD2221591A470147,No,Yes,AV System,Street,The planner was not able to generate a valid trajectory. The system asked the operator to take control of the vehicle. 
"Mercedes Benz Research & Development North America, Inc",AVT002,1/21/2020,WDD2221591A470147,No,Yes,AV System,Street,The system disengaged because of an error with the maps component. The system asked the operator to take control of the vehicle.
"Mercedes Benz Research & Development North America, Inc",AVT002,1/21/2020,WDD2221591A470238,No,Yes,Test Driver,Street,The operator disengaged the system manually to remain in the operational design domain. This was accomplished by pressing the brake pedal to reduce the velocity of the vehicle.
"Mercedes Benz Research & Development North America, Inc",AVT002,1/21/2020,WDD2221591A470238,No,Yes,Test Driver,Street,The operator disengaged the system manually to remain in the operational design domain. This was accomplished by pressing the brake pedal to reduce the velocity of the vehicle.
"Mercedes Benz Research & Development North America, Inc",AVT002,1/21/2020,WDD2221591A470238,No,Yes,AV System,Street,The planner was not able to generate a valid trajectory. The system asked the operator to take control of the vehicle. 
"Mercedes Benz Research & Development North America, Inc",AVT002,1/21/2020,WDD2221591A470238,No,Yes,Test Driver,Street,The operator disengaged the system manually to remain in the operational design domain. This was accomplished by pressing the brake pedal to reduce the velocity of the vehicle.
"Mercedes Benz Research & Development North America, Inc",AVT002,1/21/2020,WDD2221591A470238,No,Yes,Test Driver,Street,The operator disengaged the system manually to remain in the operational design domain. This was accomplished by pressing the brake pedal to reduce the velocity of the vehicle.
"Mercedes Benz Research & Development North America, Inc",AVT002,1/21/2020,WDD2221591A470238,No,Yes,Test Driver,Street,The operator disengaged the system manually to remain in the operational design domain. This was accomplished by pressing the brake pedal to reduce the velocity of the vehicle.
"Mercedes Benz Research & Development North America, Inc",AVT002,1/21/2020,WDD2221591A470238,No,Yes,Test Driver,Street,The operator disengaged the system manually to remain in the operational design domain. This was accomplished by pressing the brake pedal to reduce the velocity of the vehicle.
"Mercedes Benz Research & Development North America, Inc",AVT002,1/21/2020,WDD2221591A470238,No,Yes,AV System,Street,The planner was not able to generate a valid trajectory. The system asked the operator to take control of the vehicle. 
"Mercedes Benz Research & Development North America, Inc",AVT002,1/21/2020,WDD2221591A470238,No,Yes,Test Driver,Street,The operator disengaged the system manually to remain in the operational design domain. This was accomplished by pressing the brake pedal to reduce the velocity of the vehicle.
"Mercedes Benz Research & Development North America, Inc",AVT002,1/21/2020,WDD2221591A470238,No,Yes,AV System,Street,The planner was not able to generate a valid trajectory. The system asked the operator to take control of the vehicle. 
"Mercedes Benz Research & Development North America, Inc",AVT002,1/21/2020,WDD2221591A470238,No,Yes,AV System,Street,The planner was not able to generate a valid trajectory. The system asked the operator to take control of the vehicle. 
"Mercedes Benz Research & Development North America, Inc",AVT002,1/21/2020,WDD2221591A470238,No,Yes,AV System,Street,The planner was not able to generate a valid trajectory. The system asked the operator to take control of the vehicle. 
"Mercedes Benz Research & Development North America, Inc",AVT002,1/21/2020,WDD2221591A470238,No,Yes,Test Driver,Street,The operator disengaged the system manually to remain in the operational design domain. The driver performed a steering manouver to correct the trajectory of the vehicle.
"Mercedes Benz Research & Development North America, Inc",AVT002,1/21/2020,WDDUG8GB3JA405273,No,Yes,AV System,Freeway,Driver performed steering maneuver because the vehicle didn’t drive on the expected path. Vehicle not in an active construction zone. No emergency vehicles or collisions present in the vicinity. Weather and/or road conditions dry in the area.
"Mercedes Benz Research & Development North America, Inc",AVT002,1/21/2020,WDDUG8GB3JA405273,No,Yes,AV System,Freeway,A general error caused the system to stop the engaged status. Vehicle not in an active construction zone. No emergency vehicles or collisions present in the vicinity. Weather and/or road conditions dry in the area.
"Mercedes Benz Research & Development North America, Inc",AVT002,1/21/2020,WDDUG8GB3JA405273,No,Yes,AV System,Freeway,A general error caused the system to stop the engaged status. Vehicle not in an active construction zone. No emergency vehicles or collisions present in the vicinity. Weather and/or road conditions dry in the area.
"Mercedes Benz Research & Development North America, Inc",AVT002,1/22/2020,WDD2221591A470497,No,Yes,Test Driver,Street,The operator disengaged the system manually to remain in the operational design domain. This was accomplished by pressing the brake pedal to reduce the velocity of the vehicle.
"Mercedes Benz Research & Development North America, Inc",AVT002,1/22/2020,WDD2221591A470497,No,Yes,AV System,Street,The planner was not able to generate a valid trajectory. The system asked the operator to take control of the vehicle. 
"Mercedes Benz Research & Development North America, Inc",AVT002,1/22/2020,WDD2221591A470497,No,Yes,AV System,Street,The planner was not able to generate a valid trajectory. The system asked the operator to take control of the vehicle. 
"Mercedes Benz Research & Development North America, Inc",AVT002,1/22/2020,WDD2221591A470497,No,Yes,Test Driver,Street,The operator disengaged the system manually to remain in the operational design domain. This was accomplished by pressing the brake pedal to reduce the velocity of the vehicle.
"Mercedes Benz Research & Development North America, Inc",AVT002,1/22/2020,WDD2221591A470497,No,Yes,Test Driver,Street,The operator disengaged the system manually to remain in the operational design domain. This was accomplished by pressing the brake pedal to reduce the velocity of the vehicle.
"Mercedes Benz Research & Development North America, Inc",AVT002,1/22/2020,WDD2221591A470500,No,Yes,Test Driver,Street,The operator disengaged the system manually to remain in the operational design domain. This was accomplished by pressing the brake pedal to reduce the velocity of the vehicle.
"Mercedes Benz Research & Development North America, Inc",AVT002,1/22/2020,WDD2221591A470500,No,Yes,AV System,Street,The planner was not able to generate a valid trajectory. The system asked the operator to take control of the vehicle. 
"Mercedes Benz Research & Development North America, Inc",AVT002,1/22/2020,WDD2221591A470500,No,Yes,AV System,Street,The planner was not able to generate a valid trajectory. The system asked the operator to take control of the vehicle. 
"Mercedes Benz Research & Development North America, Inc",AVT002,1/22/2020,WDD2221591A470500,No,Yes,Test Driver,Street,The planner was not able to generate a valid trajectory. The system asked the operator to take control of the vehicle. The operator disengaged the system manually to remain in the operational design domain. This was accomplished by pressing the brake pedal to reduce the velocity of the vehicle.
"Mercedes Benz Research & Development North America, Inc",AVT002,1/22/2020,WDD2221591A470500,No,Yes,AV System,Street,The planner was not able to generate a valid trajectory. The system asked the operator to take control of the vehicle. 
"Mercedes Benz Research & Development North America, Inc",AVT002,1/22/2020,WDD2221591A470500,No,Yes,Test Driver,Street,The operator disengaged the system manually to remain in the operational design domain. This was accomplished by pressing the brake pedal to reduce the velocity of the vehicle.
"Mercedes Benz Research & Development North America, Inc",AVT002,1/22/2020,WDD2221591A470500,No,Yes,AV System,Street,The planner was not able to generate a valid trajectory. The system asked the operator to take control of the vehicle. 
"Mercedes Benz Research & Development North America, Inc",AVT002,1/22/2020,WDD2221591A470500,No,Yes,AV System,Street,The planner was not able to generate a valid trajectory. The system asked the operator to take control of the vehicle. 
"Mercedes Benz Research & Development North America, Inc",AVT002,1/22/2020,WDD2221591A470238,No,Yes,Test Driver,Street,The operator disengaged the system manually to remain in the operational design domain. The driver performed a steering manouver to correct the trajectory of the vehicle.
"Mercedes Benz Research & Development North America, Inc",AVT002,1/22/2020,WDD2221591A470238,No,Yes,AV System,Street,The planner was not able to generate a valid trajectory. The system asked the operator to take control of the vehicle. 
"Mercedes Benz Research & Development North America, Inc",AVT002,1/22/2020,WDD2221591A470238,No,Yes,AV System,Street,The planner was not able to generate a valid trajectory. The system asked the operator to take control of the vehicle. 
"Mercedes Benz Research & Development North America, Inc",AVT002,1/22/2020,WDD2221591A470238,No,Yes,AV System,Street,The planner was not able to generate a valid trajectory. The system asked the operator to take control of the vehicle. 
"Mercedes Benz Research & Development North America, Inc",AVT002,1/22/2020,WDD2221591A470238,No,Yes,AV System,Street,The planner was not able to generate a valid trajectory. The system asked the operator to take control of the vehicle. 
"Mercedes Benz Research & Development North America, Inc",AVT002,1/22/2020,WDD2221591A470238,No,Yes,AV System,Street,The planner was not able to generate a valid trajectory. The system asked the operator to take control of the vehicle. 
"Mercedes Benz Research & Development North America, Inc",AVT002,1/22/2020,WDD2221591A470238,No,Yes,AV System,Street,The planner was not able to generate a valid trajectory. The system asked the operator to take control of the vehicle. 
"Mercedes Benz Research & Development North America, Inc",AVT002,1/22/2020,WDD2221591A470238,No,Yes,AV System,Street,The planner was not able to generate a valid trajectory. The system asked the operator to take control of the vehicle. 
"Mercedes Benz Research & Development North America, Inc",AVT002,1/22/2020,WDD2221591A470238,No,Yes,AV System,Street,The planner was not able to generate a valid trajectory. The system asked the operator to take control of the vehicle. 
"Mercedes Benz Research & Development North America, Inc",AVT002,1/22/2020,WDD2221591A470238,No,Yes,Test Driver,Street,The operator disengaged the system manually to remain in the operational design domain. This was accomplished by pressing the brake pedal to reduce the velocity of the vehicle.
"Mercedes Benz Research & Development North America, Inc",AVT002,1/23/2020,WDD2221591A470497,No,Yes,Test Driver,Street,The operator disengaged the system manually to remain in the operational design domain. This was accomplished by pressing the brake pedal to reduce the velocity of the vehicle.
"Mercedes Benz Research & Development North America, Inc",AVT002,1/23/2020,WDD2221591A470497,No,Yes,Test Driver,Street,The operator disengaged the system manually to remain in the operational design domain. The driver performed a steering manouver to correct the trajectory of the vehicle.
"Mercedes Benz Research & Development North America, Inc",AVT002,1/23/2020,WDD2221591A470497,No,Yes,AV System,Street,The planner was not able to generate a valid trajectory. The system asked the operator to take control of the vehicle. 
"Mercedes Benz Research & Development North America, Inc",AVT002,1/23/2020,WDD2221591A470497,No,Yes,AV System,Street,The planner was not able to generate a valid trajectory. The system asked the operator to take control of the vehicle. 
"Mercedes Benz Research & Development North America, Inc",AVT002,1/23/2020,WDD2221591A470502,No,Yes,AV System,Street,The planner was not able to generate a valid trajectory. The system asked the operator to take control of the vehicle. 
"Mercedes Benz Research & Development North America, Inc",AVT002,1/23/2020,WDD2221591A470500,No,Yes,Test Driver,Street,The operator disengaged the system manually to remain in the operational design domain. This was accomplished by pressing the brake pedal to reduce the velocity of the vehicle.
"Mercedes Benz Research & Development North America, Inc",AVT002,1/23/2020,WDD2221591A470500,No,Yes,AV System,Street,The planner was not able to generate a valid trajectory. The system asked the operator to take control of the vehicle. 
"Mercedes Benz Research & Development North America, Inc",AVT002,1/23/2020,WDD2221591A470500,No,Yes,AV System,Street,The planner was not able to generate a valid trajectory. The system asked the operator to take control of the vehicle. 
"Mercedes Benz Research & Development North America, Inc",AVT002,1/23/2020,WDD2221591A470500,No,Yes,Test Driver,Street,The operator disengaged the system manually to remain in the operational design domain. The driver performed a steering manouver to correct the trajectory of the vehicle.
"Mercedes Benz Research & Development North America, Inc",AVT002,1/23/2020,WDD2221591A470147,No,Yes,AV System,Street,The planner was not able to generate a valid trajectory. The system asked the operator to take control of the vehicle. 
"Mercedes Benz Research & Development North America, Inc",AVT002,1/23/2020,WDD2221591A470147,No,Yes,AV System,Street,The planner was not able to generate a valid trajectory. The system asked the operator to take control of the vehicle. 
"Mercedes Benz Research & Development North America, Inc",AVT002,1/23/2020,WDD2221591A470147,No,Yes,AV System,Street,The system disengaged because of an error with the maps component. The system asked the operator to take control of the vehicle.
"Mercedes Benz Research & Development North America, Inc",AVT002,1/23/2020,WDD2221591A470147,No,Yes,AV System,Street,The planner was not able to generate a valid trajectory. The system asked the operator to take control of the vehicle. 
"Mercedes Benz Research & Development North America, Inc",AVT002,1/23/2020,WDD2221591A470147,No,Yes,Test Driver,Street,The operator disengaged the system manually to remain in the operational design domain. This was accomplished by pressing the brake pedal to reduce the velocity of the vehicle.
"Mercedes Benz Research & Development North America, Inc",AVT002,1/23/2020,WDD2221591A470147,No,Yes,Test Driver,Street,The operator disengaged the system manually to remain in the operational design domain. This was accomplished by pressing the brake pedal to reduce the velocity of the vehicle.
"Mercedes Benz Research & Development North America, Inc",AVT002,1/23/2020,WDD2221591A470238,No,Yes,AV System,Street,The planner was not able to generate a valid trajectory. The system asked the operator to take control of the vehicle. 
"Mercedes Benz Research & Development North America, Inc",AVT002,1/23/2020,WDD2221591A470238,No,Yes,Test Driver,Street,The operator disengaged the system manually to remain in the operational design domain. This was accomplished by pressing the brake pedal to reduce the velocity of the vehicle.
"Mercedes Benz Research & Development North America, Inc",AVT002,1/23/2020,WDD2221591A470238,No,Yes,Test Driver,Street,The operator disengaged the system manually to remain in the operational design domain. The driver performed a steering manouver to correct the trajectory of the vehicle.
"Mercedes Benz Research & Development North America, Inc",AVT002,1/23/2020,WDD2221591A470238,No,Yes,Test Driver,Street,The operator disengaged the system manually to remain in the operational design domain. The driver performed a steering manouver to correct the trajectory of the vehicle.
"Mercedes Benz Research & Development North America, Inc",AVT002,1/23/2020,WDD2221591A470238,No,Yes,AV System,Street,The planner was not able to generate a valid trajectory. The system asked the operator to take control of the vehicle. 
"Mercedes Benz Research & Development North America, Inc",AVT002,1/24/2020,WDD2221591A470497,No,Yes,AV System,Street,The planner was not able to generate a valid trajectory. The system asked the operator to take control of the vehicle. 
"Mercedes Benz Research & Development North America, Inc",AVT002,1/24/2020,WDD2221591A470497,No,Yes,Test Driver,Street,The operator disengaged the system manually to remain in the operational design domain. This was accomplished by pressing the brake pedal to reduce the velocity of the vehicle.
"Mercedes Benz Research & Development North America, Inc",AVT002,1/24/2020,WDD2221591A470497,No,Yes,Test Driver,Street,The operator disengaged the system manually to remain in the operational design domain. This was accomplished by pressing the brake pedal to reduce the velocity of the vehicle.
"Mercedes Benz Research & Development North America, Inc",AVT002,1/24/2020,WDD2221591A470497,No,Yes,AV System,Street,The planner was not able to generate a valid trajectory. The system asked the operator to take control of the vehicle. 
"Mercedes Benz Research & Development North America, Inc",AVT002,1/24/2020,WDD2221591A470497,No,Yes,AV System,Street,The planner was not able to generate a valid trajectory. The system asked the operator to take control of the vehicle. 
"Mercedes Benz Research & Development North America, Inc",AVT002,1/24/2020,WDD2221591A470497,No,Yes,AV System,Street,The planner was not able to generate a valid trajectory. The system asked the operator to take control of the vehicle. 
"Mercedes Benz Research & Development North America, Inc",AVT002,1/24/2020,WDD2221591A470497,No,Yes,AV System,Street,The planner was not able to generate a valid trajectory. The system asked the operator to take control of the vehicle. 
"Mercedes Benz Research & Development North America, Inc",AVT002,1/24/2020,WDD2221591A470497,No,Yes,AV System,Street,The planner was not able to generate a valid trajectory. The system asked the operator to take control of the vehicle. 
"Mercedes Benz Research & Development North America, Inc",AVT002,1/24/2020,WDD2221591A470497,No,Yes,Test Driver,Street,The operator disengaged the system manually to remain in the operational design domain. The driver performed a steering manouver to correct the trajectory of the vehicle.
"Mercedes Benz Research & Development North America, Inc",AVT002,1/24/2020,WDD2221591A470497,No,Yes,AV System,Street,The planner was not able to generate a valid trajectory. The system asked the operator to take control of the vehicle. 
"Mercedes Benz Research & Development North America, Inc",AVT002,1/24/2020,WDD2221591A470497,No,Yes,AV System,Street,The planner was not able to generate a valid trajectory. The system asked the operator to take control of the vehicle. 
"Mercedes Benz Research & Development North America, Inc",AVT002,1/24/2020,WDD2221591A470497,No,Yes,Test Driver,Street,The operator disengaged the system manually to remain in the operational design domain. This was accomplished by pressing the brake pedal to reduce the velocity of the vehicle.
"Mercedes Benz Research & Development North America, Inc",AVT002,1/24/2020,WDD2221591A470497,No,Yes,Test Driver,Street,The operator disengaged the system manually to remain in the operational design domain. The driver performed a steering manouver to correct the trajectory of the vehicle.
"Mercedes Benz Research & Development North America, Inc",AVT002,1/24/2020,WDD2221591A470497,No,Yes,AV System,Street,The planner was not able to generate a valid trajectory. The system asked the operator to take control of the vehicle. 
"Mercedes Benz Research & Development North America, Inc",AVT002,1/24/2020,WDD2221591A470497,No,Yes,AV System,Street,The planner was not able to generate a valid trajectory. The system asked the operator to take control of the vehicle. 
"Mercedes Benz Research & Development North America, Inc",AVT002,1/24/2020,WDD2221591A470502,No,Yes,Test Driver,Street,The operator disengaged the system manually to remain in the operational design domain. This was accomplished by pressing the brake pedal to reduce the velocity of the vehicle.
"Mercedes Benz Research & Development North America, Inc",AVT002,1/24/2020,WDD2221591A470502,No,Yes,AV System,Street,The planner was not able to generate a valid trajectory. The system asked the operator to take control of the vehicle. 
"Mercedes Benz Research & Development North America, Inc",AVT002,1/24/2020,WDD2221591A470502,No,Yes,AV System,Street,The planner was not able to generate a valid trajectory. The system asked the operator to take control of the vehicle. 
"Mercedes Benz Research & Development North America, Inc",AVT002,1/24/2020,WDD2221591A470502,No,Yes,AV System,Street,The planner was not able to generate a valid trajectory. The system asked the operator to take control of the vehicle. 
"Mercedes Benz Research & Development North America, Inc",AVT002,1/24/2020,WDD2221591A470500,No,Yes,AV System,Street,The planner was not able to generate a valid trajectory. The system asked the operator to take control of the vehicle. 
"Mercedes Benz Research & Development North America, Inc",AVT002,1/24/2020,WDD2221591A470500,No,Yes,Test Driver,Street,The operator disengaged the system manually to remain in the operational design domain. This was accomplished by pressing the brake pedal to reduce the velocity of the vehicle.
"Mercedes Benz Research & Development North America, Inc",AVT002,1/24/2020,WDD2221591A470500,No,Yes,AV System,Street,The planner was not able to generate a valid trajectory. The system asked the operator to take control of the vehicle. 
"Mercedes Benz Research & Development North America, Inc",AVT002,1/24/2020,WDD2221591A470500,No,Yes,AV System,Street,The planner was not able to generate a valid trajectory. The system asked the operator to take control of the vehicle. 
"Mercedes Benz Research & Development North America, Inc",AVT002,1/24/2020,WDD2221591A470500,No,Yes,Test Driver,Street,The operator disengaged the system manually to remain in the operational design domain. This was accomplished by pressing the brake pedal to reduce the velocity of the vehicle.
"Mercedes Benz Research & Development North America, Inc",AVT002,1/24/2020,WDD2221591A470500,No,Yes,Test Driver,Street,The operator disengaged the system manually to remain in the operational design domain. This was accomplished by pressing the brake pedal to reduce the velocity of the vehicle.
"Mercedes Benz Research & Development North America, Inc",AVT002,1/24/2020,WDD2221591A470147,No,Yes,Test Driver,Street,The operator disengaged the system manually to remain in the operational design domain. This was accomplished by pressing the brake pedal to reduce the velocity of the vehicle.
"Mercedes Benz Research & Development North America, Inc",AVT002,1/24/2020,WDD2221591A470147,No,Yes,AV System,Street,The planner was not able to generate a valid trajectory. The system asked the operator to take control of the vehicle. 
"Mercedes Benz Research & Development North America, Inc",AVT002,1/24/2020,WDD2221591A470147,No,Yes,Test Driver,Street,The operator disengaged the system manually to remain in the operational design domain. This was accomplished by pressing the brake pedal to reduce the velocity of the vehicle.
"Mercedes Benz Research & Development North America, Inc",AVT002,1/24/2020,WDD2221591A470147,No,Yes,Test Driver,Street,The operator disengaged the system manually to remain in the operational design domain. This was accomplished by pressing the brake pedal to reduce the velocity of the vehicle.
"Mercedes Benz Research & Development North America, Inc",AVT002,1/24/2020,WDD2221591A470147,No,Yes,Test Driver,Street,The operator disengaged the system manually to remain in the operational design domain. The driver performed a steering manouver to correct the trajectory of the vehicle.
"Mercedes Benz Research & Development North America, Inc",AVT002,1/24/2020,WDD2221591A470147,No,Yes,Test Driver,Street,The operator disengaged the system manually to remain in the operational design domain. This was accomplished by pressing the brake pedal to reduce the velocity of the vehicle.
"Mercedes Benz Research & Development North America, Inc",AVT002,1/24/2020,WDD2221591A470147,No,Yes,AV System,Street,The system disengaged because of an error with the maps component. The system asked the operator to take control of the vehicle.
"Mercedes Benz Research & Development North America, Inc",AVT002,1/24/2020,WDD2221591A470147,No,Yes,AV System,Street,The planner was not able to generate a valid trajectory. The system asked the operator to take control of the vehicle. 
"Mercedes Benz Research & Development North America, Inc",AVT002,1/24/2020,WDD2221591A470147,No,Yes,AV System,Street,The system disengaged because of an error with the maps component. The system asked the operator to take control of the vehicle.
"Mercedes Benz Research & Development North America, Inc",AVT002,1/24/2020,WDD2221591A470238,No,Yes,Test Driver,Street,The operator disengaged the system manually to remain in the operational design domain. This was accomplished by pressing the brake pedal to reduce the velocity of the vehicle.
"Mercedes Benz Research & Development North America, Inc",AVT002,1/24/2020,WDD2221591A470238,No,Yes,AV System,Street,The planner was not able to generate a valid trajectory. The system asked the operator to take control of the vehicle. 
"Mercedes Benz Research & Development North America, Inc",AVT002,1/25/2020,WDD2221591A470500,No,Yes,AV System,Street,The planner was not able to generate a valid trajectory. The system asked the operator to take control of the vehicle. 
"Mercedes Benz Research & Development North America, Inc",AVT002,1/25/2020,WDD2221591A470500,No,Yes,AV System,Street,An issue with environment model caused the system to disengage. The system asked the operator to take control of the vehicle.
"Mercedes Benz Research & Development North America, Inc",AVT002,1/27/2020,WDD2221591A470497,No,Yes,Test Driver,Street,The operator disengaged the system manually to remain in the operational design domain. This was accomplished by pressing the brake pedal to reduce the velocity of the vehicle.
"Mercedes Benz Research & Development North America, Inc",AVT002,1/27/2020,WDD2221591A470497,No,Yes,AV System,Street,The planner was not able to generate a valid trajectory. The system asked the operator to take control of the vehicle. 
"Mercedes Benz Research & Development North America, Inc",AVT002,1/27/2020,WDD2221591A470497,No,Yes,Test Driver,Street,The operator disengaged the system manually to remain in the operational design domain. The driver performed a steering manouver to correct the trajectory of the vehicle.
"Mercedes Benz Research & Development North America, Inc",AVT002,1/27/2020,WDD2221591A470497,No,Yes,AV System,Street,The planner was not able to generate a valid trajectory. The system asked the operator to take control of the vehicle. 
"Mercedes Benz Research & Development North America, Inc",AVT002,1/27/2020,WDD2221591A470497,No,Yes,Test Driver,Street,The operator disengaged the system manually to remain in the operational design domain. The driver performed a steering manouver to correct the trajectory of the vehicle.
"Mercedes Benz Research & Development North America, Inc",AVT002,1/27/2020,WDD2221591A470497,No,Yes,AV System,Street,The planner was not able to generate a valid trajectory. The system asked the operator to take control of the vehicle. 
"Mercedes Benz Research & Development North America, Inc",AVT002,1/27/2020,WDD2221591A470497,No,Yes,AV System,Street,The planner was not able to generate a valid trajectory. The system asked the operator to take control of the vehicle. 
"Mercedes Benz Research & Development North America, Inc",AVT002,1/27/2020,WDD2221591A470497,No,Yes,AV System,Street,The planner was not able to generate a valid trajectory. The system asked the operator to take control of the vehicle. 
"Mercedes Benz Research & Development North America, Inc",AVT002,1/27/2020,WDD2221591A470497,No,Yes,AV System,Street,The planner was not able to generate a valid trajectory. The system asked the operator to take control of the vehicle. 
"Mercedes Benz Research & Development North America, Inc",AVT002,1/27/2020,WDD2221591A470147,No,Yes,AV System,Street,The planner was not able to generate a valid trajectory. The system asked the operator to take control of the vehicle. 
"Mercedes Benz Research & Development North America, Inc",AVT002,1/27/2020,WDD2221591A470147,No,Yes,AV System,Street,The planner was not able to generate a valid trajectory. The system asked the operator to take control of the vehicle. 
"Mercedes Benz Research & Development North America, Inc",AVT002,1/27/2020,WDD2221591A470147,No,Yes,Test Driver,Street,The operator disengaged the system manually to remain in the operational design domain. This was accomplished by pressing the brake pedal to reduce the velocity of the vehicle.
"Mercedes Benz Research & Development North America, Inc",AVT002,1/27/2020,WDD2221591A470147,No,Yes,Test Driver,Street,The operator disengaged the system manually to remain in the operational design domain. The driver performed a steering manouver to correct the trajectory of the vehicle.
"Mercedes Benz Research & Development North America, Inc",AVT002,1/27/2020,WDD2221591A470147,No,Yes,Test Driver,Street,The operator disengaged the system manually to remain in the operational design domain. This was accomplished by pressing the brake pedal to reduce the velocity of the vehicle.
"Mercedes Benz Research & Development North America, Inc",AVT002,1/27/2020,WDD2221591A470147,No,Yes,Test Driver,Street,The operator disengaged the system manually to remain in the operational design domain. The driver performed a steering manouver to correct the trajectory of the vehicle.
"Mercedes Benz Research & Development North America, Inc",AVT002,1/27/2020,WDD2221591A470147,No,Yes,Test Driver,Street,The operator disengaged the system manually to remain in the operational design domain. This was accomplished by pressing the brake pedal to reduce the velocity of the vehicle.
"Mercedes Benz Research & Development North America, Inc",AVT002,1/27/2020,WDD2221591A470147,No,Yes,Test Driver,Street,The operator disengaged the system manually to remain in the operational design domain. This was accomplished by pressing the brake pedal to reduce the velocity of the vehicle.
"Mercedes Benz Research & Development North America, Inc",AVT002,1/27/2020,WDD2221591A470147,No,Yes,Test Driver,Street,The operator disengaged the system manually to remain in the operational design domain. This was accomplished by pressing the brake pedal to reduce the velocity of the vehicle.
"Mercedes Benz Research & Development North America, Inc",AVT002,1/27/2020,WDD2221591A470147,No,Yes,Test Driver,Street,The operator disengaged the system manually to remain in the operational design domain. This was accomplished by pressing the brake pedal to reduce the velocity of the vehicle.
"Mercedes Benz Research & Development North America, Inc",AVT002,1/27/2020,WDD2221591A470238,No,Yes,Test Driver,Street,The operator disengaged the system manually to remain in the operational design domain. This was accomplished by pressing the brake pedal to reduce the velocity of the vehicle.
"Mercedes Benz Research & Development North America, Inc",AVT002,1/27/2020,WDD2221591A470238,No,Yes,Test Driver,Street,The operator disengaged the system manually to remain in the operational design domain. This was accomplished by pressing the brake pedal to reduce the velocity of the vehicle.
"Mercedes Benz Research & Development North America, Inc",AVT002,1/28/2020,WDD2221591A470497,No,Yes,Test Driver,Street,The operator disengaged the system manually to remain in the operational design domain. The driver performed a steering manouver to correct the trajectory of the vehicle.
"Mercedes Benz Research & Development North America, Inc",AVT002,1/28/2020,WDD2221591A470497,No,Yes,Test Driver,Street,The operator disengaged the system manually to remain in the operational design domain. The driver performed a steering manouver to correct the trajectory of the vehicle.
"Mercedes Benz Research & Development North America, Inc",AVT002,1/28/2020,WDD2221591A470500,No,Yes,Test Driver,Street,The operator disengaged the system manually to remain in the operational design domain. This was accomplished by pressing the brake pedal to reduce the velocity of the vehicle.
"Mercedes Benz Research & Development North America, Inc",AVT002,1/28/2020,WDD2221591A470500,No,Yes,AV System,Street,The planner was not able to generate a valid trajectory. The system asked the operator to take control of the vehicle. 
"Mercedes Benz Research & Development North America, Inc",AVT002,1/28/2020,WDD2221591A470500,No,Yes,AV System,Street,The planner was not able to generate a valid trajectory. The system asked the operator to take control of the vehicle. 
"Mercedes Benz Research & Development North America, Inc",AVT002,1/28/2020,WDD2221591A470147,No,Yes,AV System,Street,The planner was not able to generate a valid trajectory. The system asked the operator to take control of the vehicle. 
"Mercedes Benz Research & Development North America, Inc",AVT002,1/28/2020,WDD2221591A470147,No,Yes,Test Driver,Street,The operator disengaged the system manually to remain in the operational design domain. This was accomplished by pressing the brake pedal to reduce the velocity of the vehicle.
"Mercedes Benz Research & Development North America, Inc",AVT002,1/29/2020,WDD2221591A470497,No,Yes,Test Driver,Street,The operator disengaged the system manually to remain in the operational design domain. This was accomplished by pressing the brake pedal to reduce the velocity of the vehicle.
"Mercedes Benz Research & Development North America, Inc",AVT002,1/29/2020,WDD2221591A470497,No,Yes,Test Driver,Street,The operator disengaged the system manually to remain in the operational design domain. This was accomplished by pressing the brake pedal to reduce the velocity of the vehicle.
"Mercedes Benz Research & Development North America, Inc",AVT002,1/29/2020,WDD2221591A470497,No,Yes,Test Driver,Street,The operator disengaged the system manually to remain in the operational design domain. This was accomplished by pressing the brake pedal to reduce the velocity of the vehicle.
"Mercedes Benz Research & Development North America, Inc",AVT002,1/29/2020,WDD2221591A470500,No,Yes,AV System,Street,The planner was not able to generate a valid trajectory. The system asked the operator to take control of the vehicle. 
"Mercedes Benz Research & Development North America, Inc",AVT002,1/29/2020,WDD2221591A417319,No,Yes,AV System,Street,The planner was not able to generate a valid trajectory. The system asked the operator to take control of the vehicle. 
"Mercedes Benz Research & Development North America, Inc",AVT002,1/29/2020,WDD2221591A470147,No,Yes,Test Driver,Street,The operator disengaged the system manually to remain in the operational design domain. This was accomplished by pressing the brake pedal to reduce the velocity of the vehicle.
"Mercedes Benz Research & Development North America, Inc",AVT002,1/29/2020,WDD2221591A470147,No,Yes,Test Driver,Street,The operator disengaged the system manually to remain in the operational design domain. This was accomplished by pressing the brake pedal to reduce the velocity of the vehicle.
"Mercedes Benz Research & Development North America, Inc",AVT002,1/29/2020,WDD2221591A470147,No,Yes,Test Driver,Street,The operator disengaged the system manually to remain in the operational design domain. This was accomplished by pressing the brake pedal to reduce the velocity of the vehicle.
"Mercedes Benz Research & Development North America, Inc",AVT002,1/29/2020,WDD2221591A470147,No,Yes,AV System,Street,The planner was not able to generate a valid trajectory. The system asked the operator to take control of the vehicle. 
"Mercedes Benz Research & Development North America, Inc",AVT002,1/29/2020,WDD2221591A470147,No,Yes,Test Driver,Street,The operator disengaged the system manually to remain in the operational design domain. This was accomplished by pressing the brake pedal to reduce the velocity of the vehicle.
"Mercedes Benz Research & Development North America, Inc",AVT002,1/29/2020,WDD2221591A470147,No,Yes,Test Driver,Street,The operator disengaged the system manually to remain in the operational design domain. This was accomplished by pressing the brake pedal to reduce the velocity of the vehicle.
"Mercedes Benz Research & Development North America, Inc",AVT002,1/29/2020,WDD2221591A470147,No,Yes,Test Driver,Street,The planner was not able to generate a valid trajectory. The system asked the operator to take control of the vehicle. The operator disengaged the system manually to remain in the operational design domain. The driver performed a steering manouver to correct the trajectory of the vehicle.
"Mercedes Benz Research & Development North America, Inc",AVT002,1/29/2020,WDD2221591A470147,No,Yes,Test Driver,Street,The operator disengaged the system manually to remain in the operational design domain. This was accomplished by pressing the brake pedal to reduce the velocity of the vehicle.
"Mercedes Benz Research & Development North America, Inc",AVT002,1/29/2020,WDD2221591A470147,No,Yes,Test Driver,Street,The operator disengaged the system manually to remain in the operational design domain. This was accomplished by pressing the brake pedal to reduce the velocity of the vehicle.
"Mercedes Benz Research & Development North America, Inc",AVT002,1/29/2020,WDD2221591A470147,No,Yes,Test Driver,Street,The operator disengaged the system manually to remain in the operational design domain. This was accomplished by pressing the brake pedal to reduce the velocity of the vehicle.
"Mercedes Benz Research & Development North America, Inc",AVT002,1/29/2020,WDD2221591A470147,No,Yes,AV System,Street,The planner was not able to generate a valid trajectory. The system asked the operator to take control of the vehicle. 
"Mercedes Benz Research & Development North America, Inc",AVT002,1/29/2020,WDD2221591A470147,No,Yes,AV System,Street,The planner was not able to generate a valid trajectory. The system asked the operator to take control of the vehicle. 
"Mercedes Benz Research & Development North America, Inc",AVT002,1/29/2020,WDD2221591A470147,No,Yes,Test Driver,Street,The operator disengaged the system manually to remain in the operational design domain. The driver performed a steering manouver to correct the trajectory of the vehicle.
"Mercedes Benz Research & Development North America, Inc",AVT002,1/29/2020,WDD2221591A470147,No,Yes,Test Driver,Street,The operator disengaged the system manually to remain in the operational design domain. This was accomplished by pressing the brake pedal to reduce the velocity of the vehicle.
"Mercedes Benz Research & Development North America, Inc",AVT002,1/29/2020,WDD2221591A470147,No,Yes,Test Driver,Street,The operator disengaged the system manually to remain in the operational design domain. This was accomplished by pressing the brake pedal to reduce the velocity of the vehicle.
"Mercedes Benz Research & Development North America, Inc",AVT002,1/29/2020,WDD2221591A470796,No,Yes,AV System,Street,The planner was not able to generate a valid trajectory. The system asked the operator to take control of the vehicle. 
"Mercedes Benz Research & Development North America, Inc",AVT002,1/30/2020,WDD2221591A470497,No,Yes,AV System,Street,The planner was not able to generate a valid trajectory. The system asked the operator to take control of the vehicle. 
"Mercedes Benz Research & Development North America, Inc",AVT002,1/30/2020,WDD2221591A470497,No,Yes,AV System,Street,The planner was not able to generate a valid trajectory. The system asked the operator to take control of the vehicle. 
"Mercedes Benz Research & Development North America, Inc",AVT002,1/30/2020,WDD2221591A470497,No,Yes,AV System,Street,The planner was not able to generate a valid trajectory. The system asked the operator to take control of the vehicle. 
"Mercedes Benz Research & Development North America, Inc",AVT002,1/30/2020,WDD2221591A470497,No,Yes,Test Driver,Street,The operator disengaged the system manually to remain in the operational design domain. The driver performed a steering manouver to correct the trajectory of the vehicle.
"Mercedes Benz Research & Development North America, Inc",AVT002,1/30/2020,WDD2221591A470497,No,Yes,AV System,Street,The planner was not able to generate a valid trajectory. The system asked the operator to take control of the vehicle. 
"Mercedes Benz Research & Development North America, Inc",AVT002,1/30/2020,WDD2221591A470497,No,Yes,Test Driver,Street,The operator disengaged the system manually to remain in the operational design domain. The driver performed a steering manouver to correct the trajectory of the vehicle.
"Mercedes Benz Research & Development North America, Inc",AVT002,1/30/2020,WDD2221591A470497,No,Yes,Test Driver,Street,The operator disengaged the system manually to remain in the operational design domain. The driver performed a steering manouver to correct the trajectory of the vehicle.
"Mercedes Benz Research & Development North America, Inc",AVT002,1/30/2020,WDD2221591A470500,No,Yes,AV System,Street,The planner was not able to generate a valid trajectory. The system asked the operator to take control of the vehicle. 
"Mercedes Benz Research & Development North America, Inc",AVT002,1/30/2020,WDD2221591A470500,No,Yes,AV System,Street,The planner was not able to generate a valid trajectory. The system asked the operator to take control of the vehicle. 
"Mercedes Benz Research & Development North America, Inc",AVT002,1/30/2020,WDD2221591A417319,No,Yes,AV System,Street,The planner was not able to generate a valid trajectory. The system asked the operator to take control of the vehicle. 
"Mercedes Benz Research & Development North America, Inc",AVT002,1/30/2020,WDD2221591A417319,No,Yes,Test Driver,Street,The operator disengaged the system manually to remain in the operational design domain. This was accomplished by pressing the brake pedal to reduce the velocity of the vehicle.
"Mercedes Benz Research & Development North America, Inc",AVT002,1/30/2020,WDD2221591A470147,No,Yes,AV System,Street,The planner was not able to generate a valid trajectory. The system asked the operator to take control of the vehicle. 
"Mercedes Benz Research & Development North America, Inc",AVT002,1/30/2020,WDD2221591A470147,No,Yes,Test Driver,Street,The operator disengaged the system manually to remain in the operational design domain. This was accomplished by pressing the brake pedal to reduce the velocity of the vehicle.
"Mercedes Benz Research & Development North America, Inc",AVT002,1/30/2020,WDD2221591A470147,No,Yes,Test Driver,Street,The operator disengaged the system manually to remain in the operational design domain. This was accomplished by pressing the brake pedal to reduce the velocity of the vehicle.
"Mercedes Benz Research & Development North America, Inc",AVT002,1/30/2020,WDD2221591A470147,No,Yes,AV System,Street,The system disengaged because of an error with the fusion component. The system asked the operator to take control of the vehicle.
"Mercedes Benz Research & Development North America, Inc",AVT002,1/30/2020,WDD2221591A470147,No,Yes,Test Driver,Street,The operator disengaged the system manually to remain in the operational design domain. This was accomplished by pressing the brake pedal to reduce the velocity of the vehicle.
"Mercedes Benz Research & Development North America, Inc",AVT002,1/30/2020,WDD2221591A470147,No,Yes,AV System,Street,The planner was not able to generate a valid trajectory. The system asked the operator to take control of the vehicle. 
"Mercedes Benz Research & Development North America, Inc",AVT002,1/30/2020,WDD2221591A470238,No,Yes,Test Driver,Street,The operator disengaged the system manually to remain in the operational design domain. This was accomplished by pressing the brake pedal to reduce the velocity of the vehicle.
"Mercedes Benz Research & Development North America, Inc",AVT002,1/30/2020,WDD2221591A470238,No,Yes,Test Driver,Street,The operator disengaged the system manually to remain in the operational design domain. This was accomplished by pressing the brake pedal to reduce the velocity of the vehicle.
"Mercedes Benz Research & Development North America, Inc",AVT002,1/30/2020,WDD2221591A470238,No,Yes,Test Driver,Street,The operator disengaged the system manually to remain in the operational design domain. This was accomplished by pressing the brake pedal to reduce the velocity of the vehicle.
"Mercedes Benz Research & Development North America, Inc",AVT002,1/30/2020,WDD2221591A470238,No,Yes,Test Driver,Street,The operator disengaged the system manually to remain in the operational design domain. This was accomplished by pressing the brake pedal to reduce the velocity of the vehicle.
"Mercedes Benz Research & Development North America, Inc",AVT002,1/30/2020,WDD2221591A470796,No,Yes,AV System,Street,The planner was not able to generate a valid trajectory. The system asked the operator to take control of the vehicle. 
"Mercedes Benz Research & Development North America, Inc",AVT002,1/30/2020,WDD2221591A470796,No,Yes,AV System,Street,The planner was not able to generate a valid trajectory. The system asked the operator to take control of the vehicle. 
"Mercedes Benz Research & Development North America, Inc",AVT002,1/31/2020,WDD2221591A470497,No,Yes,Test Driver,Street,The operator disengaged the system manually to remain in the operational design domain. The driver performed a steering manouver to correct the trajectory of the vehicle.
"Mercedes Benz Research & Development North America, Inc",AVT002,1/31/2020,WDD2221591A470497,No,Yes,AV System,Street,The planner was not able to generate a valid trajectory. The system asked the operator to take control of the vehicle. 
"Mercedes Benz Research & Development North America, Inc",AVT002,1/31/2020,WDD2221591A470497,No,Yes,AV System,Street,The planner was not able to generate a valid trajectory. The system asked the operator to take control of the vehicle. 
"Mercedes Benz Research & Development North America, Inc",AVT002,1/31/2020,WDD2221591A470497,No,Yes,AV System,Street,The planner was not able to generate a valid trajectory. The system asked the operator to take control of the vehicle. 
"Mercedes Benz Research & Development North America, Inc",AVT002,1/31/2020,WDD2221591A470497,No,Yes,AV System,Street,The planner was not able to generate a valid trajectory. The system asked the operator to take control of the vehicle. 
"Mercedes Benz Research & Development North America, Inc",AVT002,1/31/2020,WDD2221591A470497,No,Yes,AV System,Street,The planner was not able to generate a valid trajectory. The system asked the operator to take control of the vehicle. 
"Mercedes Benz Research & Development North America, Inc",AVT002,1/31/2020,WDD2221591A470497,No,Yes,AV System,Street,The planner was not able to generate a valid trajectory. The system asked the operator to take control of the vehicle. 
"Mercedes Benz Research & Development North America, Inc",AVT002,1/31/2020,WDD2221591A470497,No,Yes,AV System,Street,The planner was not able to generate a valid trajectory. The system asked the operator to take control of the vehicle. 
"Mercedes Benz Research & Development North America, Inc",AVT002,1/31/2020,WDD2221591A470497,No,Yes,AV System,Street,The planner was not able to generate a valid trajectory. The system asked the operator to take control of the vehicle. 
"Mercedes Benz Research & Development North America, Inc",AVT002,1/31/2020,WDD2221591A470497,No,Yes,AV System,Street,The planner was not able to generate a valid trajectory. The system asked the operator to take control of the vehicle. 
"Mercedes Benz Research & Development North America, Inc",AVT002,1/31/2020,WDD2221591A470497,No,Yes,Test Driver,Street,The operator disengaged the system manually to remain in the operational design domain. This was accomplished by pressing the brake pedal to reduce the velocity of the vehicle.
"Mercedes Benz Research & Development North America, Inc",AVT002,1/31/2020,WDD2221591A470497,No,Yes,AV System,Street,The planner was not able to generate a valid trajectory. The system asked the operator to take control of the vehicle. 
"Mercedes Benz Research & Development North America, Inc",AVT002,1/31/2020,WDD2221591A470147,No,Yes,AV System,Street,An issue with localization component caused the system to disengage. The system asked the operator to take control of the vehicle.
"Mercedes Benz Research & Development North America, Inc",AVT002,1/31/2020,WDD2221591A470147,No,Yes,AV System,Street,The planner was not able to generate a valid trajectory. The system asked the operator to take control of the vehicle. 
"Mercedes Benz Research & Development North America, Inc",AVT002,1/31/2020,WDD2221591A470238,No,Yes,Test Driver,Street,The operator disengaged the system manually to remain in the operational design domain. This was accomplished by pressing the brake pedal to reduce the velocity of the vehicle.
"Mercedes Benz Research & Development North America, Inc",AVT002,1/31/2020,WDD2221591A470238,No,Yes,Test Driver,Street,The operator disengaged the system manually to remain in the operational design domain. The driver performed a steering manouver to correct the trajectory of the vehicle.
"Mercedes Benz Research & Development North America, Inc",AVT002,1/31/2020,WDD2221591A470238,No,Yes,AV System,Street,The planner was not able to generate a valid trajectory. The system asked the operator to take control of the vehicle. 
"Mercedes Benz Research & Development North America, Inc",AVT002,1/31/2020,WDD2221591A470238,No,Yes,AV System,Street,The planner was not able to generate a valid trajectory. The system asked the operator to take control of the vehicle. 
"Mercedes Benz Research & Development North America, Inc",AVT002,1/31/2020,WDD2221591A470238,No,Yes,Test Driver,Street,The operator disengaged the system manually to remain in the operational design domain. The driver performed a steering manouver to correct the trajectory of the vehicle.
"Mercedes Benz Research & Development North America, Inc",AVT002,1/31/2020,WDD2221591A470796,No,Yes,Test Driver,Street,The operator disengaged the system manually to remain in the operational design domain. This was accomplished by pressing the brake pedal to reduce the velocity of the vehicle.
"Mercedes Benz Research & Development North America, Inc",AVT002,1/31/2020,WDD2221591A470796,No,Yes,Test Driver,Street,The operator disengaged the system manually to remain in the operational design domain. This was accomplished by pressing the brake pedal to reduce the velocity of the vehicle.
"Mercedes Benz Research & Development North America, Inc",AVT002,1/31/2020,WDD2221591A470796,No,Yes,AV System,Street,The system disengaged because of an error with the fusion component. The system asked the operator to take control of the vehicle.
"Mercedes Benz Research & Development North America, Inc",AVT002,1/31/2020,WDD2221591A470796,No,Yes,AV System,Street,The planner was not able to generate a valid trajectory. The system asked the operator to take control of the vehicle. 
"Mercedes Benz Research & Development North America, Inc",AVT002,1/31/2020,WDD2221591A470796,No,Yes,AV System,Street,The planner was not able to generate a valid trajectory. The system asked the operator to take control of the vehicle. 
"Mercedes Benz Research & Development North America, Inc",AVT002,1/31/2020,WDD2221591A470796,No,Yes,Test Driver,Street,The operator disengaged the system manually to remain in the operational design domain. This was accomplished by pressing the brake pedal to reduce the velocity of the vehicle.
"Mercedes Benz Research & Development North America, Inc",AVT002,1/31/2020,WDD2221591A470796,No,Yes,AV System,Street,The planner was not able to generate a valid trajectory. The system asked the operator to take control of the vehicle. 
"Mercedes Benz Research & Development North America, Inc",AVT002,1/31/2020,WDD2221591A470796,No,Yes,Test Driver,Street,The operator disengaged the system manually to remain in the operational design domain. This was accomplished by pressing the brake pedal to reduce the velocity of the vehicle.
"Mercedes Benz Research & Development North America, Inc",AVT002,1/31/2020,WDD2221591A470796,No,Yes,AV System,Street,The planner was not able to generate a valid trajectory. The system asked the operator to take control of the vehicle. 
"Mercedes Benz Research & Development North America, Inc",AVT002,1/31/2020,WDD2221591A470796,No,Yes,AV System,Street,The planner was not able to generate a valid trajectory. The system asked the operator to take control of the vehicle. 
"Mercedes Benz Research & Development North America, Inc",AVT002,1/31/2020,WDD2221591A470796,No,Yes,Test Driver,Street,The operator disengaged the system manually to remain in the operational design domain. This was accomplished by pressing the brake pedal to reduce the velocity of the vehicle.
"Mercedes Benz Research & Development North America, Inc",AVT002,1/31/2020,WDD2221591A470796,No,Yes,AV System,Street,The planner was not able to generate a valid trajectory. The system asked the operator to take control of the vehicle. 
"Mercedes Benz Research & Development North America, Inc",AVT002,1/31/2020,WDD2221591A470796,No,Yes,Test Driver,Street,The operator disengaged the system manually to remain in the operational design domain. The driver performed a steering manouver to correct the trajectory of the vehicle.
"Mercedes Benz Research & Development North America, Inc",AVT002,2/1/2020,WDD2221591A470147,No,Yes,AV System,Street,The planner was not able to generate a valid trajectory. The system asked the operator to take control of the vehicle. 
"Mercedes Benz Research & Development North America, Inc",AVT002,2/3/2020,WDD2221591A470497,No,Yes,Test Driver,Street,The operator disengaged the system manually to remain in the operational design domain. This was accomplished by pressing the brake pedal to reduce the velocity of the vehicle.
"Mercedes Benz Research & Development North America, Inc",AVT002,2/3/2020,WDD2221591A470147,No,Yes,AV System,Street,The planner was not able to generate a valid trajectory. The system asked the operator to take control of the vehicle. 
"Mercedes Benz Research & Development North America, Inc",AVT002,2/3/2020,WDD2221591A470147,No,Yes,Test Driver,Street,The operator disengaged the system manually to remain in the operational design domain. This was accomplished by pressing the brake pedal to reduce the velocity of the vehicle.
"Mercedes Benz Research & Development North America, Inc",AVT002,2/3/2020,WDD2221591A470147,No,Yes,Test Driver,Street,The operator disengaged the system manually to remain in the operational design domain. This was accomplished by pressing the brake pedal to reduce the velocity of the vehicle.
"Mercedes Benz Research & Development North America, Inc",AVT002,2/3/2020,WDD2221591A470238,No,Yes,Test Driver,Street,The operator disengaged the system manually to remain in the operational design domain. The driver performed a steering manouver to correct the trajectory of the vehicle.
"Mercedes Benz Research & Development North America, Inc",AVT002,2/3/2020,WDD2221591A470238,No,Yes,AV System,Street,The planner was not able to generate a valid trajectory. The system asked the operator to take control of the vehicle. 
"Mercedes Benz Research & Development North America, Inc",AVT002,2/3/2020,WDD2221591A470796,No,Yes,AV System,Street,The planner was not able to generate a valid trajectory. The system asked the operator to take control of the vehicle. 
"Mercedes Benz Research & Development North America, Inc",AVT002,2/3/2020,WDD2221591A470796,No,Yes,Test Driver,Street,The operator disengaged the system manually to remain in the operational design domain. This was accomplished by pressing the brake pedal to reduce the velocity of the vehicle.
"Mercedes Benz Research & Development North America, Inc",AVT002,2/4/2020,WDD2221591A470497,No,Yes,Test Driver,Street,The operator disengaged the system manually to remain in the operational design domain. The driver performed a steering manouver to correct the trajectory of the vehicle.
"Mercedes Benz Research & Development North America, Inc",AVT002,2/4/2020,WDD2221591A470497,No,Yes,Test Driver,Street,The operator disengaged the system manually to remain in the operational design domain. This was accomplished by pressing the brake pedal to reduce the velocity of the vehicle.
"Mercedes Benz Research & Development North America, Inc",AVT002,2/4/2020,WDD2221591A470497,No,Yes,AV System,Street,An issue with motion control system caused the system to disengage. The system asked the operator to take control of the vehicle.
"Mercedes Benz Research & Development North America, Inc",AVT002,2/4/2020,WDD2221591A470500,No,Yes,Test Driver,Street,The operator disengaged the system manually to remain in the operational design domain. The driver performed a steering manouver to correct the trajectory of the vehicle.
"Mercedes Benz Research & Development North America, Inc",AVT002,2/4/2020,WDD2221591A470500,No,Yes,AV System,Street,The planner was not able to generate a valid trajectory. The system asked the operator to take control of the vehicle. 
"Mercedes Benz Research & Development North America, Inc",AVT002,2/4/2020,WDD2221591A417319,No,Yes,AV System,Street,The planner was not able to generate a valid trajectory. The system asked the operator to take control of the vehicle. 
"Mercedes Benz Research & Development North America, Inc",AVT002,2/4/2020,WDD2221591A417319,No,Yes,Test Driver,Street,The operator disengaged the system manually to remain in the operational design domain. This was accomplished by pressing the brake pedal to reduce the velocity of the vehicle.
"Mercedes Benz Research & Development North America, Inc",AVT002,2/4/2020,WDD2221591A470147,No,Yes,Test Driver,Street,The operator disengaged the system manually to remain in the operational design domain. This was accomplished by pressing the brake pedal to reduce the velocity of the vehicle.
"Mercedes Benz Research & Development North America, Inc",AVT002,2/4/2020,WDD2221591A470147,No,Yes,AV System,Street,The planner was not able to generate a valid trajectory. The system asked the operator to take control of the vehicle. 
"Mercedes Benz Research & Development North America, Inc",AVT002,2/4/2020,WDD2221591A470147,No,Yes,Test Driver,Street,The operator disengaged the system manually to remain in the operational design domain. This was accomplished by pressing the brake pedal to reduce the velocity of the vehicle.
"Mercedes Benz Research & Development North America, Inc",AVT002,2/4/2020,WDD2221591A470238,No,Yes,AV System,Street,The planner was not able to generate a valid trajectory. The system asked the operator to take control of the vehicle. 
"Mercedes Benz Research & Development North America, Inc",AVT002,2/4/2020,WDD2221591A470796,No,Yes,AV System,Street,The planner was not able to generate a valid trajectory. The system asked the operator to take control of the vehicle. 
"Mercedes Benz Research & Development North America, Inc",AVT002,2/4/2020,WDD2221591A470796,No,Yes,Test Driver,Street,The operator disengaged the system manually to remain in the operational design domain. This was accomplished by pressing the brake pedal to reduce the velocity of the vehicle.
"Mercedes Benz Research & Development North America, Inc",AVT002,2/5/2020,WDD2221591A470497,No,Yes,AV System,Street,The planner was not able to generate a valid trajectory. The system asked the operator to take control of the vehicle. 
"Mercedes Benz Research & Development North America, Inc",AVT002,2/5/2020,WDD2221591A470497,No,Yes,AV System,Street,The planner was not able to generate a valid trajectory. The system asked the operator to take control of the vehicle. 
"Mercedes Benz Research & Development North America, Inc",AVT002,2/5/2020,WDD2221591A470497,No,Yes,AV System,Street,An issue with motion control system caused the system to disengage. The system asked the operator to take control of the vehicle.
"Mercedes Benz Research & Development North America, Inc",AVT002,2/5/2020,WDD2221591A470497,No,Yes,AV System,Street,The planner was not able to generate a valid trajectory. The system asked the operator to take control of the vehicle. 
"Mercedes Benz Research & Development North America, Inc",AVT002,2/5/2020,WDD2221591A470497,No,Yes,AV System,Street,The planner was not able to generate a valid trajectory. The system asked the operator to take control of the vehicle. 
"Mercedes Benz Research & Development North America, Inc",AVT002,2/5/2020,WDD2221591A470497,No,Yes,AV System,Street,The planner was not able to generate a valid trajectory. The system asked the operator to take control of the vehicle. 
"Mercedes Benz Research & Development North America, Inc",AVT002,2/5/2020,WDD2221591A470497,No,Yes,Test Driver,Street,The operator disengaged the system manually to remain in the operational design domain. This was accomplished by pressing the brake pedal to reduce the velocity of the vehicle.
"Mercedes Benz Research & Development North America, Inc",AVT002,2/5/2020,WDD2221591A470497,No,Yes,AV System,Street,The planner was not able to generate a valid trajectory. The system asked the operator to take control of the vehicle. 
"Mercedes Benz Research & Development North America, Inc",AVT002,2/5/2020,WDD2221591A470497,No,Yes,AV System,Street,The planner was not able to generate a valid trajectory. The system asked the operator to take control of the vehicle. 
"Mercedes Benz Research & Development North America, Inc",AVT002,2/5/2020,WDD2221591A470497,No,Yes,AV System,Street,The planner was not able to generate a valid trajectory. The system asked the operator to take control of the vehicle. 
"Mercedes Benz Research & Development North America, Inc",AVT002,2/5/2020,WDD2221591A470497,No,Yes,AV System,Street,The planner was not able to generate a valid trajectory. The system asked the operator to take control of the vehicle. 
"Mercedes Benz Research & Development North America, Inc",AVT002,2/5/2020,WDD2221591A470497,No,Yes,AV System,Street,The planner was not able to generate a valid trajectory. The system asked the operator to take control of the vehicle. 
"Mercedes Benz Research & Development North America, Inc",AVT002,2/5/2020,WDD2221591A470502,No,Yes,AV System,Street,The planner was not able to generate a valid trajectory. The system asked the operator to take control of the vehicle. 
"Mercedes Benz Research & Development North America, Inc",AVT002,2/5/2020,WDD2221591A470500,No,Yes,AV System,Street,The planner was not able to generate a valid trajectory. The system asked the operator to take control of the vehicle. 
"Mercedes Benz Research & Development North America, Inc",AVT002,2/5/2020,WDD2221591A470500,No,Yes,AV System,Street,The planner was not able to generate a valid trajectory. The system asked the operator to take control of the vehicle. 
"Mercedes Benz Research & Development North America, Inc",AVT002,2/5/2020,WDD2221591A470147,No,Yes,Test Driver,Street,The operator disengaged the system manually to remain in the operational design domain. This was accomplished by pressing the brake pedal to reduce the velocity of the vehicle.
"Mercedes Benz Research & Development North America, Inc",AVT002,2/5/2020,WDD2221591A470147,No,Yes,Test Driver,Street,The operator disengaged the system manually to remain in the operational design domain. This was accomplished by pressing the brake pedal to reduce the velocity of the vehicle.
"Mercedes Benz Research & Development North America, Inc",AVT002,2/5/2020,WDD2221591A470147,No,Yes,Test Driver,Street,The operator disengaged the system manually to remain in the operational design domain. The driver performed a steering manouver to correct the trajectory of the vehicle.
"Mercedes Benz Research & Development North America, Inc",AVT002,2/5/2020,WDD2221591A470147,No,Yes,AV System,Street,The planner was not able to generate a valid trajectory. The system asked the operator to take control of the vehicle. 
"Mercedes Benz Research & Development North America, Inc",AVT002,2/5/2020,WDD2221591A470147,No,Yes,AV System,Street,The planner was not able to generate a valid trajectory. The system asked the operator to take control of the vehicle. 
"Mercedes Benz Research & Development North America, Inc",AVT002,2/5/2020,WDD2221591A470147,No,Yes,Test Driver,Street,The operator disengaged the system manually to remain in the operational design domain. This was accomplished by pressing the brake pedal to reduce the velocity of the vehicle.
"Mercedes Benz Research & Development North America, Inc",AVT002,2/5/2020,WDD2221591A470147,No,Yes,Test Driver,Street,The operator disengaged the system manually to remain in the operational design domain. This was accomplished by pressing the brake pedal to reduce the velocity of the vehicle.
"Mercedes Benz Research & Development North America, Inc",AVT002,2/5/2020,WDD2221591A470147,No,Yes,Test Driver,Street,The operator disengaged the system manually to remain in the operational design domain. This was accomplished by pressing the brake pedal to reduce the velocity of the vehicle.
"Mercedes Benz Research & Development North America, Inc",AVT002,2/5/2020,WDD2221591A470796,No,Yes,AV System,Street,The planner was not able to generate a valid trajectory. The system asked the operator to take control of the vehicle. 
"Mercedes Benz Research & Development North America, Inc",AVT002,2/6/2020,WDD2221591A470497,No,Yes,Test Driver,Street,The operator disengaged the system manually to remain in the operational design domain. This was accomplished by pressing the brake pedal to reduce the velocity of the vehicle.
"Mercedes Benz Research & Development North America, Inc",AVT002,2/6/2020,WDD2221591A470497,No,Yes,AV System,Street,The planner was not able to generate a valid trajectory. The system asked the operator to take control of the vehicle. 
"Mercedes Benz Research & Development North America, Inc",AVT002,2/6/2020,WDD2221591A470497,No,Yes,Test Driver,Street,The operator disengaged the system manually to remain in the operational design domain. This was accomplished by pressing the brake pedal to reduce the velocity of the vehicle.
"Mercedes Benz Research & Development North America, Inc",AVT002,2/6/2020,WDD2221591A470497,No,Yes,Test Driver,Street,The operator disengaged the system manually to remain in the operational design domain. This was accomplished by pressing the brake pedal to reduce the velocity of the vehicle.
"Mercedes Benz Research & Development North America, Inc",AVT002,2/6/2020,WDD2221591A470497,No,Yes,Test Driver,Street,The operator disengaged the system manually to remain in the operational design domain. This was accomplished by pressing the brake pedal to reduce the velocity of the vehicle.
"Mercedes Benz Research & Development North America, Inc",AVT002,2/6/2020,WDD2221591A470497,No,Yes,Test Driver,Street,The operator disengaged the system manually to remain in the operational design domain. This was accomplished by pressing the brake pedal to reduce the velocity of the vehicle.
"Mercedes Benz Research & Development North America, Inc",AVT002,2/6/2020,WDD2221591A470497,No,Yes,Test Driver,Street,The operator disengaged the system manually to remain in the operational design domain. This was accomplished by pressing the brake pedal to reduce the velocity of the vehicle.
"Mercedes Benz Research & Development North America, Inc",AVT002,2/6/2020,WDD2221591A470502,No,Yes,Test Driver,Street,The operator disengaged the system manually to remain in the operational design domain. The driver performed a steering manouver to correct the trajectory of the vehicle.
"Mercedes Benz Research & Development North America, Inc",AVT002,2/6/2020,WDD2221591A470502,No,Yes,AV System,Street,The planner was not able to generate a valid trajectory. The system asked the operator to take control of the vehicle. 
"Mercedes Benz Research & Development North America, Inc",AVT002,2/6/2020,WDD2221591A470502,No,Yes,Test Driver,Street,The operator disengaged the system manually to remain in the operational design domain. This was accomplished by pressing the brake pedal to reduce the velocity of the vehicle.
"Mercedes Benz Research & Development North America, Inc",AVT002,2/6/2020,WDD2221591A470500,No,Yes,AV System,Street,An issue with localization component caused the system to disengage. The system asked the operator to take control of the vehicle.
"Mercedes Benz Research & Development North America, Inc",AVT002,2/6/2020,WDD2221591A470500,No,Yes,Test Driver,Street,The operator disengaged the system manually to remain in the operational design domain. The driver performed a steering manouver to correct the trajectory of the vehicle.
"Mercedes Benz Research & Development North America, Inc",AVT002,2/6/2020,WDD2221591A470500,No,Yes,Test Driver,Street,The operator disengaged the system manually to remain in the operational design domain. The driver performed a steering manouver to correct the trajectory of the vehicle.
"Mercedes Benz Research & Development North America, Inc",AVT002,2/6/2020,WDD2221591A470500,No,Yes,Test Driver,Street,The operator disengaged the system manually to remain in the operational design domain. This was accomplished by pressing the brake pedal to reduce the velocity of the vehicle.
"Mercedes Benz Research & Development North America, Inc",AVT002,2/6/2020,WDD2221591A470147,No,Yes,Test Driver,Street,The operator disengaged the system manually to remain in the operational design domain. This was accomplished by pressing the brake pedal to reduce the velocity of the vehicle.
"Mercedes Benz Research & Development North America, Inc",AVT002,2/6/2020,WDD2221591A470147,No,Yes,AV System,Street,The planner was not able to generate a valid trajectory. The system asked the operator to take control of the vehicle. 
"Mercedes Benz Research & Development North America, Inc",AVT002,2/6/2020,WDD2221591A470147,No,Yes,Test Driver,Street,The operator disengaged the system manually to remain in the operational design domain. This was accomplished by pressing the brake pedal to reduce the velocity of the vehicle.
"Mercedes Benz Research & Development North America, Inc",AVT002,2/6/2020,WDD2221591A470147,No,Yes,AV System,Street,The planner was not able to generate a valid trajectory. The system asked the operator to take control of the vehicle. 
"Mercedes Benz Research & Development North America, Inc",AVT002,2/6/2020,WDD2221591A470147,No,Yes,AV System,Street,An issue with motion control system caused the system to disengage. The system asked the operator to take control of the vehicle.
"Mercedes Benz Research & Development North America, Inc",AVT002,2/6/2020,WDD2221591A470147,No,Yes,AV System,Street,The planner was not able to generate a valid trajectory. The system asked the operator to take control of the vehicle. 
"Mercedes Benz Research & Development North America, Inc",AVT002,2/6/2020,WDD2221591A470147,No,Yes,Test Driver,Street,The operator disengaged the system manually to remain in the operational design domain. This was accomplished by pressing the brake pedal to reduce the velocity of the vehicle.
"Mercedes Benz Research & Development North America, Inc",AVT002,2/6/2020,WDD2221591A470147,No,Yes,AV System,Street,An issue with motion control system caused the system to disengage. The system asked the operator to take control of the vehicle.
"Mercedes Benz Research & Development North America, Inc",AVT002,2/6/2020,WDD2221591A470238,No,Yes,Test Driver,Street,The operator disengaged the system manually to remain in the operational design domain. The driver performed a steering manouver to correct the trajectory of the vehicle.
"Mercedes Benz Research & Development North America, Inc",AVT002,2/6/2020,WDD2221591A470238,No,Yes,Test Driver,Street,The operator disengaged the system manually to remain in the operational design domain. This was accomplished by pressing the brake pedal to reduce the velocity of the vehicle.
"Mercedes Benz Research & Development North America, Inc",AVT002,2/6/2020,WDD2221591A470238,No,Yes,Test Driver,Street,The operator disengaged the system manually to remain in the operational design domain. This was accomplished by pressing the brake pedal to reduce the velocity of the vehicle.
"Mercedes Benz Research & Development North America, Inc",AVT002,2/6/2020,WDD2221591A470796,No,Yes,AV System,Street,The planner was not able to generate a valid trajectory. The system asked the operator to take control of the vehicle. 
"Mercedes Benz Research & Development North America, Inc",AVT002,2/6/2020,WDD2221591A470796,No,Yes,AV System,Street,The planner was not able to generate a valid trajectory. The system asked the operator to take control of the vehicle. 
"Mercedes Benz Research & Development North America, Inc",AVT002,2/6/2020,WDD2221591A470796,No,Yes,Test Driver,Street,The operator disengaged the system manually to remain in the operational design domain. This was accomplished by pressing the brake pedal to reduce the velocity of the vehicle.
"Mercedes Benz Research & Development North America, Inc",AVT002,2/6/2020,WDD2221591A470238,No,Yes,AV System,Street,The planner was not able to generate a valid trajectory. The system asked the operator to take control of the vehicle. 
"Mercedes Benz Research & Development North America, Inc",AVT002,2/6/2020,WDD2221591A470238,No,Yes,AV System,Street,The planner was not able to generate a valid trajectory. The system asked the operator to take control of the vehicle. 
"Mercedes Benz Research & Development North America, Inc",AVT002,2/6/2020,WDD2221591A470238,No,Yes,Test Driver,Street,The operator disengaged the system manually to remain in the operational design domain. This was accomplished by pressing the brake pedal to reduce the velocity of the vehicle.
"Mercedes Benz Research & Development North America, Inc",AVT002,2/6/2020,WDD2221591A470238,No,Yes,AV System,Street,The planner was not able to generate a valid trajectory. The system asked the operator to take control of the vehicle. 
"Mercedes Benz Research & Development North America, Inc",AVT002,2/7/2020,WDD2221591A470500,No,Yes,Test Driver,Street,The operator disengaged the system manually to remain in the operational design domain. This was accomplished by pressing the brake pedal to reduce the velocity of the vehicle.
"Mercedes Benz Research & Development North America, Inc",AVT002,2/7/2020,WDD2221591A470497,No,Yes,AV System,Street,The planner was not able to generate a valid trajectory. The system asked the operator to take control of the vehicle. 
"Mercedes Benz Research & Development North America, Inc",AVT002,2/7/2020,WDD2221591A470497,No,Yes,AV System,Street,The planner was not able to generate a valid trajectory. The system asked the operator to take control of the vehicle. 
"Mercedes Benz Research & Development North America, Inc",AVT002,2/7/2020,WDD2221591A470497,No,Yes,AV System,Street,The planner was not able to generate a valid trajectory. The system asked the operator to take control of the vehicle. 
"Mercedes Benz Research & Development North America, Inc",AVT002,2/7/2020,WDD2221591A470497,No,Yes,AV System,Street,The planner was not able to generate a valid trajectory. The system asked the operator to take control of the vehicle. 
"Mercedes Benz Research & Development North America, Inc",AVT002,2/7/2020,WDD2221591A470497,No,Yes,AV System,Street,The planner was not able to generate a valid trajectory. The system asked the operator to take control of the vehicle. 
"Mercedes Benz Research & Development North America, Inc",AVT002,2/7/2020,WDD2221591A470497,No,Yes,AV System,Street,The planner was not able to generate a valid trajectory. The system asked the operator to take control of the vehicle. 
"Mercedes Benz Research & Development North America, Inc",AVT002,2/7/2020,WDD2221591A470497,No,Yes,AV System,Street,The planner was not able to generate a valid trajectory. The system asked the operator to take control of the vehicle. 
"Mercedes Benz Research & Development North America, Inc",AVT002,2/7/2020,WDD2221591A470502,No,Yes,Test Driver,Street,The operator disengaged the system manually to remain in the operational design domain. The driver performed a steering manouver to correct the trajectory of the vehicle.
"Mercedes Benz Research & Development North America, Inc",AVT002,2/7/2020,WDD2221591A470502,No,Yes,Test Driver,Street,The operator disengaged the system manually to remain in the operational design domain. This was accomplished by pressing the brake pedal to reduce the velocity of the vehicle.
"Mercedes Benz Research & Development North America, Inc",AVT002,2/7/2020,WDD2221591A470502,No,Yes,Test Driver,Street,The operator disengaged the system manually to remain in the operational design domain. This was accomplished by pressing the brake pedal to reduce the velocity of the vehicle.
"Mercedes Benz Research & Development North America, Inc",AVT002,2/7/2020,WDD2221591A470502,No,Yes,AV System,Street,An issue with motion control system caused the system to disengage. The system asked the operator to take control of the vehicle.
"Mercedes Benz Research & Development North America, Inc",AVT002,2/7/2020,WDD2221591A470502,No,Yes,AV System,Street,An issue with motion control system caused the system to disengage. The system asked the operator to take control of the vehicle.
"Mercedes Benz Research & Development North America, Inc",AVT002,2/7/2020,WDD2221591A470500,No,Yes,Test Driver,Street,The operator disengaged the system manually to remain in the operational design domain. This was accomplished by pressing the brake pedal to reduce the velocity of the vehicle.
"Mercedes Benz Research & Development North America, Inc",AVT002,2/7/2020,WDD2221591A470147,No,Yes,Test Driver,Street,The operator disengaged the system manually to remain in the operational design domain. This was accomplished by pressing the brake pedal to reduce the velocity of the vehicle.
"Mercedes Benz Research & Development North America, Inc",AVT002,2/7/2020,WDD2221591A470147,No,Yes,Test Driver,Street,The operator disengaged the system manually to remain in the operational design domain. This was accomplished by pressing the brake pedal to reduce the velocity of the vehicle.
"Mercedes Benz Research & Development North America, Inc",AVT002,2/7/2020,WDD2221591A470238,No,Yes,Test Driver,Street,The operator disengaged the system manually to remain in the operational design domain. The driver performed a steering manouver to correct the trajectory of the vehicle.
"Mercedes Benz Research & Development North America, Inc",AVT002,2/7/2020,WDD2221591A470238,No,Yes,AV System,Street,The planner was not able to generate a valid trajectory. The system asked the operator to take control of the vehicle. 
"Mercedes Benz Research & Development North America, Inc",AVT002,2/7/2020,WDD2221591A470238,No,Yes,Test Driver,Street,The operator disengaged the system manually to remain in the operational design domain. This was accomplished by pressing the brake pedal to reduce the velocity of the vehicle.
"Mercedes Benz Research & Development North America, Inc",AVT002,2/7/2020,WDD2221591A470238,No,Yes,Test Driver,Street,The operator disengaged the system manually to remain in the operational design domain. This was accomplished by pressing the brake pedal to reduce the velocity of the vehicle.
"Mercedes Benz Research & Development North America, Inc",AVT002,2/7/2020,WDD2221591A470238,No,Yes,Test Driver,Street,The operator disengaged the system manually to remain in the operational design domain. This was accomplished by pressing the brake pedal to reduce the velocity of the vehicle.
"Mercedes Benz Research & Development North America, Inc",AVT002,2/7/2020,WDD2221591A470796,No,Yes,AV System,Street,The system disengaged because of an error with the fusion component. The system asked the operator to take control of the vehicle.
"Mercedes Benz Research & Development North America, Inc",AVT002,2/7/2020,WDD2221591A470796,No,Yes,Test Driver,Street,The operator disengaged the system manually to remain in the operational design domain. This was accomplished by pressing the brake pedal to reduce the velocity of the vehicle.
"Mercedes Benz Research & Development North America, Inc",AVT002,2/7/2020,WDD2221591A470796,No,Yes,AV System,Street,The planner was not able to generate a valid trajectory. The system asked the operator to take control of the vehicle. 
"Mercedes Benz Research & Development North America, Inc",AVT002,2/7/2020,WDD2221591A470796,No,Yes,AV System,Street,The planner was not able to generate a valid trajectory. The system asked the operator to take control of the vehicle. 
"Mercedes Benz Research & Development North America, Inc",AVT002,2/7/2020,WDD2221591A470796,No,Yes,Test Driver,Street,The operator disengaged the system manually to remain in the operational design domain. The driver performed a steering manouver to correct the trajectory of the vehicle.
"Mercedes Benz Research & Development North America, Inc",AVT002,2/7/2020,WDD2221591A470796,No,Yes,AV System,Street,The planner was not able to generate a valid trajectory. The system asked the operator to take control of the vehicle. 
"Mercedes Benz Research & Development North America, Inc",AVT002,2/7/2020,WDD2221591A470796,No,Yes,AV System,Street,An issue with localization component caused the system to disengage. The system asked the operator to take control of the vehicle.
"Mercedes Benz Research & Development North America, Inc",AVT002,2/7/2020,WDD2221591A470796,No,Yes,AV System,Street,The planner was not able to generate a valid trajectory. The system asked the operator to take control of the vehicle. 
"Mercedes Benz Research & Development North America, Inc",AVT002,2/7/2020,WDD2221591A470796,No,Yes,Test Driver,Street,The operator disengaged the system manually to remain in the operational design domain. This was accomplished by pressing the brake pedal to reduce the velocity of the vehicle.
"Mercedes Benz Research & Development North America, Inc",AVT002,2/7/2020,WDD2221591A470796,No,Yes,Test Driver,Street,The operator disengaged the system manually to remain in the operational design domain. This was accomplished by pressing the brake pedal to reduce the velocity of the vehicle.
"Mercedes Benz Research & Development North America, Inc",AVT002,2/7/2020,WDD2221591A470796,No,Yes,AV System,Street,The planner was not able to generate a valid trajectory. The system asked the operator to take control of the vehicle. 
"Mercedes Benz Research & Development North America, Inc",AVT002,2/7/2020,WDD2221591A470796,No,Yes,AV System,Street,The system disengaged because of an error with the fusion component. The system asked the operator to take control of the vehicle.
"Mercedes Benz Research & Development North America, Inc",AVT002,2/7/2020,WDD2221591A470796,No,Yes,Test Driver,Street,The operator disengaged the system manually to remain in the operational design domain. The driver performed a steering manouver to correct the trajectory of the vehicle.
"Mercedes Benz Research & Development North America, Inc",AVT002,2/7/2020,WDD2221591A470497,No,Yes,AV System,Street,The planner was not able to generate a valid trajectory. The system asked the operator to take control of the vehicle. 
"Mercedes Benz Research & Development North America, Inc",AVT002,2/7/2020,WDD2221591A470497,No,Yes,AV System,Street,The planner was not able to generate a valid trajectory. The system asked the operator to take control of the vehicle. 
"Mercedes Benz Research & Development North America, Inc",AVT002,2/7/2020,WDD2221591A470497,No,Yes,AV System,Street,The planner was not able to generate a valid trajectory. The system asked the operator to take control of the vehicle. 
"Mercedes Benz Research & Development North America, Inc",AVT002,2/7/2020,WDD2221591A470497,No,Yes,Test Driver,Street,The operator disengaged the system manually to remain in the operational design domain. The driver performed a steering manouver to correct the trajectory of the vehicle.
"Mercedes Benz Research & Development North America, Inc",AVT002,2/7/2020,WDD2221591A470497,No,Yes,AV System,Street,The planner was not able to generate a valid trajectory. The system asked the operator to take control of the vehicle. 
"Mercedes Benz Research & Development North America, Inc",AVT002,2/7/2020,WDD2221591A470497,No,Yes,AV System,Street,The planner was not able to generate a valid trajectory. The system asked the operator to take control of the vehicle. 
"Mercedes Benz Research & Development North America, Inc",AVT002,2/8/2020,WDD2221591A470502,No,Yes,Test Driver,Street,The operator disengaged the system manually to remain in the operational design domain. This was accomplished by pressing the brake pedal to reduce the velocity of the vehicle.
"Mercedes Benz Research & Development North America, Inc",AVT002,2/8/2020,WDD2221591A470796,No,Yes,AV System,Street,The planner was not able to generate a valid trajectory. The system asked the operator to take control of the vehicle. 
"Mercedes Benz Research & Development North America, Inc",AVT002,2/8/2020,WDD2221591A470796,No,Yes,Test Driver,Street,The operator disengaged the system manually to remain in the operational design domain. The driver performed a steering manouver to correct the trajectory of the vehicle.
"Mercedes Benz Research & Development North America, Inc",AVT002,2/10/2020,WDD2221591A470497,No,Yes,AV System,Street,The planner was not able to generate a valid trajectory. The system asked the operator to take control of the vehicle. 
"Mercedes Benz Research & Development North America, Inc",AVT002,2/10/2020,WDD2221591A470497,No,Yes,AV System,Street,The planner was not able to generate a valid trajectory. The system asked the operator to take control of the vehicle. 
"Mercedes Benz Research & Development North America, Inc",AVT002,2/10/2020,WDD2221591A470497,No,Yes,AV System,Street,The planner was not able to generate a valid trajectory. The system asked the operator to take control of the vehicle. 
"Mercedes Benz Research & Development North America, Inc",AVT002,2/10/2020,WDD2221591A470497,No,Yes,AV System,Street,The planner was not able to generate a valid trajectory. The system asked the operator to take control of the vehicle. 
"Mercedes Benz Research & Development North America, Inc",AVT002,2/10/2020,WDD2221591A470497,No,Yes,AV System,Street,The planner was not able to generate a valid trajectory. The system asked the operator to take control of the vehicle. 
"Mercedes Benz Research & Development North America, Inc",AVT002,2/10/2020,WDD2221591A470497,No,Yes,Test Driver,Street,The operator disengaged the system manually to remain in the operational design domain. This was accomplished by pressing the brake pedal to reduce the velocity of the vehicle.
"Mercedes Benz Research & Development North America, Inc",AVT002,2/10/2020,WDD2221591A470500,No,Yes,AV System,Street,The planner was not able to generate a valid trajectory. The system asked the operator to take control of the vehicle. 
"Mercedes Benz Research & Development North America, Inc",AVT002,2/10/2020,WDD2221591A470147,No,Yes,Test Driver,Street,The operator disengaged the system manually to remain in the operational design domain. The driver performed a steering manouver to correct the trajectory of the vehicle.
"Mercedes Benz Research & Development North America, Inc",AVT002,2/10/2020,WDD2221591A470147,No,Yes,Test Driver,Street,The operator disengaged the system manually to remain in the operational design domain. The driver performed a steering manouver to correct the trajectory of the vehicle.
"Mercedes Benz Research & Development North America, Inc",AVT002,2/10/2020,WDD2221591A470147,No,Yes,Test Driver,Street,The operator disengaged the system manually to remain in the operational design domain. The driver performed a steering manouver to correct the trajectory of the vehicle.
"Mercedes Benz Research & Development North America, Inc",AVT002,2/10/2020,WDD2221591A470147,No,Yes,Test Driver,Street,The operator disengaged the system manually to remain in the operational design domain. This was accomplished by pressing the brake pedal to reduce the velocity of the vehicle.
"Mercedes Benz Research & Development North America, Inc",AVT002,2/10/2020,WDD2221591A470147,No,Yes,Test Driver,Street,The operator disengaged the system manually to remain in the operational design domain. This was accomplished by pressing the brake pedal to reduce the velocity of the vehicle.
"Mercedes Benz Research & Development North America, Inc",AVT002,2/10/2020,WDD2221591A470147,No,Yes,Test Driver,Street,An issue with motion control system caused the system to disengage. The system asked the operator to take control of the vehicle.
"Mercedes Benz Research & Development North America, Inc",AVT002,2/10/2020,WDD2221591A470238,No,Yes,AV System,Street,An issue with motion control system caused the system to disengage. The system asked the operator to take control of the vehicle.
"Mercedes Benz Research & Development North America, Inc",AVT002,2/10/2020,WDD2221591A470796,No,Yes,AV System,Street,The planner was not able to generate a valid trajectory. The system asked the operator to take control of the vehicle. 
"Mercedes Benz Research & Development North America, Inc",AVT002,2/10/2020,WDD2221591A470796,No,Yes,AV System,Street,An issue with localization component caused the system to disengage. The system asked the operator to take control of the vehicle.
"Mercedes Benz Research & Development North America, Inc",AVT002,2/10/2020,WDDUG8GB3JA405273,No,Yes,AV System,Freeway,Invalid control unit operation. Vehicle not in an active construction zone. No emergency vehicles or collisions present in the vicinity. Weather and/or road conditions dry in the area.
"Mercedes Benz Research & Development North America, Inc",AVT002,2/11/2020,WDD2221591A470497,No,Yes,AV System,Street,An issue with environment model caused the system to disengage. The system asked the operator to take control of the vehicle.
"Mercedes Benz Research & Development North America, Inc",AVT002,2/11/2020,WDD2221591A470497,No,Yes,AV System,Street,The planner was not able to generate a valid trajectory. The system asked the operator to take control of the vehicle. 
"Mercedes Benz Research & Development North America, Inc",AVT002,2/11/2020,WDD2221591A470497,No,Yes,Test Driver,Street,The operator disengaged the system manually to remain in the operational design domain. This was accomplished by pressing the brake pedal to reduce the velocity of the vehicle.
"Mercedes Benz Research & Development North America, Inc",AVT002,2/11/2020,WDD2221591A470497,No,Yes,AV System,Street,The planner was not able to generate a valid trajectory. The system asked the operator to take control of the vehicle. 
"Mercedes Benz Research & Development North America, Inc",AVT002,2/11/2020,WDD2221591A470497,No,Yes,Test Driver,Street,The operator disengaged the system manually to remain in the operational design domain. This was accomplished by pressing the brake pedal to reduce the velocity of the vehicle.
"Mercedes Benz Research & Development North America, Inc",AVT002,2/11/2020,WDD2221591A470497,No,Yes,Test Driver,Street,The operator disengaged the system manually to remain in the operational design domain. This was accomplished by pressing the brake pedal to reduce the velocity of the vehicle.
"Mercedes Benz Research & Development North America, Inc",AVT002,2/11/2020,WDD2221591A470497,No,Yes,AV System,Street,The planner was not able to generate a valid trajectory. The system asked the operator to take control of the vehicle. 
"Mercedes Benz Research & Development North America, Inc",AVT002,2/11/2020,WDD2221591A470497,No,Yes,AV System,Street,The planner was not able to generate a valid trajectory. The system asked the operator to take control of the vehicle. 
"Mercedes Benz Research & Development North America, Inc",AVT002,2/11/2020,WDD2221591A470497,No,Yes,AV System,Street,The planner was not able to generate a valid trajectory. The system asked the operator to take control of the vehicle. 
"Mercedes Benz Research & Development North America, Inc",AVT002,2/11/2020,WDD2221591A470497,No,Yes,AV System,Street,The planner was not able to generate a valid trajectory. The system asked the operator to take control of the vehicle. 
"Mercedes Benz Research & Development North America, Inc",AVT002,2/11/2020,WDD2221591A470497,No,Yes,AV System,Street,The planner was not able to generate a valid trajectory. The system asked the operator to take control of the vehicle. 
"Mercedes Benz Research & Development North America, Inc",AVT002,2/11/2020,WDD2221591A470497,No,Yes,AV System,Street,The planner was not able to generate a valid trajectory. The system asked the operator to take control of the vehicle. 
"Mercedes Benz Research & Development North America, Inc",AVT002,2/11/2020,WDD2221591A470147,No,Yes,AV System,Street,The planner was not able to generate a valid trajectory. The system asked the operator to take control of the vehicle. 
"Mercedes Benz Research & Development North America, Inc",AVT002,2/11/2020,WDD2221591A470147,No,Yes,AV System,Street,The planner was not able to generate a valid trajectory. The system asked the operator to take control of the vehicle. 
"Mercedes Benz Research & Development North America, Inc",AVT002,2/11/2020,WDD2221591A470147,No,Yes,AV System,Street,The planner was not able to generate a valid trajectory. The system asked the operator to take control of the vehicle. 
"Mercedes Benz Research & Development North America, Inc",AVT002,2/11/2020,WDD2221591A470147,No,Yes,Test Driver,Street,The operator disengaged the system manually to remain in the operational design domain. The driver performed a steering manouver to correct the trajectory of the vehicle.
"Mercedes Benz Research & Development North America, Inc",AVT002,2/11/2020,WDD2221591A470147,No,Yes,Test Driver,Street,The operator disengaged the system manually to remain in the operational design domain. The driver performed a steering manouver to correct the trajectory of the vehicle.
"Mercedes Benz Research & Development North America, Inc",AVT002,2/11/2020,WDD2221591A470147,No,Yes,AV System,Street,The planner was not able to generate a valid trajectory. The system asked the operator to take control of the vehicle. 
"Mercedes Benz Research & Development North America, Inc",AVT002,2/11/2020,WDD2221591A470147,No,Yes,Test Driver,Street,The operator disengaged the system manually to remain in the operational design domain. The driver performed a steering manouver to correct the trajectory of the vehicle.
"Mercedes Benz Research & Development North America, Inc",AVT002,2/11/2020,WDD2221591A470238,No,Yes,AV System,Street,The planner was not able to generate a valid trajectory. The system asked the operator to take control of the vehicle. 
"Mercedes Benz Research & Development North America, Inc",AVT002,2/11/2020,WDD2221591A470238,No,Yes,Test Driver,Street,The operator disengaged the system manually to remain in the operational design domain. The driver performed a steering manouver to correct the trajectory of the vehicle.
"Mercedes Benz Research & Development North America, Inc",AVT002,2/11/2020,WDD2221591A470796,No,Yes,Test Driver,Street,The operator disengaged the system manually to remain in the operational design domain. This was accomplished by pressing the brake pedal to reduce the velocity of the vehicle.
"Mercedes Benz Research & Development North America, Inc",AVT002,2/11/2020,WDDUG8GB3JA405273,No,Yes,AV System,Freeway,Driver pressed the brake pedal because the vehicle was driving faster than driver expected. Vehicle not in an active construction zone. No emergency vehicles or collisions present in the vicinity. Weather and/or road conditions dry in the area.
"Mercedes Benz Research & Development North America, Inc",AVT002,2/12/2020,WDD2221591A470497,No,Yes,Test Driver,Street,The operator disengaged the system manually to remain in the operational design domain. This was accomplished by pressing the brake pedal to reduce the velocity of the vehicle.
"Mercedes Benz Research & Development North America, Inc",AVT002,2/12/2020,WDD2221591A470500,No,Yes,Test Driver,Street,The operator disengaged the system manually to remain in the operational design domain. The driver performed a steering manouver to correct the trajectory of the vehicle.
"Mercedes Benz Research & Development North America, Inc",AVT002,2/12/2020,WDD2221591A470497,No,Yes,AV System,Street,The planner was not able to generate a valid trajectory. The system asked the operator to take control of the vehicle. 
"Mercedes Benz Research & Development North America, Inc",AVT002,2/12/2020,WDD2221591A470497,No,Yes,AV System,Street,The planner was not able to generate a valid trajectory. The system asked the operator to take control of the vehicle. 
"Mercedes Benz Research & Development North America, Inc",AVT002,2/12/2020,WDD2221591A470500,No,Yes,Test Driver,Street,The operator disengaged the system manually to remain in the operational design domain. This was accomplished by pressing the brake pedal to reduce the velocity of the vehicle.
"Mercedes Benz Research & Development North America, Inc",AVT002,2/12/2020,WDD2221591A470497,No,Yes,AV System,Street,The planner was not able to generate a valid trajectory. The system asked the operator to take control of the vehicle. 
"Mercedes Benz Research & Development North America, Inc",AVT002,2/12/2020,WDD2221591A470147,No,Yes,AV System,Street,The planner was not able to generate a valid trajectory. The system asked the operator to take control of the vehicle. 
"Mercedes Benz Research & Development North America, Inc",AVT002,2/12/2020,WDD2221591A470147,No,Yes,AV System,Street,The planner was not able to generate a valid trajectory. The system asked the operator to take control of the vehicle. 
"Mercedes Benz Research & Development North America, Inc",AVT002,2/12/2020,WDD2221591A470147,No,Yes,Test Driver,Street,The operator disengaged the system manually to remain in the operational design domain. The driver performed a steering manouver to correct the trajectory of the vehicle.
"Mercedes Benz Research & Development North America, Inc",AVT002,2/12/2020,WDD2221591A470238,No,Yes,Test Driver,Street,The operator disengaged the system manually to remain in the operational design domain. The driver performed a steering manouver to correct the trajectory of the vehicle.
"Mercedes Benz Research & Development North America, Inc",AVT002,2/12/2020,WDD2221591A470238,No,Yes,AV System,Street,The planner was not able to generate a valid trajectory. The system asked the operator to take control of the vehicle. 
"Mercedes Benz Research & Development North America, Inc",AVT002,2/12/2020,WDD2221591A470238,No,Yes,AV System,Street,The planner was not able to generate a valid trajectory. The system asked the operator to take control of the vehicle. 
"Mercedes Benz Research & Development North America, Inc",AVT002,2/13/2020,WDD2221591A470497,No,Yes,Test Driver,Street,The operator disengaged the system manually to remain in the operational design domain. This was accomplished by pressing the brake pedal to reduce the velocity of the vehicle.
"Mercedes Benz Research & Development North America, Inc",AVT002,2/13/2020,WDD2221591A470497,No,Yes,Test Driver,Street,The operator disengaged the system manually to remain in the operational design domain. This was accomplished by pressing the brake pedal to reduce the velocity of the vehicle.
"Mercedes Benz Research & Development North America, Inc",AVT002,2/13/2020,WDD2221591A470497,No,Yes,AV System,Street,The planner was not able to generate a valid trajectory. The system asked the operator to take control of the vehicle. 
"Mercedes Benz Research & Development North America, Inc",AVT002,2/13/2020,WDD2221591A470497,No,Yes,Test Driver,Street,The operator disengaged the system manually to remain in the operational design domain. This was accomplished by pressing the brake pedal to reduce the velocity of the vehicle.
"Mercedes Benz Research & Development North America, Inc",AVT002,2/13/2020,WDD2221591A470497,No,Yes,AV System,Street,The planner was not able to generate a valid trajectory. The system asked the operator to take control of the vehicle. 
"Mercedes Benz Research & Development North America, Inc",AVT002,2/13/2020,WDD2221591A470497,No,Yes,AV System,Street,The planner was not able to generate a valid trajectory. The system asked the operator to take control of the vehicle. 
"Mercedes Benz Research & Development North America, Inc",AVT002,2/13/2020,WDD2221591A470147,No,Yes,AV System,Street,An issue with localization component caused the system to disengage. The system asked the operator to take control of the vehicle.
"Mercedes Benz Research & Development North America, Inc",AVT002,2/13/2020,WDD2221591A470238,No,Yes,Test Driver,Street,The operator disengaged the system manually to remain in the operational design domain. This was accomplished by pressing the brake pedal to reduce the velocity of the vehicle.
"Mercedes Benz Research & Development North America, Inc",AVT002,2/13/2020,WDD2221591A470238,No,Yes,Test Driver,Street,The operator disengaged the system manually to remain in the operational design domain. This was accomplished by pressing the brake pedal to reduce the velocity of the vehicle.
"Mercedes Benz Research & Development North America, Inc",AVT002,2/13/2020,WDD2221591A470238,No,Yes,Test Driver,Street,The operator disengaged the system manually to remain in the operational design domain. This was accomplished by pressing the brake pedal to reduce the velocity of the vehicle.
"Mercedes Benz Research & Development North America, Inc",AVT002,2/13/2020,WDD2221591A470238,No,Yes,AV System,Street,The planner was not able to generate a valid trajectory. The system asked the operator to take control of the vehicle. 
"Mercedes Benz Research & Development North America, Inc",AVT002,2/13/2020,WDD2221591A470238,No,Yes,Test Driver,Street,The operator disengaged the system manually to remain in the operational design domain. This was accomplished by pressing the brake pedal to reduce the velocity of the vehicle.
"Mercedes Benz Research & Development North America, Inc",AVT002,2/13/2020,WDD2221591A470238,No,Yes,Test Driver,Street,The operator disengaged the system manually to remain in the operational design domain. This was accomplished by pressing the brake pedal to reduce the velocity of the vehicle.
"Mercedes Benz Research & Development North America, Inc",AVT002,2/13/2020,WDD2221591A470238,No,Yes,AV System,Street,The planner was not able to generate a valid trajectory. The system asked the operator to take control of the vehicle. 
"Mercedes Benz Research & Development North America, Inc",AVT002,2/13/2020,WDD2221591A470238,No,Yes,AV System,Street,The planner was not able to generate a valid trajectory. The system asked the operator to take control of the vehicle. 
"Mercedes Benz Research & Development North America, Inc",AVT002,2/13/2020,WDD2221591A470238,No,Yes,AV System,Street,The planner was not able to generate a valid trajectory. The system asked the operator to take control of the vehicle. 
"Mercedes Benz Research & Development North America, Inc",AVT002,2/13/2020,WDD2221591A470500,No,Yes,Test Driver,Street,The operator disengaged the system manually to remain in the operational design domain. The driver performed a steering manouver to correct the trajectory of the vehicle.
"Mercedes Benz Research & Development North America, Inc",AVT002,2/14/2020,WDD2221591A470497,No,Yes,AV System,Street,The planner was not able to generate a valid trajectory. The system asked the operator to take control of the vehicle. 
"Mercedes Benz Research & Development North America, Inc",AVT002,2/14/2020,WDD2221591A470497,No,Yes,AV System,Street,The planner was not able to generate a valid trajectory. The system asked the operator to take control of the vehicle. 
"Mercedes Benz Research & Development North America, Inc",AVT002,2/14/2020,WDD2221591A470497,No,Yes,AV System,Street,The planner was not able to generate a valid trajectory. The system asked the operator to take control of the vehicle. 
"Mercedes Benz Research & Development North America, Inc",AVT002,2/14/2020,WDD2221591A470497,No,Yes,AV System,Street,The planner was not able to generate a valid trajectory. The system asked the operator to take control of the vehicle. 
"Mercedes Benz Research & Development North America, Inc",AVT002,2/14/2020,WDD2221591A470497,No,Yes,AV System,Street,The planner was not able to generate a valid trajectory. The system asked the operator to take control of the vehicle. 
"Mercedes Benz Research & Development North America, Inc",AVT002,2/14/2020,WDD2221591A470497,No,Yes,AV System,Street,The planner was not able to generate a valid trajectory. The system asked the operator to take control of the vehicle. 
"Mercedes Benz Research & Development North America, Inc",AVT002,2/14/2020,WDD2221591A470497,No,Yes,AV System,Street,The planner was not able to generate a valid trajectory. The system asked the operator to take control of the vehicle. 
"Mercedes Benz Research & Development North America, Inc",AVT002,2/14/2020,WDD2221591A470497,No,Yes,AV System,Street,The planner was not able to generate a valid trajectory. The system asked the operator to take control of the vehicle. 
"Mercedes Benz Research & Development North America, Inc",AVT002,2/14/2020,WDD2221591A470497,No,Yes,Test Driver,Street,The operator disengaged the system manually to remain in the operational design domain. This was accomplished by pressing the brake pedal to reduce the velocity of the vehicle.
"Mercedes Benz Research & Development North America, Inc",AVT002,2/14/2020,WDD2221591A470497,No,Yes,AV System,Street,The planner was not able to generate a valid trajectory. The system asked the operator to take control of the vehicle. 
"Mercedes Benz Research & Development North America, Inc",AVT002,2/14/2020,WDD2221591A470497,No,Yes,AV System,Street,The planner was not able to generate a valid trajectory. The system asked the operator to take control of the vehicle. 
"Mercedes Benz Research & Development North America, Inc",AVT002,2/14/2020,WDD2221591A470497,No,Yes,AV System,Street,The planner was not able to generate a valid trajectory. The system asked the operator to take control of the vehicle. 
"Mercedes Benz Research & Development North America, Inc",AVT002,2/14/2020,WDD2221591A417319,No,Yes,Test Driver,Street,The operator disengaged the system manually to remain in the operational design domain. The driver performed a steering manouver to correct the trajectory of the vehicle.
"Mercedes Benz Research & Development North America, Inc",AVT002,2/14/2020,WDD2221591A417319,No,Yes,Test Driver,Street,The operator disengaged the system manually to remain in the operational design domain. The driver performed a steering manouver to correct the trajectory of the vehicle.
"Mercedes Benz Research & Development North America, Inc",AVT002,2/14/2020,WDD2221591A417319,No,Yes,Test Driver,Street,The operator disengaged the system manually to remain in the operational design domain. This was accomplished by pressing the brake pedal to reduce the velocity of the vehicle.
"Mercedes Benz Research & Development North America, Inc",AVT002,2/14/2020,WDD2221591A417319,No,Yes,Test Driver,Street,The operator disengaged the system manually to remain in the operational design domain. The driver performed a steering manouver to correct the trajectory of the vehicle.
"Mercedes Benz Research & Development North America, Inc",AVT002,2/14/2020,WDD2221591A470238,No,Yes,Test Driver,Street,The operator disengaged the system manually to remain in the operational design domain. This was accomplished by pressing the brake pedal to reduce the velocity of the vehicle.
"Mercedes Benz Research & Development North America, Inc",AVT002,2/14/2020,WDD2221591A470238,No,Yes,AV System,Street,The planner was not able to generate a valid trajectory. The system asked the operator to take control of the vehicle. 
"Mercedes Benz Research & Development North America, Inc",AVT002,2/14/2020,WDD2221591A470238,No,Yes,Test Driver,Street,The operator disengaged the system manually to remain in the operational design domain. This was accomplished by pressing the brake pedal to reduce the velocity of the vehicle.
"Mercedes Benz Research & Development North America, Inc",AVT002,2/14/2020,WDD2221591A470238,No,Yes,Test Driver,Street,The operator disengaged the system manually to remain in the operational design domain. This was accomplished by pressing the brake pedal to reduce the velocity of the vehicle.
"Mercedes Benz Research & Development North America, Inc",AVT002,2/14/2020,WDD2221591A470238,No,Yes,AV System,Street,The planner was not able to generate a valid trajectory. The system asked the operator to take control of the vehicle. 
"Mercedes Benz Research & Development North America, Inc",AVT002,2/15/2020,WDD2221591A470497,No,Yes,Test Driver,Street,The operator disengaged the system manually to remain in the operational design domain. The driver performed a steering manouver to correct the trajectory of the vehicle.
"Mercedes Benz Research & Development North America, Inc",AVT002,2/15/2020,WDD2221591A417319,No,Yes,AV System,Street,The planner was not able to generate a valid trajectory. The system asked the operator to take control of the vehicle. 
"Mercedes Benz Research & Development North America, Inc",AVT002,2/18/2020,WDD2221591A470497,No,Yes,Test Driver,Street,The operator disengaged the system manually to remain in the operational design domain. This was accomplished by pressing the brake pedal to reduce the velocity of the vehicle.
"Mercedes Benz Research & Development North America, Inc",AVT002,2/18/2020,WDD2221591A470497,No,Yes,Test Driver,Street,The operator disengaged the system manually to remain in the operational design domain. The driver performed a steering manouver to correct the trajectory of the vehicle.
"Mercedes Benz Research & Development North America, Inc",AVT002,2/18/2020,WDD2221591A417319,No,Yes,Test Driver,Street,The operator disengaged the system manually to remain in the operational design domain. The driver performed a steering manouver to correct the trajectory of the vehicle.
"Mercedes Benz Research & Development North America, Inc",AVT002,2/18/2020,WDD2221591A417319,No,Yes,Test Driver,Street,The operator disengaged the system manually to remain in the operational design domain. The driver performed a steering manouver to correct the trajectory of the vehicle.
"Mercedes Benz Research & Development North America, Inc",AVT002,2/19/2020,WDD2221591A470497,No,Yes,AV System,Street,The planner was not able to generate a valid trajectory. The system asked the operator to take control of the vehicle. 
"Mercedes Benz Research & Development North America, Inc",AVT002,2/19/2020,WDD2221591A470497,No,Yes,Test Driver,Street,The operator disengaged the system manually to remain in the operational design domain. This was accomplished by pressing the brake pedal to reduce the velocity of the vehicle.
"Mercedes Benz Research & Development North America, Inc",AVT002,2/19/2020,WDD2221591A470497,No,Yes,Test Driver,Street,The operator disengaged the system manually to remain in the operational design domain. This was accomplished by pressing the brake pedal to reduce the velocity of the vehicle.
"Mercedes Benz Research & Development North America, Inc",AVT002,2/19/2020,WDD2221591A470497,No,Yes,AV System,Street,The planner was not able to generate a valid trajectory. The system asked the operator to take control of the vehicle. 
"Mercedes Benz Research & Development North America, Inc",AVT002,2/19/2020,WDD2221591A470497,No,Yes,AV System,Street,The planner was not able to generate a valid trajectory. The system asked the operator to take control of the vehicle. 
"Mercedes Benz Research & Development North America, Inc",AVT002,2/19/2020,WDD2221591A470497,No,Yes,AV System,Street,The planner was not able to generate a valid trajectory. The system asked the operator to take control of the vehicle. 
"Mercedes Benz Research & Development North America, Inc",AVT002,2/19/2020,WDD2221591A470497,No,Yes,AV System,Street,The planner was not able to generate a valid trajectory. The system asked the operator to take control of the vehicle. 
"Mercedes Benz Research & Development North America, Inc",AVT002,2/19/2020,WDD2221591A470497,No,Yes,AV System,Street,The planner was not able to generate a valid trajectory. The system asked the operator to take control of the vehicle. 
"Mercedes Benz Research & Development North America, Inc",AVT002,2/19/2020,WDD2221591A470497,No,Yes,AV System,Street,The planner was not able to generate a valid trajectory. The system asked the operator to take control of the vehicle. 
"Mercedes Benz Research & Development North America, Inc",AVT002,2/19/2020,WDD2221591A417319,No,Yes,Test Driver,Street,The operator disengaged the system manually to remain in the operational design domain. The driver performed a steering manouver to correct the trajectory of the vehicle.
"Mercedes Benz Research & Development North America, Inc",AVT002,2/19/2020,WDD2221591A417319,No,Yes,AV System,Street,The planner was not able to generate a valid trajectory. The system asked the operator to take control of the vehicle. 
"Mercedes Benz Research & Development North America, Inc",AVT002,2/19/2020,WDD2221591A417319,No,Yes,AV System,Street,The planner was not able to generate a valid trajectory. The system asked the operator to take control of the vehicle. 
"Mercedes Benz Research & Development North America, Inc",AVT002,2/19/2020,WDD2221591A417319,No,Yes,AV System,Street,The planner was not able to generate a valid trajectory. The system asked the operator to take control of the vehicle. 
"Mercedes Benz Research & Development North America, Inc",AVT002,2/19/2020,WDD2221591A470238,No,Yes,Test Driver,Street,The operator disengaged the system manually to remain in the operational design domain. This was accomplished by pressing the brake pedal to reduce the velocity of the vehicle.
"Mercedes Benz Research & Development North America, Inc",AVT002,2/20/2020,WDD2221591A417319,No,Yes,Test Driver,Street,The operator disengaged the system manually to remain in the operational design domain. This was accomplished by pressing the brake pedal to reduce the velocity of the vehicle.
"Mercedes Benz Research & Development North America, Inc",AVT002,2/20/2020,WDD2221591A470147,No,Yes,Test Driver,Street,The operator disengaged the system manually to remain in the operational design domain. The driver performed a steering manouver to correct the trajectory of the vehicle.
"Mercedes Benz Research & Development North America, Inc",AVT002,2/20/2020,WDD2221591A470147,No,Yes,Test Driver,Street,The operator disengaged the system manually to remain in the operational design domain. This was accomplished by pressing the brake pedal to reduce the velocity of the vehicle.
"Mercedes Benz Research & Development North America, Inc",AVT002,2/20/2020,WDD2221591A470147,No,Yes,Test Driver,Street,The operator disengaged the system manually to remain in the operational design domain. This was accomplished by pressing the brake pedal to reduce the velocity of the vehicle.
"Mercedes Benz Research & Development North America, Inc",AVT002,2/20/2020,WDD2221591A470147,No,Yes,Test Driver,Street,The operator disengaged the system manually to remain in the operational design domain. This was accomplished by pressing the brake pedal to reduce the velocity of the vehicle.
"Mercedes Benz Research & Development North America, Inc",AVT002,2/20/2020,WDD2221591A470147,No,Yes,Test Driver,Street,The operator disengaged the system manually to remain in the operational design domain. This was accomplished by pressing the brake pedal to reduce the velocity of the vehicle.
"Mercedes Benz Research & Development North America, Inc",AVT002,2/20/2020,WDD2221591A470147,No,Yes,Test Driver,Street,The operator disengaged the system manually to remain in the operational design domain. This was accomplished by pressing the brake pedal to reduce the velocity of the vehicle.
"Mercedes Benz Research & Development North America, Inc",AVT002,2/20/2020,WDD2221591A470147,No,Yes,Test Driver,Street,The operator disengaged the system manually to remain in the operational design domain. This was accomplished by pressing the brake pedal to reduce the velocity of the vehicle.
"Mercedes Benz Research & Development North America, Inc",AVT002,2/20/2020,WDD2221591A470796,No,Yes,Test Driver,Street,The operator disengaged the system manually to remain in the operational design domain. This was accomplished by pressing the brake pedal to reduce the velocity of the vehicle.
"Mercedes Benz Research & Development North America, Inc",AVT002,2/21/2020,WDD2221591A470497,No,Yes,AV System,Street,The planner was not able to generate a valid trajectory. The system asked the operator to take control of the vehicle. 
"Mercedes Benz Research & Development North America, Inc",AVT002,2/21/2020,WDD2221591A470497,No,Yes,Test Driver,Street,The operator disengaged the system manually to remain in the operational design domain. The driver performed a steering manouver to correct the trajectory of the vehicle.
"Mercedes Benz Research & Development North America, Inc",AVT002,2/21/2020,WDD2221591A470497,No,Yes,Test Driver,Street,The operator disengaged the system manually to remain in the operational design domain. This was accomplished by pressing the brake pedal to reduce the velocity of the vehicle.
"Mercedes Benz Research & Development North America, Inc",AVT002,2/21/2020,WDD2221591A470497,No,Yes,AV System,Street,The planner was not able to generate a valid trajectory. The system asked the operator to take control of the vehicle. 
"Mercedes Benz Research & Development North America, Inc",AVT002,2/21/2020,WDD2221591A470497,No,Yes,Test Driver,Street,The operator disengaged the system manually to remain in the operational design domain. This was accomplished by pressing the brake pedal to reduce the velocity of the vehicle.
"Mercedes Benz Research & Development North America, Inc",AVT002,2/21/2020,WDD2221591A470497,No,Yes,Test Driver,Street,The operator disengaged the system manually to remain in the operational design domain. This was accomplished by pressing the brake pedal to reduce the velocity of the vehicle.
"Mercedes Benz Research & Development North America, Inc",AVT002,2/21/2020,WDD2221591A470147,No,Yes,AV System,Street,The planner was not able to generate a valid trajectory. The system asked the operator to take control of the vehicle. 
"Mercedes Benz Research & Development North America, Inc",AVT002,2/21/2020,WDD2221591A470147,No,Yes,Test Driver,Street,The operator disengaged the system manually to remain in the operational design domain. This was accomplished by pressing the brake pedal to reduce the velocity of the vehicle.
"Mercedes Benz Research & Development North America, Inc",AVT002,2/21/2020,WDD2221591A470238,No,Yes,AV System,Street,The planner was not able to generate a valid trajectory. The system asked the operator to take control of the vehicle. 
"Mercedes Benz Research & Development North America, Inc",AVT002,2/21/2020,WDD2221591A470238,No,Yes,AV System,Street,The planner was not able to generate a valid trajectory. The system asked the operator to take control of the vehicle. 
"Mercedes Benz Research & Development North America, Inc",AVT002,2/21/2020,WDD2221591A470238,No,Yes,AV System,Street,The planner was not able to generate a valid trajectory. The system asked the operator to take control of the vehicle. 
"Mercedes Benz Research & Development North America, Inc",AVT002,2/21/2020,WDD2221591A470796,No,Yes,Test Driver,Street,The operator disengaged the system manually to remain in the operational design domain. This was accomplished by pressing the brake pedal to reduce the velocity of the vehicle.
"Mercedes Benz Research & Development North America, Inc",AVT002,2/21/2020,WDDUG8GB3JA405273,No,Yes,AV System,Freeway,Driver performed steering maneuver because the vehicle didn’t drive on the expected path. Vehicle not in an active construction zone. No emergency vehicles or collisions present in the vicinity. Weather and/or road conditions dry in the area.
"Mercedes Benz Research & Development North America, Inc",AVT002,2/22/2020,WDD2221591A470147,No,Yes,Test Driver,Street,The operator disengaged the system manually to remain in the operational design domain. The driver performed a steering manouver to correct the trajectory of the vehicle.
"Mercedes Benz Research & Development North America, Inc",AVT002,2/24/2020,WDD2221591A470497,No,Yes,Test Driver,Street,The operator disengaged the system manually to remain in the operational design domain. This was accomplished by pressing the brake pedal to reduce the velocity of the vehicle.
"Mercedes Benz Research & Development North America, Inc",AVT002,2/24/2020,WDD2221591A470497,No,Yes,AV System,Street,The planner was not able to generate a valid trajectory. The system asked the operator to take control of the vehicle. 
"Mercedes Benz Research & Development North America, Inc",AVT002,2/24/2020,WDD2221591A470497,No,Yes,AV System,Street,The planner was not able to generate a valid trajectory. The system asked the operator to take control of the vehicle. 
"Mercedes Benz Research & Development North America, Inc",AVT002,2/24/2020,WDD2221591A470497,No,Yes,AV System,Street,The planner was not able to generate a valid trajectory. The system asked the operator to take control of the vehicle. 
"Mercedes Benz Research & Development North America, Inc",AVT002,2/24/2020,WDD2221591A470497,No,Yes,Test Driver,Street,The operator disengaged the system manually to remain in the operational design domain. The driver performed a steering manouver to correct the trajectory of the vehicle.
"Mercedes Benz Research & Development North America, Inc",AVT002,2/24/2020,WDD2221591A470238,No,Yes,AV System,Street,The planner was not able to generate a valid trajectory. The system asked the operator to take control of the vehicle. 
"Mercedes Benz Research & Development North America, Inc",AVT002,2/24/2020,WDD2221591A470238,No,Yes,AV System,Street,The planner was not able to generate a valid trajectory. The system asked the operator to take control of the vehicle. 
"Mercedes Benz Research & Development North America, Inc",AVT002,2/25/2020,WDD2221591A470238,No,Yes,Test Driver,Street,The operator disengaged the system manually to remain in the operational design domain. This was accomplished by pressing the brake pedal to reduce the velocity of the vehicle.
"Mercedes Benz Research & Development North America, Inc",AVT002,2/25/2020,WDD2221591A470238,No,Yes,AV System,Street,The planner was not able to generate a valid trajectory. The system asked the operator to take control of the vehicle. 
"Mercedes Benz Research & Development North America, Inc",AVT002,2/25/2020,WDD2221591A470238,No,Yes,AV System,Street,The planner was not able to generate a valid trajectory. The system asked the operator to take control of the vehicle. 
"Mercedes Benz Research & Development North America, Inc",AVT002,2/25/2020,WDD2221591A470238,No,Yes,Test Driver,Street,The operator disengaged the system manually to remain in the operational design domain. The driver performed a steering manouver to correct the trajectory of the vehicle.
"Mercedes Benz Research & Development North America, Inc",AVT002,2/25/2020,WDD2221591A470238,No,Yes,AV System,Street,The planner was not able to generate a valid trajectory. The system asked the operator to take control of the vehicle. 
"Mercedes Benz Research & Development North America, Inc",AVT002,2/25/2020,WDD2221591A470238,No,Yes,AV System,Street,The planner was not able to generate a valid trajectory. The system asked the operator to take control of the vehicle. 
"Mercedes Benz Research & Development North America, Inc",AVT002,2/25/2020,WDD2221591A470238,No,Yes,AV System,Street,The planner was not able to generate a valid trajectory. The system asked the operator to take control of the vehicle. 
"Mercedes Benz Research & Development North America, Inc",AVT002,2/25/2020,WDD2221591A470238,No,Yes,AV System,Street,The planner was not able to generate a valid trajectory. The system asked the operator to take control of the vehicle. 
"Mercedes Benz Research & Development North America, Inc",AVT002,2/25/2020,WDD2221591A470238,No,Yes,Test Driver,Street,The operator disengaged the system manually to remain in the operational design domain. This was accomplished by pressing the brake pedal to reduce the velocity of the vehicle.
"Mercedes Benz Research & Development North America, Inc",AVT002,2/25/2020,WDD2221591A470238,No,Yes,AV System,Street,The planner was not able to generate a valid trajectory. The system asked the operator to take control of the vehicle. 
"Mercedes Benz Research & Development North America, Inc",AVT002,2/25/2020,WDD2221591A470238,No,Yes,AV System,Street,The planner was not able to generate a valid trajectory. The system asked the operator to take control of the vehicle. 
"Mercedes Benz Research & Development North America, Inc",AVT002,2/25/2020,WDD2221591A470238,No,Yes,Test Driver,Street,The operator disengaged the system manually to remain in the operational design domain. The driver performed a steering manouver to correct the trajectory of the vehicle.
"Mercedes Benz Research & Development North America, Inc",AVT002,2/25/2020,WDD2221591A470238,No,Yes,AV System,Street,The planner was not able to generate a valid trajectory. The system asked the operator to take control of the vehicle. 
"Mercedes Benz Research & Development North America, Inc",AVT002,2/25/2020,WDD2221591A470238,No,Yes,AV System,Street,The planner was not able to generate a valid trajectory. The system asked the operator to take control of the vehicle. 
"Mercedes Benz Research & Development North America, Inc",AVT002,2/25/2020,WDD2221591A470238,No,Yes,Test Driver,Street,The operator disengaged the system manually to remain in the operational design domain. This was accomplished by pressing the brake pedal to reduce the velocity of the vehicle.
"Mercedes Benz Research & Development North America, Inc",AVT002,2/25/2020,WDD2221591A470238,No,Yes,AV System,Street,The planner was not able to generate a valid trajectory. The system asked the operator to take control of the vehicle. 
"Mercedes Benz Research & Development North America, Inc",AVT002,2/25/2020,WDD2221591A470796,No,Yes,Test Driver,Street,The operator disengaged the system manually to remain in the operational design domain. The driver performed a steering manouver to correct the trajectory of the vehicle.
"Mercedes Benz Research & Development North America, Inc",AVT002,2/25/2020,WDD2221591A470796,No,Yes,Test Driver,Street,The operator disengaged the system manually to remain in the operational design domain. This was accomplished by pressing the brake pedal to reduce the velocity of the vehicle.
"Mercedes Benz Research & Development North America, Inc",AVT002,2/26/2020,WDD2221591A470497,No,Yes,Test Driver,Street,The operator disengaged the system manually to remain in the operational design domain. This was accomplished by pressing the brake pedal to reduce the velocity of the vehicle.
"Mercedes Benz Research & Development North America, Inc",AVT002,2/26/2020,WDD2221591A470497,No,Yes,Test Driver,Street,The operator disengaged the system manually to remain in the operational design domain. This was accomplished by pressing the brake pedal to reduce the velocity of the vehicle.
"Mercedes Benz Research & Development North America, Inc",AVT002,2/26/2020,WDD2221591A417319,No,Yes,Test Driver,Street,The operator disengaged the system manually to remain in the operational design domain. This was accomplished by pressing the brake pedal to reduce the velocity of the vehicle.
"Mercedes Benz Research & Development North America, Inc",AVT002,2/26/2020,WDD2221591A417319,No,Yes,Test Driver,Street,The operator disengaged the system manually to remain in the operational design domain. This was accomplished by pressing the brake pedal to reduce the velocity of the vehicle.
"Mercedes Benz Research & Development North America, Inc",AVT002,2/26/2020,WDD2221591A417319,No,Yes,Test Driver,Street,The operator disengaged the system manually to remain in the operational design domain. This was accomplished by pressing the brake pedal to reduce the velocity of the vehicle.
"Mercedes Benz Research & Development North America, Inc",AVT002,2/26/2020,WDD2221591A417319,No,Yes,Test Driver,Street,The operator disengaged the system manually to remain in the operational design domain. This was accomplished by pressing the brake pedal to reduce the velocity of the vehicle.
"Mercedes Benz Research & Development North America, Inc",AVT002,2/26/2020,WDD2221591A470147,No,Yes,Test Driver,Street,The operator disengaged the system manually to remain in the operational design domain. This was accomplished by pressing the brake pedal to reduce the velocity of the vehicle.
"Mercedes Benz Research & Development North America, Inc",AVT002,2/26/2020,WDD2221591A470147,No,Yes,Test Driver,Street,The operator disengaged the system manually to remain in the operational design domain. This was accomplished by pressing the brake pedal to reduce the velocity of the vehicle.
"Mercedes Benz Research & Development North America, Inc",AVT002,2/26/2020,WDD2221591A470147,No,Yes,Test Driver,Street,The operator disengaged the system manually to remain in the operational design domain. This was accomplished by pressing the brake pedal to reduce the velocity of the vehicle.
"Mercedes Benz Research & Development North America, Inc",AVT002,2/26/2020,WDD2221591A470147,No,Yes,Test Driver,Street,The operator disengaged the system manually to remain in the operational design domain. The driver performed a steering manouver to correct the trajectory of the vehicle.
"Mercedes Benz Research & Development North America, Inc",AVT002,2/26/2020,WDD2221591A470238,No,Yes,Test Driver,Street,The operator disengaged the system manually to remain in the operational design domain. This was accomplished by pressing the brake pedal to reduce the velocity of the vehicle.
"Mercedes Benz Research & Development North America, Inc",AVT002,2/26/2020,WDD2221591A470238,No,Yes,Test Driver,Street,The operator disengaged the system manually to remain in the operational design domain. This was accomplished by pressing the brake pedal to reduce the velocity of the vehicle.
"Mercedes Benz Research & Development North America, Inc",AVT002,2/26/2020,WDD2221591A470238,No,Yes,Test Driver,Street,The operator disengaged the system manually to remain in the operational design domain. This was accomplished by pressing the brake pedal to reduce the velocity of the vehicle.
"Mercedes Benz Research & Development North America, Inc",AVT002,2/27/2020,WDD2221591A470497,No,Yes,Test Driver,Street,The operator disengaged the system manually to remain in the operational design domain. This was accomplished by pressing the brake pedal to reduce the velocity of the vehicle.
"Mercedes Benz Research & Development North America, Inc",AVT002,2/27/2020,WDD2221591A470497,No,Yes,AV System,Street,The planner was not able to generate a valid trajectory. The system asked the operator to take control of the vehicle. 
"Mercedes Benz Research & Development North America, Inc",AVT002,2/27/2020,WDD2221591A470497,No,Yes,Test Driver,Street,The operator disengaged the system manually to remain in the operational design domain. The driver performed a steering manouver to correct the trajectory of the vehicle.
"Mercedes Benz Research & Development North America, Inc",AVT002,2/27/2020,WDD2221591A470497,No,Yes,Test Driver,Street,The operator disengaged the system manually to remain in the operational design domain. This was accomplished by pressing the brake pedal to reduce the velocity of the vehicle.
"Mercedes Benz Research & Development North America, Inc",AVT002,2/27/2020,WDD2221591A417319,No,Yes,Test Driver,Street,The operator disengaged the system manually to remain in the operational design domain. This was accomplished by pressing the brake pedal to reduce the velocity of the vehicle.
"Mercedes Benz Research & Development North America, Inc",AVT002,2/27/2020,WDD2221591A470238,No,Yes,AV System,Street,The planner was not able to generate a valid trajectory. The system asked the operator to take control of the vehicle. 
"Mercedes Benz Research & Development North America, Inc",AVT002,2/27/2020,WDD2221591A470238,No,Yes,Test Driver,Street,The operator disengaged the system manually to remain in the operational design domain. The driver performed a steering manouver to correct the trajectory of the vehicle.
"Mercedes Benz Research & Development North America, Inc",AVT002,2/27/2020,WDD2221591A470238,No,Yes,Test Driver,Street,The operator disengaged the system manually to remain in the operational design domain. This was accomplished by pressing the brake pedal to reduce the velocity of the vehicle.
"Mercedes Benz Research & Development North America, Inc",AVT002,2/27/2020,WDD2221591A470238,No,Yes,Test Driver,Street,The operator disengaged the system manually to remain in the operational design domain. The driver performed a steering manouver to correct the trajectory of the vehicle.
"Mercedes Benz Research & Development North America, Inc",AVT002,2/27/2020,WDD2221591A470238,No,Yes,AV System,Street,The planner was not able to generate a valid trajectory. The system asked the operator to take control of the vehicle. 
"Mercedes Benz Research & Development North America, Inc",AVT002,2/28/2020,WDD2221591A470502,No,Yes,Test Driver,Street,The operator disengaged the system manually to remain in the operational design domain. This was accomplished by pressing the brake pedal to reduce the velocity of the vehicle.
"Mercedes Benz Research & Development North America, Inc",AVT002,2/28/2020,WDD2221591A470147,No,Yes,Test Driver,Street,The operator disengaged the system manually to remain in the operational design domain. This was accomplished by pressing the brake pedal to reduce the velocity of the vehicle.
"Mercedes Benz Research & Development North America, Inc",AVT002,2/28/2020,WDD2221591A470147,No,Yes,Test Driver,Street,The operator disengaged the system manually to remain in the operational design domain. This was accomplished by pressing the brake pedal to reduce the velocity of the vehicle.
"Mercedes Benz Research & Development North America, Inc",AVT002,2/28/2020,WDD2221591A470238,No,Yes,Test Driver,Street,The operator disengaged the system manually to remain in the operational design domain. This was accomplished by pressing the brake pedal to reduce the velocity of the vehicle.
"Mercedes Benz Research & Development North America, Inc",AVT002,2/28/2020,WDD2221591A470238,No,Yes,Test Driver,Street,The operator disengaged the system manually to remain in the operational design domain. This was accomplished by pressing the brake pedal to reduce the velocity of the vehicle.
"Mercedes Benz Research & Development North America, Inc",AVT002,2/28/2020,WDD2221591A470238,No,Yes,Test Driver,Street,The operator disengaged the system manually to remain in the operational design domain. The driver performed a steering manouver to correct the trajectory of the vehicle.
"Mercedes Benz Research & Development North America, Inc",AVT002,2/28/2020,WDD2221591A470238,No,Yes,AV System,Street,The planner was not able to generate a valid trajectory. The system asked the operator to take control of the vehicle. 
"Mercedes Benz Research & Development North America, Inc",AVT002,2/28/2020,WDD2221591A470796,No,Yes,Test Driver,Street,The operator disengaged the system manually to remain in the operational design domain. The driver performed a steering manouver to correct the trajectory of the vehicle.
"Mercedes Benz Research & Development North America, Inc",AVT002,2/28/2020,WDD2221591A470796,No,Yes,AV System,Street,The planner was not able to generate a valid trajectory. The system asked the operator to take control of the vehicle. 
"Mercedes Benz Research & Development North America, Inc",AVT002,2/29/2020,WDD2221591A470238,No,Yes,AV System,Street,The planner was not able to generate a valid trajectory. The system asked the operator to take control of the vehicle. 
"Mercedes Benz Research & Development North America, Inc",AVT002,3/2/2020,WDD2221591A470497,No,Yes,Test Driver,Street,The operator disengaged the system manually to remain in the operational design domain. The driver performed a steering manouver to correct the trajectory of the vehicle.
"Mercedes Benz Research & Development North America, Inc",AVT002,3/2/2020,WDD2221591A470497,No,Yes,Test Driver,Street,The operator disengaged the system manually to remain in the operational design domain. This was accomplished by pressing the brake pedal to reduce the velocity of the vehicle.
"Mercedes Benz Research & Development North America, Inc",AVT002,3/2/2020,WDD2221591A470497,No,Yes,Test Driver,Street,The operator disengaged the system manually to remain in the operational design domain. The driver performed a steering manouver to correct the trajectory of the vehicle.
"Mercedes Benz Research & Development North America, Inc",AVT002,3/2/2020,WDD2221591A470497,No,Yes,AV System,Street,The planner was not able to generate a valid trajectory. The system asked the operator to take control of the vehicle. 
"Mercedes Benz Research & Development North America, Inc",AVT002,3/2/2020,WDD2221591A470497,No,Yes,Test Driver,Street,The operator disengaged the system manually to remain in the operational design domain. This was accomplished by pressing the brake pedal to reduce the velocity of the vehicle.
"Mercedes Benz Research & Development North America, Inc",AVT002,3/2/2020,WDD2221591A470147,No,Yes,AV System,Street,An issue with localization component caused the system to disengage. The system asked the operator to take control of the vehicle.
"Mercedes Benz Research & Development North America, Inc",AVT002,3/2/2020,WDD2221591A470147,No,Yes,Test Driver,Street,The operator disengaged the system manually to remain in the operational design domain. This was accomplished by pressing the brake pedal to reduce the velocity of the vehicle.
"Mercedes Benz Research & Development North America, Inc",AVT002,3/2/2020,WDD2221591A470147,No,Yes,AV System,Street,An issue with localization component caused the system to disengage. The system asked the operator to take control of the vehicle.
"Mercedes Benz Research & Development North America, Inc",AVT002,3/2/2020,WDD2221591A470147,No,Yes,Test Driver,Street,The operator disengaged the system manually to remain in the operational design domain. This was accomplished by pressing the brake pedal to reduce the velocity of the vehicle.
"Mercedes Benz Research & Development North America, Inc",AVT002,3/2/2020,WDD2221591A470147,No,Yes,Test Driver,Street,The operator disengaged the system manually to remain in the operational design domain. This was accomplished by pressing the brake pedal to reduce the velocity of the vehicle.
"Mercedes Benz Research & Development North America, Inc",AVT002,3/2/2020,WDD2221591A470147,No,Yes,AV System,Street,The planner was not able to generate a valid trajectory. The system asked the operator to take control of the vehicle. 
"Mercedes Benz Research & Development North America, Inc",AVT002,3/2/2020,WDD2221591A470147,No,Yes,Test Driver,Street,The operator disengaged the system manually to remain in the operational design domain. This was accomplished by pressing the brake pedal to reduce the velocity of the vehicle.
"Mercedes Benz Research & Development North America, Inc",AVT002,3/2/2020,WDD2221591A470147,No,Yes,Test Driver,Street,The operator disengaged the system manually to remain in the operational design domain. This was accomplished by pressing the brake pedal to reduce the velocity of the vehicle.
"Mercedes Benz Research & Development North America, Inc",AVT002,3/2/2020,WDD2221591A470147,No,Yes,AV System,Street,The system disengaged because of an error with the fusion component. The system asked the operator to take control of the vehicle.
"Mercedes Benz Research & Development North America, Inc",AVT002,3/2/2020,WDD2221591A470147,No,Yes,Test Driver,Street,The operator disengaged the system manually to remain in the operational design domain. This was accomplished by pressing the brake pedal to reduce the velocity of the vehicle.
"Mercedes Benz Research & Development North America, Inc",AVT002,3/2/2020,WDD2221591A470147,No,Yes,AV System,Street,The system disengaged because of an error with the fusion component. The system asked the operator to take control of the vehicle.
"Mercedes Benz Research & Development North America, Inc",AVT002,3/2/2020,WDD2221591A470238,No,Yes,AV System,Street,The planner was not able to generate a valid trajectory. The system asked the operator to take control of the vehicle. 
"Mercedes Benz Research & Development North America, Inc",AVT002,3/3/2020,WDD2221591A417319,No,Yes,Test Driver,Street,The operator disengaged the system manually to remain in the operational design domain. This was accomplished by pressing the brake pedal to reduce the velocity of the vehicle.
"Mercedes Benz Research & Development North America, Inc",AVT002,3/3/2020,WDD2221591A417319,No,Yes,Test Driver,Street,The operator disengaged the system manually to remain in the operational design domain. The driver performed a steering manouver to correct the trajectory of the vehicle.
"Mercedes Benz Research & Development North America, Inc",AVT002,3/3/2020,WDD2221591A470238,No,Yes,Test Driver,Street,The operator disengaged the system manually to remain in the operational design domain. This was accomplished by pressing the brake pedal to reduce the velocity of the vehicle.
"Mercedes Benz Research & Development North America, Inc",AVT002,3/3/2020,WDD2221591A470238,No,Yes,AV System,Street,The planner was not able to generate a valid trajectory. The system asked the operator to take control of the vehicle. 
"Mercedes Benz Research & Development North America, Inc",AVT002,3/3/2020,WDD2221591A470238,No,Yes,Test Driver,Street,The operator disengaged the system manually to remain in the operational design domain. This was accomplished by pressing the brake pedal to reduce the velocity of the vehicle.
"Mercedes Benz Research & Development North America, Inc",AVT002,3/3/2020,WDD2221591A470238,No,Yes,Test Driver,Street,The operator disengaged the system manually to remain in the operational design domain. The driver performed a steering manouver to correct the trajectory of the vehicle.
"Mercedes Benz Research & Development North America, Inc",AVT002,3/3/2020,WDD2221591A470238,No,Yes,AV System,Street,The planner was not able to generate a valid trajectory. The system asked the operator to take control of the vehicle. 
"Mercedes Benz Research & Development North America, Inc",AVT002,3/3/2020,WDD2221591A470238,No,Yes,AV System,Street,The planner was not able to generate a valid trajectory. The system asked the operator to take control of the vehicle. 
"Mercedes Benz Research & Development North America, Inc",AVT002,3/3/2020,WDD2221591A470238,No,Yes,Test Driver,Street,The operator disengaged the system manually to remain in the operational design domain. This was accomplished by pressing the brake pedal to reduce the velocity of the vehicle.
"Mercedes Benz Research & Development North America, Inc",AVT002,3/3/2020,WDD2221591A470238,No,Yes,Test Driver,Street,The planner was not able to generate a valid trajectory. The system asked the operator to take control of the vehicle. The operator disengaged the system manually to remain in the operational design domain. The driver performed a steering manouver to correct the trajectory of the vehicle.
"Mercedes Benz Research & Development North America, Inc",AVT002,3/3/2020,WDD2221591A470238,No,Yes,Test Driver,Street,The operator disengaged the system manually to remain in the operational design domain. This was accomplished by pressing the brake pedal to reduce the velocity of the vehicle.
"Mercedes Benz Research & Development North America, Inc",AVT002,3/3/2020,WDD2221591A470238,No,Yes,Test Driver,Street,The operator disengaged the system manually to remain in the operational design domain. This was accomplished by pressing the brake pedal to reduce the velocity of the vehicle.
"Mercedes Benz Research & Development North America, Inc",AVT002,3/3/2020,WDD2221591A470238,No,Yes,Test Driver,Street,The operator disengaged the system manually to remain in the operational design domain. This was accomplished by pressing the brake pedal to reduce the velocity of the vehicle.
"Mercedes Benz Research & Development North America, Inc",AVT002,3/3/2020,WDD2221591A470238,No,Yes,Test Driver,Street,The operator disengaged the system manually to remain in the operational design domain. This was accomplished by pressing the brake pedal to reduce the velocity of the vehicle.
"Mercedes Benz Research & Development North America, Inc",AVT002,3/3/2020,WDD2221591A470238,No,Yes,Test Driver,Street,The operator disengaged the system manually to remain in the operational design domain. This was accomplished by pressing the brake pedal to reduce the velocity of the vehicle.
"Mercedes Benz Research & Development North America, Inc",AVT002,3/4/2020,WDD2221591A417319,No,Yes,AV System,Street,The planner was not able to generate a valid trajectory. The system asked the operator to take control of the vehicle. 
"Mercedes Benz Research & Development North America, Inc",AVT002,3/4/2020,WDD2221591A417319,No,Yes,Test Driver,Street,The operator disengaged the system manually to remain in the operational design domain. This was accomplished by pressing the brake pedal to reduce the velocity of the vehicle.
"Mercedes Benz Research & Development North America, Inc",AVT002,3/4/2020,WDD2221591A417319,No,Yes,AV System,Street,The planner was not able to generate a valid trajectory. The system asked the operator to take control of the vehicle. 
"Mercedes Benz Research & Development North America, Inc",AVT002,3/4/2020,WDD2221591A417319,No,Yes,AV System,Street,The planner was not able to generate a valid trajectory. The system asked the operator to take control of the vehicle. 
"Mercedes Benz Research & Development North America, Inc",AVT002,3/4/2020,WDD2221591A417319,No,Yes,AV System,Street,The planner was not able to generate a valid trajectory. The system asked the operator to take control of the vehicle. 
"Mercedes Benz Research & Development North America, Inc",AVT002,3/4/2020,WDD2221591A417319,No,Yes,AV System,Street,The planner was not able to generate a valid trajectory. The system asked the operator to take control of the vehicle. 
"Mercedes Benz Research & Development North America, Inc",AVT002,3/4/2020,WDD2221591A417319,No,Yes,AV System,Street,The planner was not able to generate a valid trajectory. The system asked the operator to take control of the vehicle. 
"Mercedes Benz Research & Development North America, Inc",AVT002,3/4/2020,WDD2221591A470147,No,Yes,Test Driver,Street,The operator disengaged the system manually to remain in the operational design domain. This was accomplished by pressing the brake pedal to reduce the velocity of the vehicle.
"Mercedes Benz Research & Development North America, Inc",AVT002,3/4/2020,WDD2221591A470147,No,Yes,Test Driver,Street,The operator disengaged the system manually to remain in the operational design domain. This was accomplished by pressing the brake pedal to reduce the velocity of the vehicle.
"Mercedes Benz Research & Development North America, Inc",AVT002,3/4/2020,WDD2221591A470147,No,Yes,Test Driver,Street,The operator disengaged the system manually to remain in the operational design domain. The driver performed a steering manouver to correct the trajectory of the vehicle.
"Mercedes Benz Research & Development North America, Inc",AVT002,3/4/2020,WDD2221591A470238,No,Yes,Test Driver,Street,The operator disengaged the system manually to remain in the operational design domain. This was accomplished by pressing the brake pedal to reduce the velocity of the vehicle.
"Mercedes Benz Research & Development North America, Inc",AVT002,3/4/2020,WDD2221591A470796,No,Yes,AV System,Street,The planner was not able to generate a valid trajectory. The system asked the operator to take control of the vehicle. 
"Mercedes Benz Research & Development North America, Inc",AVT002,3/5/2020,WDD2221591A470147,No,Yes,Test Driver,Street,The operator disengaged the system manually to remain in the operational design domain. This was accomplished by pressing the brake pedal to reduce the velocity of the vehicle.
"Mercedes Benz Research & Development North America, Inc",AVT002,3/5/2020,WDD2221591A417319,No,Yes,AV System,Street,The planner was not able to generate a valid trajectory. The system asked the operator to take control of the vehicle. 
"Mercedes Benz Research & Development North America, Inc",AVT002,3/5/2020,WDD2221591A417319,No,Yes,Test Driver,Street,The operator disengaged the system manually to remain in the operational design domain. The driver performed a steering manouver to correct the trajectory of the vehicle.
"Mercedes Benz Research & Development North America, Inc",AVT002,3/5/2020,WDD2221591A417319,No,Yes,Test Driver,Street,The operator disengaged the system manually to remain in the operational design domain. This was accomplished by pressing the brake pedal to reduce the velocity of the vehicle.
"Mercedes Benz Research & Development North America, Inc",AVT002,3/5/2020,WDD2221591A417319,No,Yes,Test Driver,Street,The operator disengaged the system manually to remain in the operational design domain. The driver performed a steering manouver to correct the trajectory of the vehicle.
"Mercedes Benz Research & Development North America, Inc",AVT002,3/5/2020,WDD2221591A417319,No,Yes,AV System,Street,The planner was not able to generate a valid trajectory. The system asked the operator to take control of the vehicle. 
"Mercedes Benz Research & Development North America, Inc",AVT002,3/5/2020,WDD2221591A417319,No,Yes,Test Driver,Street,The operator disengaged the system manually to remain in the operational design domain. This was accomplished by pressing the brake pedal to reduce the velocity of the vehicle.
"Mercedes Benz Research & Development North America, Inc",AVT002,3/5/2020,WDD2221591A417319,No,Yes,Test Driver,Street,The operator disengaged the system manually to remain in the operational design domain. This was accomplished by pressing the brake pedal to reduce the velocity of the vehicle.
"Mercedes Benz Research & Development North America, Inc",AVT002,3/5/2020,WDD2221591A470238,No,Yes,Test Driver,Street,The operator disengaged the system manually to remain in the operational design domain. The driver performed a steering manouver to correct the trajectory of the vehicle.
"Mercedes Benz Research & Development North America, Inc",AVT002,3/5/2020,WDD2221591A470238,No,Yes,AV System,Street,The planner was not able to generate a valid trajectory. The system asked the operator to take control of the vehicle. 
"Mercedes Benz Research & Development North America, Inc",AVT002,3/5/2020,WDD2221591A470796,No,Yes,AV System,Street,The planner was not able to generate a valid trajectory. The system asked the operator to take control of the vehicle. 
"Mercedes Benz Research & Development North America, Inc",AVT002,3/5/2020,WDD2221591A470796,No,Yes,AV System,Street,The planner was not able to generate a valid trajectory. The system asked the operator to take control of the vehicle. 
"Mercedes Benz Research & Development North America, Inc",AVT002,3/5/2020,WDDUG8GB3JA405273,No,Yes,AV System,Freeway,System detects driver override due to significant one-sided road bump. Vehicle not in an active construction zone. No emergency vehicles or collisions present in the vicinity. Weather and/or road conditions dry in the area.
"Mercedes Benz Research & Development North America, Inc",AVT002,3/6/2020,WDD2221591A417319,No,Yes,Test Driver,Street,The operator disengaged the system manually to remain in the operational design domain. This was accomplished by pressing the brake pedal to reduce the velocity of the vehicle.
"Mercedes Benz Research & Development North America, Inc",AVT002,3/6/2020,WDD2221591A417319,No,Yes,Test Driver,Street,The operator disengaged the system manually to remain in the operational design domain. This was accomplished by pressing the brake pedal to reduce the velocity of the vehicle.
"Mercedes Benz Research & Development North America, Inc",AVT002,3/6/2020,WDD2221591A417319,No,Yes,AV System,Street,The planner was not able to generate a valid trajectory. The system asked the operator to take control of the vehicle. 
"Mercedes Benz Research & Development North America, Inc",AVT002,3/6/2020,WDD2221591A470147,No,Yes,Test Driver,Street,The operator disengaged the system manually to remain in the operational design domain. This was accomplished by pressing the brake pedal to reduce the velocity of the vehicle.
"Mercedes Benz Research & Development North America, Inc",AVT002,3/6/2020,WDD2221591A470147,No,Yes,Test Driver,Street,The operator disengaged the system manually to remain in the operational design domain. This was accomplished by pressing the brake pedal to reduce the velocity of the vehicle.
"Mercedes Benz Research & Development North America, Inc",AVT002,3/6/2020,WDD2221591A470147,No,Yes,AV System,Street,An issue with localization component caused the system to disengage. The system asked the operator to take control of the vehicle.
"Mercedes Benz Research & Development North America, Inc",AVT002,3/6/2020,WDD2221591A470147,No,Yes,Test Driver,Street,The operator disengaged the system manually to remain in the operational design domain. The driver performed a steering manouver to correct the trajectory of the vehicle.
"Mercedes Benz Research & Development North America, Inc",AVT002,3/6/2020,WDD2221591A470238,No,Yes,AV System,Street,The planner was not able to generate a valid trajectory. The system asked the operator to take control of the vehicle. 
"Mercedes Benz Research & Development North America, Inc",AVT002,3/6/2020,WDD2221591A470238,No,Yes,Test Driver,Street,The operator disengaged the system manually to remain in the operational design domain. This was accomplished by pressing the brake pedal to reduce the velocity of the vehicle.
"Mercedes Benz Research & Development North America, Inc",AVT002,3/6/2020,WDD2221591A470238,No,Yes,Test Driver,Street,The operator disengaged the system manually to remain in the operational design domain. This was accomplished by pressing the brake pedal to reduce the velocity of the vehicle.
"Mercedes Benz Research & Development North America, Inc",AVT002,3/6/2020,WDD2221591A470238,No,Yes,Test Driver,Street,The operator disengaged the system manually to remain in the operational design domain. This was accomplished by pressing the brake pedal to reduce the velocity of the vehicle.
"Mercedes Benz Research & Development North America, Inc",AVT002,3/6/2020,WDD2221591A470238,No,Yes,Test Driver,Street,The operator disengaged the system manually to remain in the operational design domain. This was accomplished by pressing the brake pedal to reduce the velocity of the vehicle.
"Mercedes Benz Research & Development North America, Inc",AVT002,3/6/2020,WDD2221591A470238,No,Yes,Test Driver,Street,The operator disengaged the system manually to remain in the operational design domain. This was accomplished by pressing the brake pedal to reduce the velocity of the vehicle.
"Mercedes Benz Research & Development North America, Inc",AVT002,3/7/2020,WDD2221591A470238,No,Yes,Test Driver,Street,The operator disengaged the system manually to remain in the operational design domain. This was accomplished by pressing the brake pedal to reduce the velocity of the vehicle.
"Mercedes Benz Research & Development North America, Inc",AVT002,3/7/2020,WDD2221591A470238,No,Yes,Test Driver,Street,The operator disengaged the system manually to remain in the operational design domain. This was accomplished by pressing the brake pedal to reduce the velocity of the vehicle.
"Mercedes Benz Research & Development North America, Inc",AVT002,3/9/2020,WDD2221591A470500,No,Yes,AV System,Street,The planner was not able to generate a valid trajectory. The system asked the operator to take control of the vehicle. 
"Mercedes Benz Research & Development North America, Inc",AVT002,3/9/2020,WDD2221591A470500,No,Yes,Test Driver,Street,The operator disengaged the system manually to remain in the operational design domain. This was accomplished by pressing the brake pedal to reduce the velocity of the vehicle.
"Mercedes Benz Research & Development North America, Inc",AVT002,3/9/2020,WDD2221591A470238,No,Yes,Test Driver,Street,The operator disengaged the system manually to remain in the operational design domain. The driver performed a steering manouver to correct the trajectory of the vehicle.
"Mercedes Benz Research & Development North America, Inc",AVT002,3/9/2020,WDD2221591A470238,No,Yes,Test Driver,Street,The operator disengaged the system manually to remain in the operational design domain. The driver performed a steering manouver to correct the trajectory of the vehicle.
"Mercedes Benz Research & Development North America, Inc",AVT002,3/9/2020,WDD2221591A470238,No,Yes,Test Driver,Street,The operator disengaged the system manually to remain in the operational design domain. This was accomplished by pressing the brake pedal to reduce the velocity of the vehicle.
"Mercedes Benz Research & Development North America, Inc",AVT002,3/9/2020,WDD2221591A470238,No,Yes,Test Driver,Street,The operator disengaged the system manually to remain in the operational design domain. This was accomplished by pressing the brake pedal to reduce the velocity of the vehicle.
"Mercedes Benz Research & Development North America, Inc",AVT002,3/10/2020,WDD2221591A470238,No,Yes,Test Driver,Street,The operator disengaged the system manually to remain in the operational design domain. This was accomplished by pressing the brake pedal to reduce the velocity of the vehicle.
"Mercedes Benz Research & Development North America, Inc",AVT002,3/10/2020,WDD2221591A470238,No,Yes,Test Driver,Street,The operator disengaged the system manually to remain in the operational design domain. This was accomplished by pressing the brake pedal to reduce the velocity of the vehicle.
"Mercedes Benz Research & Development North America, Inc",AVT002,3/10/2020,WDD2221591A470238,No,Yes,Test Driver,Street,The operator disengaged the system manually to remain in the operational design domain. This was accomplished by pressing the brake pedal to reduce the velocity of the vehicle.
"Mercedes Benz Research & Development North America, Inc",AVT002,3/10/2020,WDD2221591A470238,No,Yes,Test Driver,Street,The operator disengaged the system manually to remain in the operational design domain. This was accomplished by pressing the brake pedal to reduce the velocity of the vehicle.
"Mercedes Benz Research & Development North America, Inc",AVT002,3/10/2020,WDD2221591A470238,No,Yes,Test Driver,Street,The operator disengaged the system manually to remain in the operational design domain. This was accomplished by pressing the brake pedal to reduce the velocity of the vehicle.
"Mercedes Benz Research & Development North America, Inc",AVT002,3/10/2020,WDD2221591A470238,No,Yes,Test Driver,Street,The operator disengaged the system manually to remain in the operational design domain. This was accomplished by pressing the brake pedal to reduce the velocity of the vehicle.
"Mercedes Benz Research & Development North America, Inc",AVT002,3/11/2020,WDD2221591A470502,No,Yes,AV System,Street,An issue with motion control system caused the system to disengage. The system asked the operator to take control of the vehicle.
"Mercedes Benz Research & Development North America, Inc",AVT002,3/11/2020,WDD2221591A470502,No,Yes,Test Driver,Street,The operator disengaged the system manually to remain in the operational design domain. This was accomplished by pressing the brake pedal to reduce the velocity of the vehicle.
"Mercedes Benz Research & Development North America, Inc",AVT002,3/11/2020,WDD2221591A470238,No,Yes,AV System,Street,The planner was not able to generate a valid trajectory. The system asked the operator to take control of the vehicle. 
"Mercedes Benz Research & Development North America, Inc",AVT002,3/11/2020,WDD2221591A470238,No,Yes,Test Driver,Street,The operator disengaged the system manually to remain in the operational design domain. This was accomplished by pressing the brake pedal to reduce the velocity of the vehicle.
"Mercedes Benz Research & Development North America, Inc",AVT002,3/13/2020,WDD2221591A470147,No,Yes,AV System,Street,An issue with localization component caused the system to disengage. The system asked the operator to take control of the vehicle.
"Mercedes Benz Research & Development North America, Inc",AVT002,3/13/2020,WDD2221591A470147,No,Yes,AV System,Street,The planner was not able to generate a valid trajectory. The system asked the operator to take control of the vehicle. 
"Mercedes Benz Research & Development North America, Inc",AVT002,3/16/2020,WDD2221591A470502,No,Yes,Test Driver,Street,The operator disengaged the system manually to remain in the operational design domain. This was accomplished by pressing the brake pedal to reduce the velocity of the vehicle.
"Mercedes Benz Research & Development North America, Inc",AVT002,3/16/2020,WDD2221591A470502,No,Yes,Test Driver,Street,The operator disengaged the system manually to remain in the operational design domain. This was accomplished by pressing the brake pedal to reduce the velocity of the vehicle.
"Mercedes Benz Research & Development North America, Inc",AVT002,3/16/2020,WDD2221591A417319,No,Yes,Test Driver,Street,The operator disengaged the system manually to remain in the operational design domain. This was accomplished by pressing the brake pedal to reduce the velocity of the vehicle.
"Mercedes Benz Research & Development North America, Inc",AVT002,3/16/2020,WDD2221591A417319,No,Yes,Test Driver,Street,The operator disengaged the system manually to remain in the operational design domain. This was accomplished by pressing the brake pedal to reduce the velocity of the vehicle.
"Mercedes Benz Research & Development North America, Inc",AVT002,3/16/2020,WDD2221591A417319,No,Yes,Test Driver,Street,The operator disengaged the system manually to remain in the operational design domain. This was accomplished by pressing the brake pedal to reduce the velocity of the vehicle.
"Mercedes Benz Research & Development North America, Inc",AVT002,3/16/2020,WDD2221591A470147,No,Yes,AV System,Street,The planner was not able to generate a valid trajectory. The system asked the operator to take control of the vehicle. 
"Mercedes Benz Research & Development North America, Inc",AVT002,3/16/2020,WDD2221591A470147,No,Yes,Test Driver,Street,The operator disengaged the system manually to remain in the operational design domain. The driver performed a steering manouver to correct the trajectory of the vehicle.
"Mercedes Benz Research & Development North America, Inc",AVT002,3/16/2020,WDD2221591A470147,No,Yes,AV System,Street,The planner was not able to generate a valid trajectory. The system asked the operator to take control of the vehicle. 
"Mercedes Benz Research & Development North America, Inc",AVT002,3/16/2020,WDD2221591A470147,No,Yes,AV System,Street,The planner was not able to generate a valid trajectory. The system asked the operator to take control of the vehicle. 
"Mercedes Benz Research & Development North America, Inc",AVT002,3/16/2020,WDD2221591A470147,No,Yes,AV System,Street,The planner was not able to generate a valid trajectory. The system asked the operator to take control of the vehicle. 
"Mercedes Benz Research & Development North America, Inc",AVT002,3/16/2020,WDD2221591A470147,No,Yes,AV System,Street,The planner was not able to generate a valid trajectory. The system asked the operator to take control of the vehicle. 
"Mercedes Benz Research & Development North America, Inc",AVT002,3/16/2020,WDD2221591A470147,No,Yes,AV System,Street,The planner was not able to generate a valid trajectory. The system asked the operator to take control of the vehicle. 
"Mercedes Benz Research & Development North America, Inc",AVT002,3/16/2020,WDD2221591A470147,No,Yes,AV System,Street,The planner was not able to generate a valid trajectory. The system asked the operator to take control of the vehicle. 
"Mercedes Benz Research & Development North America, Inc",AVT002,3/16/2020,WDD2221591A470147,No,Yes,AV System,Street,The planner was not able to generate a valid trajectory. The system asked the operator to take control of the vehicle. 
"Mercedes Benz Research & Development North America, Inc",AVT002,3/16/2020,WDD2221591A470147,No,Yes,AV System,Street,The planner was not able to generate a valid trajectory. The system asked the operator to take control of the vehicle. 
"Mercedes Benz Research & Development North America, Inc",AVT002,3/16/2020,WDD2221591A470147,No,Yes,AV System,Street,The planner was not able to generate a valid trajectory. The system asked the operator to take control of the vehicle. 
"Mercedes Benz Research & Development North America, Inc",AVT002,3/16/2020,WDD2221591A470147,No,Yes,AV System,Street,The planner was not able to generate a valid trajectory. The system asked the operator to take control of the vehicle. 
"Mercedes Benz Research & Development North America, Inc",AVT002,3/16/2020,WDD2221591A470238,No,Yes,Test Driver,Street,The operator disengaged the system manually to remain in the operational design domain. This was accomplished by pressing the brake pedal to reduce the velocity of the vehicle.
"Mercedes Benz Research & Development North America, Inc",AVT002,3/16/2020,WDD2221591A470238,No,Yes,AV System,Street,An issue with motion control system caused the system to disengage. The system asked the operator to take control of the vehicle.
"Mercedes Benz Research & Development North America, Inc",AVT002,3/16/2020,WDD2221591A470238,No,Yes,AV System,Street,An issue with motion control system caused the system to disengage. The system asked the operator to take control of the vehicle.
"Mercedes Benz Research & Development North America, Inc",AVT002,3/16/2020,WDD2221591A470238,No,Yes,Test Driver,Street,The operator disengaged the system manually to remain in the operational design domain. This was accomplished by pressing the brake pedal to reduce the velocity of the vehicle.
"Mercedes Benz Research & Development North America, Inc",AVT002,3/16/2020,WDD2221591A470238,No,Yes,Test Driver,Street,The operator disengaged the system manually to remain in the operational design domain. This was accomplished by pressing the brake pedal to reduce the velocity of the vehicle.
"Mercedes Benz Research & Development North America, Inc",AVT002,3/16/2020,WDD2221591A470238,No,Yes,Test Driver,Street,The operator disengaged the system manually to remain in the operational design domain. This was accomplished by pressing the brake pedal to reduce the velocity of the vehicle.
"Mercedes Benz Research & Development North America, Inc",AVT002,3/17/2020,WDD2221591A470147,No,Yes,AV System,Street,The planner was not able to generate a valid trajectory. The system asked the operator to take control of the vehicle. 
"Mercedes Benz Research & Development North America, Inc",AVT002,3/17/2020,WDD2221591A470147,No,Yes,AV System,Street,The planner was not able to generate a valid trajectory. The system asked the operator to take control of the vehicle. 
"Mercedes Benz Research & Development North America, Inc",AVT002,5/4/2020,WDDUG8GB3JA405273,No,Yes,AV System,Freeway,A general error caused the system to stop the engaged status. Vehicle not in an active construction zone. No emergency vehicles or collisions present in the vicinity. Weather and/or road conditions dry in the area.
"Mercedes Benz Research & Development North America, Inc",AVT002,5/18/2020,WDDUG8GB3JA405273,No,Yes,AV System,Freeway,Driver performed steering maneuver because the vehicle didn’t drive on the expected path. Vehicle not in an active construction zone. No emergency vehicles or collisions present in the vicinity. Weather and/or road conditions dry in the area.
"Mercedes Benz Research & Development North America, Inc",AVT002,6/8/2020,WDD2221591A470147,No,Yes,AV System,Street,The system disengaged because of an error with the maps component. The system asked the operator to take control of the vehicle.
"Mercedes Benz Research & Development North America, Inc",AVT002,6/8/2020,WDD2221591A470147,No,Yes,AV System,Street,The system disengaged because of an error with the maps component. The system asked the operator to take control of the vehicle.
"Mercedes Benz Research & Development North America, Inc",AVT002,6/8/2020,WDD2221591A470147,No,Yes,AV System,Street,The planner was not able to generate a valid trajectory. The system asked the operator to take control of the vehicle. 
"Mercedes Benz Research & Development North America, Inc",AVT002,6/15/2020,WDD2221591A470500,No,Yes,AV System,Street,An issue with environment model caused the system to disengage. The system asked the operator to take control of the vehicle.
"Mercedes Benz Research & Development North America, Inc",AVT002,6/15/2020,WDD2221591A470500,No,Yes,AV System,Street,The planner was not able to generate a valid trajectory. The system asked the operator to take control of the vehicle. 
"Mercedes Benz Research & Development North America, Inc",AVT002,6/15/2020,WDD2221591A470500,No,Yes,AV System,Street,An issue with motion control system caused the system to disengage. The system asked the operator to take control of the vehicle.
"Mercedes Benz Research & Development North America, Inc",AVT002,6/15/2020,WDD2221591A470500,No,Yes,Test Driver,Street,The operator disengaged the system manually to remain in the operational design domain. The driver performed a steering manouver to correct the trajectory of the vehicle.
"Mercedes Benz Research & Development North America, Inc",AVT002,6/15/2020,WDD2221591A470500,No,Yes,AV System,Street,The system disengaged because of an error with the maps component. The system asked the operator to take control of the vehicle.
"Mercedes Benz Research & Development North America, Inc",AVT002,6/15/2020,WDD2221591A470500,No,Yes,AV System,Street,The planner was not able to generate a valid trajectory. The system asked the operator to take control of the vehicle. 
"Mercedes Benz Research & Development North America, Inc",AVT002,6/25/2020,WDD2221591A470500,No,Yes,Test Driver,Street,The operator disengaged the system manually to remain in the operational design domain. This was accomplished by pressing the brake pedal to reduce the velocity of the vehicle.
"Mercedes Benz Research & Development North America, Inc",AVT002,6/29/2020,WDD2221591A470500,No,Yes,Test Driver,Street,The system disengaged because of an error with the maps component. The system asked the operator to take control of the vehicle.
"Mercedes Benz Research & Development North America, Inc",AVT002,6/29/2020,WDD2221591A470500,No,Yes,Test Driver,Street,The operator disengaged the system manually to remain in the operational design domain. The driver performed a steering manouver to correct the trajectory of the vehicle.
"Mercedes Benz Research & Development North America, Inc",AVT002,6/29/2020,WDD2221591A470500,No,Yes,Test Driver,Street,The operator disengaged the system manually to remain in the operational design domain. This was accomplished by pressing the brake pedal to reduce the velocity of the vehicle.
"Mercedes Benz Research & Development North America, Inc",AVT002,6/29/2020,WDD2221591A470500,No,Yes,AV System,Street,An issue with motion control system caused the system to disengage. The system asked the operator to take control of the vehicle.
"Mercedes Benz Research & Development North America, Inc",AVT002,6/29/2020,WDD2221591A470500,No,Yes,Test Driver,Street,The operator disengaged the system manually to remain in the operational design domain. This was accomplished by pressing the brake pedal to reduce the velocity of the vehicle.
"Mercedes Benz Research & Development North America, Inc",AVT002,6/29/2020,WDD2221591A470500,No,Yes,Test Driver,Street,The operator disengaged the system manually to remain in the operational design domain. This was accomplished by pressing the brake pedal to reduce the velocity of the vehicle.
"Mercedes Benz Research & Development North America, Inc",AVT002,6/29/2020,WDD2221591A470500,No,Yes,Test Driver,Street,The operator disengaged the system manually to remain in the operational design domain. The driver performed a steering manouver to correct the trajectory of the vehicle.
"Mercedes Benz Research & Development North America, Inc",AVT002,7/8/2020,WDD2221591A470500,No,Yes,Test Driver,Street,The operator disengaged the system manually to remain in the operational design domain. This was accomplished by pressing the brake pedal to reduce the velocity of the vehicle.
"Mercedes Benz Research & Development North America, Inc",AVT002,7/8/2020,WDDUG8GB9KA439459,No,Yes,AV System,Freeway,Driver performed steering maneuver because the vehicle didn’t drive on the expected path. Vehicle not in an active construction zone. No emergency vehicles or collisions present in the vicinity. Weather and/or road conditions dry in the area.
"Mercedes Benz Research & Development North America, Inc",AVT002,7/9/2020,WDD2221591A470500,No,Yes,Test Driver,Street,The system disengaged because of an error with the maps component. The system asked the operator to take control of the vehicle.
"Mercedes Benz Research & Development North America, Inc",AVT002,7/9/2020,WDD2221591A470500,No,Yes,Test Driver,Street,The operator disengaged the system manually to remain in the operational design domain. This was accomplished by pressing the brake pedal to reduce the velocity of the vehicle.
"Mercedes Benz Research & Development North America, Inc",AVT002,7/9/2020,WDDUG8GB9KA439459,No,Yes,AV System,Freeway,A general error caused the system to stop the engaged status. Vehicle not in an active construction zone. No emergency vehicles or collisions present in the vicinity. Weather and/or road conditions dry in the area.
"Mercedes Benz Research & Development North America, Inc",AVT002,7/13/2020,WDD2221591A470500,No,Yes,AV System,Street,The planner was not able to generate a valid trajectory. The system asked the operator to take control of the vehicle. 
"Mercedes Benz Research & Development North America, Inc",AVT002,7/16/2020,WDD2221591A470500,No,Yes,AV System,Street,The planner was not able to generate a valid trajectory. The system asked the operator to take control of the vehicle. 
"Mercedes Benz Research & Development North America, Inc",AVT002,7/16/2020,WDD2221591A470500,No,Yes,AV System,Street,The planner was not able to generate a valid trajectory. The system asked the operator to take control of the vehicle. 
"Mercedes Benz Research & Development North America, Inc",AVT002,7/23/2020,WDD2221591A470500,No,Yes,AV System,Street,The system disengaged because of an error with the fusion component. The system asked the operator to take control of the vehicle.
"Mercedes Benz Research & Development North America, Inc",AVT002,7/28/2020,WDDUG8GB3JA405273,No,Yes,AV System,Freeway,Driver performed steering maneuver because the vehicle didn’t drive on the expected path. Vehicle not in an active construction zone. No emergency vehicles or collisions present in the vicinity. Weather and/or road conditions dry in the area.
"Mercedes Benz Research & Development North America, Inc",AVT002,7/29/2020,WDDUG8GB3JA405273,No,Yes,AV System,Freeway,Quality of generated trajectory did not meet the system’s expectation. Vehicle not in an active construction zone. No emergency vehicles or collisions present in the vicinity. Weather and/or road conditions dry in the area.
"Mercedes Benz Research & Development North America, Inc",AVT002,7/30/2020,WDD2221591A470500,No,Yes,AV System,Street,The system disengaged because of an error with the maps component. The system asked the operator to take control of the vehicle.
"Mercedes Benz Research & Development North America, Inc",AVT002,7/30/2020,WDD2221591A470500,No,Yes,AV System,Street,The system disengaged because of an error with the maps component. The system asked the operator to take control of the vehicle.
"Mercedes Benz Research & Development North America, Inc",AVT002,7/30/2020,WDD2221591A470500,No,Yes,AV System,Street,The planner was not able to generate a valid trajectory. The system asked the operator to take control of the vehicle. 
"Mercedes Benz Research & Development North America, Inc",AVT002,7/31/2020,WDDUG8GB3JA405273,No,Yes,AV System,Freeway,Driver performed steering maneuver because the vehicle didn’t drive on the expected path. Vehicle not in an active construction zone. No emergency vehicles or collisions present in the vicinity. Weather and/or road conditions dry in the area.
"Mercedes Benz Research & Development North America, Inc",AVT002,8/6/2020,WDD2221591A470500,No,Yes,AV System,Street,The planner was not able to generate a valid trajectory. The system asked the operator to take control of the vehicle. 
"Mercedes Benz Research & Development North America, Inc",AVT002,8/6/2020,WDD2221591A470500,No,Yes,AV System,Street,The planner was not able to generate a valid trajectory. The system asked the operator to take control of the vehicle. 
"Mercedes Benz Research & Development North America, Inc",AVT002,8/6/2020,WDD2221591A470500,No,Yes,Test Driver,Street,The operator disengaged the system manually to remain in the operational design domain. The driver performed a steering manouver to correct the trajectory of the vehicle.
"Mercedes Benz Research & Development North America, Inc",AVT002,8/6/2020,WDD2221591A470500,No,Yes,AV System,Street,An issue with localization component caused the system to disengage. The system asked the operator to take control of the vehicle.
"Mercedes Benz Research & Development North America, Inc",AVT002,8/6/2020,WDD2221591A470500,No,Yes,AV System,Street,An issue with localization component caused the system to disengage. The system asked the operator to take control of the vehicle.
"Mercedes Benz Research & Development North America, Inc",AVT002,8/6/2020,WDD2221591A470500,No,Yes,AV System,Street,An issue with localization component caused the system to disengage. The system asked the operator to take control of the vehicle.
"Mercedes Benz Research & Development North America, Inc",AVT002,8/6/2020,WDD2221591A470500,No,Yes,AV System,Street,An issue with localization component caused the system to disengage. The system asked the operator to take control of the vehicle.
"Mercedes Benz Research & Development North America, Inc",AVT002,8/10/2020,WDD2221591A470500,No,Yes,AV System,Street,The planner was not able to generate a valid trajectory. The system asked the operator to take control of the vehicle. 
"Mercedes Benz Research & Development North America, Inc",AVT002,8/10/2020,WDD2221591A470500,No,Yes,AV System,Street,The system disengaged because of an error with the maps component. The system asked the operator to take control of the vehicle.
"Mercedes Benz Research & Development North America, Inc",AVT002,8/10/2020,WDD2221591A470500,No,Yes,AV System,Street,The system disengaged because of an error with the maps component. The system asked the operator to take control of the vehicle.
"Mercedes Benz Research & Development North America, Inc",AVT002,8/20/2020,WDD2221591A470796,No,Yes,AV System,Street,The planner was not able to generate a valid trajectory. The system asked the operator to take control of the vehicle. 
"Mercedes Benz Research & Development North America, Inc",AVT002,8/20/2020,WDD2221591A470796,No,Yes,AV System,Street,The planner was not able to generate a valid trajectory. The system asked the operator to take control of the vehicle. 
"Mercedes Benz Research & Development North America, Inc",AVT002,8/20/2020,WDD2221591A470796,No,Yes,Test Driver,Street,The operator disengaged the system manually to remain in the operational design domain. This was accomplished by pressing the brake pedal to reduce the velocity of the vehicle.
"Mercedes Benz Research & Development North America, Inc",AVT002,8/20/2020,WDD2221591A470796,No,Yes,AV System,Street,The planner was not able to generate a valid trajectory. The system asked the operator to take control of the vehicle. 
"Mercedes Benz Research & Development North America, Inc",AVT002,8/20/2020,WDD2221591A470796,No,Yes,Test Driver,Street,The operator disengaged the system manually to remain in the operational design domain. This was accomplished by pressing the brake pedal to reduce the velocity of the vehicle.
"Mercedes Benz Research & Development North America, Inc",AVT002,8/20/2020,WDD2221591A470796,No,Yes,AV System,Street,The planner was not able to generate a valid trajectory. The system asked the operator to take control of the vehicle. 
"Mercedes Benz Research & Development North America, Inc",AVT002,8/20/2020,WDD2221591A470796,No,Yes,AV System,Street,The planner was not able to generate a valid trajectory. The system asked the operator to take control of the vehicle. 
"Mercedes Benz Research & Development North America, Inc",AVT002,8/20/2020,WDDUG8GB3JA405273,No,Yes,AV System,Freeway,Driver performed steering maneuver because the vehicle didn’t drive on the expected path. Vehicle not in an active construction zone. No emergency vehicles or collisions present in the vicinity. Weather and/or road conditions dry in the area.
"Mercedes Benz Research & Development North America, Inc",AVT002,8/20/2020,WDDUG8GB9KA439459,No,Yes,AV System,Freeway,Driver performed steering maneuver because the vehicle didn’t drive on the expected path. Vehicle not in an active construction zone. No emergency vehicles or collisions present in the vicinity. Weather and/or road conditions dry in the area.
"Mercedes Benz Research & Development North America, Inc",AVT002,8/20/2020,WDDUG8GB9KA439459,No,Yes,AV System,Freeway,Driver performed steering maneuver because the vehicle didn’t drive on the expected path. Vehicle not in an active construction zone. No emergency vehicles or collisions present in the vicinity. Weather and/or road conditions dry in the area.
"Mercedes Benz Research & Development North America, Inc",AVT002,8/24/2020,WDD2221591A470796,No,Yes,Test Driver,Street,The operator disengaged the system manually to remain in the operational design domain. This was accomplished by pressing the brake pedal to reduce the velocity of the vehicle.
"Mercedes Benz Research & Development North America, Inc",AVT002,8/24/2020,WDD2221591A470796,No,Yes,AV System,Street,The planner was not able to generate a valid trajectory. The system asked the operator to take control of the vehicle. 
"Mercedes Benz Research & Development North America, Inc",AVT002,8/24/2020,WDD2221591A470796,No,Yes,Test Driver,Street,The operator disengaged the system manually to remain in the operational design domain. This was accomplished by pressing the brake pedal to reduce the velocity of the vehicle.
"Mercedes Benz Research & Development North America, Inc",AVT002,8/24/2020,WDD2221591A470796,No,Yes,AV System,Street,The system disengaged because of an error with the maps component. The system asked the operator to take control of the vehicle.
"Mercedes Benz Research & Development North America, Inc",AVT002,8/24/2020,WDD2221591A470796,No,Yes,AV System,Street,The planner was not able to generate a valid trajectory. The system asked the operator to take control of the vehicle. 
"Mercedes Benz Research & Development North America, Inc",AVT002,8/24/2020,WDD2221591A470796,No,Yes,Test Driver,Street,The operator disengaged the system manually to remain in the operational design domain. This was accomplished by pressing the brake pedal to reduce the velocity of the vehicle.
"Mercedes Benz Research & Development North America, Inc",AVT002,8/27/2020,WDD2221591A470796,No,Yes,Test Driver,Street,The operator disengaged the system manually to remain in the operational design domain. This was accomplished by pressing the brake pedal to reduce the velocity of the vehicle.
"Mercedes Benz Research & Development North America, Inc",AVT002,8/27/2020,WDD2221591A470796,No,Yes,Test Driver,Street,The operator disengaged the system manually to remain in the operational design domain. This was accomplished by pressing the brake pedal to reduce the velocity of the vehicle.
"Mercedes Benz Research & Development North America, Inc",AVT002,8/27/2020,WDD2221591A470796,No,Yes,AV System,Street,The planner was not able to generate a valid trajectory. The system asked the operator to take control of the vehicle. 
"Mercedes Benz Research & Development North America, Inc",AVT002,8/27/2020,WDD2221591A470796,No,Yes,AV System,Street,An issue with localization component caused the system to disengage. The system asked the operator to take control of the vehicle.
"Mercedes Benz Research & Development North America, Inc",AVT002,9/3/2020,WDD2221591A470796,No,Yes,Test Driver,Street,The operator disengaged the system manually to remain in the operational design domain. The driver performed a steering manouver to correct the trajectory of the vehicle.
"Mercedes Benz Research & Development North America, Inc",AVT002,9/3/2020,WDD2221591A470796,No,Yes,Test Driver,Street,The operator disengaged the system manually to remain in the operational design domain. This was accomplished by pressing the brake pedal to reduce the velocity of the vehicle.
"Mercedes Benz Research & Development North America, Inc",AVT002,9/3/2020,WDD2221591A470796,No,Yes,Test Driver,Street,The operator disengaged the system manually to remain in the operational design domain. The driver performed a steering manouver to correct the trajectory of the vehicle.
"Mercedes Benz Research & Development North America, Inc",AVT002,9/3/2020,WDD2221591A470796,No,Yes,Test Driver,Street,The operator disengaged the system manually to remain in the operational design domain. This was accomplished by pressing the brake pedal to reduce the velocity of the vehicle.
"Mercedes Benz Research & Development North America, Inc",AVT002,9/3/2020,WDD2221591A470796,No,Yes,Test Driver,Street,The operator disengaged the system manually to remain in the operational design domain. The driver performed a steering manouver to correct the trajectory of the vehicle.
"Mercedes Benz Research & Development North America, Inc",AVT002,9/3/2020,WDD2221591A470796,No,Yes,Test Driver,Street,The operator disengaged the system manually to remain in the operational design domain. The driver performed a steering manouver to correct the trajectory of the vehicle.
"Mercedes Benz Research & Development North America, Inc",AVT002,9/8/2020,WDD2221591A470796,No,Yes,AV System,Street,The planner was not able to generate a valid trajectory. The system asked the operator to take control of the vehicle. 
"Mercedes Benz Research & Development North America, Inc",AVT002,9/8/2020,WDD2221591A470796,No,Yes,AV System,Street,An issue with localization component caused the system to disengage. The system asked the operator to take control of the vehicle.
"Mercedes Benz Research & Development North America, Inc",AVT002,9/8/2020,WDD2221591A470796,No,Yes,AV System,Street,The planner was not able to generate a valid trajectory. The system asked the operator to take control of the vehicle. 
"Mercedes Benz Research & Development North America, Inc",AVT002,9/8/2020,WDD2221591A470796,No,Yes,AV System,Street,The planner was not able to generate a valid trajectory. The system asked the operator to take control of the vehicle. 
"Mercedes Benz Research & Development North America, Inc",AVT002,9/8/2020,WDD2221591A470796,No,Yes,AV System,Street,An issue with localization component caused the system to disengage. The system asked the operator to take control of the vehicle.
"Mercedes Benz Research & Development North America, Inc",AVT002,9/8/2020,WDD2221591A470796,No,Yes,AV System,Street,An issue with environment model caused the system to disengage. The system asked the operator to take control of the vehicle.
"Mercedes Benz Research & Development North America, Inc",AVT002,9/10/2020,WDD2221591A470796,No,Yes,AV System,Street,The system disengaged because of an error with the maps component. The system asked the operator to take control of the vehicle.
"Mercedes Benz Research & Development North America, Inc",AVT002,9/10/2020,WDD2221591A470796,No,Yes,Test Driver,Street,The operator disengaged the system manually to remain in the operational design domain. This was accomplished by pressing the brake pedal to reduce the velocity of the vehicle.
"Mercedes Benz Research & Development North America, Inc",AVT002,9/10/2020,WDD2221591A470796,No,Yes,AV System,Street,The planner was not able to generate a valid trajectory. The system asked the operator to take control of the vehicle. 
"Mercedes Benz Research & Development North America, Inc",AVT002,9/10/2020,WDD2221591A470796,No,Yes,Test Driver,Street,The operator disengaged the system manually to remain in the operational design domain. This was accomplished by pressing the brake pedal to reduce the velocity of the vehicle.
"Mercedes Benz Research & Development North America, Inc",AVT002,9/10/2020,WDD2221591A470796,No,Yes,Test Driver,Street,The operator disengaged the system manually to remain in the operational design domain. The driver performed a steering manouver to correct the trajectory of the vehicle.
"Mercedes Benz Research & Development North America, Inc",AVT002,9/10/2020,WDD2221591A470796,No,Yes,Test Driver,Street,The operator disengaged the system manually to remain in the operational design domain. This was accomplished by pressing the brake pedal to reduce the velocity of the vehicle.
"Mercedes Benz Research & Development North America, Inc",AVT002,9/10/2020,WDD2221591A470796,No,Yes,AV System,Street,The planner was not able to generate a valid trajectory. The system asked the operator to take control of the vehicle. 
"Mercedes Benz Research & Development North America, Inc",AVT002,9/10/2020,WDD2221591A470796,No,Yes,Test Driver,Street,The operator disengaged the system manually to remain in the operational design domain. This was accomplished by pressing the brake pedal to reduce the velocity of the vehicle.
"Mercedes Benz Research & Development North America, Inc",AVT002,9/10/2020,WDD2221591A470796,No,Yes,Test Driver,Street,The operator disengaged the system manually to remain in the operational design domain. This was accomplished by pressing the brake pedal to reduce the velocity of the vehicle.
"Mercedes Benz Research & Development North America, Inc",AVT002,9/14/2020,WDD2221591A470796,No,Yes,Test Driver,Street,The operator disengaged the system manually to remain in the operational design domain. This was accomplished by pressing the brake pedal to reduce the velocity of the vehicle.
"Mercedes Benz Research & Development North America, Inc",AVT002,9/17/2020,WDD2221591A470796,No,Yes,Test Driver,Street,The operator disengaged the system manually to remain in the operational design domain. This was accomplished by pressing the brake pedal to reduce the velocity of the vehicle.
"Mercedes Benz Research & Development North America, Inc",AVT002,9/17/2020,WDD2221591A470796,No,Yes,AV System,Street,The planner was not able to generate a valid trajectory. The system asked the operator to take control of the vehicle. 
"Mercedes Benz Research & Development North America, Inc",AVT002,9/17/2020,WDD2221591A470796,No,Yes,AV System,Street,The planner was not able to generate a valid trajectory. The system asked the operator to take control of the vehicle. 
"Mercedes Benz Research & Development North America, Inc",AVT002,9/17/2020,WDD2221591A470796,No,Yes,AV System,Street,An issue with pedestrian detection caused the system to disengage. The system asked the operator to take control of the vehicle.
"Mercedes Benz Research & Development North America, Inc",AVT002,9/17/2020,WDD2221591A470796,No,Yes,AV System,Street,The planner was not able to generate a valid trajectory. The system asked the operator to take control of the vehicle. 
"Mercedes Benz Research & Development North America, Inc",AVT002,9/17/2020,WDD2221591A470796,No,Yes,AV System,Street,The planner was not able to generate a valid trajectory. The system asked the operator to take control of the vehicle. 
"Mercedes Benz Research & Development North America, Inc",AVT002,9/17/2020,WDD2221591A470796,No,Yes,Test Driver,Street,The operator disengaged the system manually to remain in the operational design domain. The driver performed a steering manouver to correct the trajectory of the vehicle.
"Mercedes Benz Research & Development North America, Inc",AVT002,9/17/2020,WDD2221591A470796,No,Yes,AV System,Street,The planner was not able to generate a valid trajectory. The system asked the operator to take control of the vehicle. 
"Mercedes Benz Research & Development North America, Inc",AVT002,9/17/2020,WDD2221591A470796,No,Yes,AV System,Street,The planner was not able to generate a valid trajectory. The system asked the operator to take control of the vehicle. 
"Mercedes Benz Research & Development North America, Inc",AVT002,9/21/2020,WDD2221591A470796,No,Yes,AV System,Street,The planner was not able to generate a valid trajectory. The system asked the operator to take control of the vehicle. 
"Mercedes Benz Research & Development North America, Inc",AVT002,9/21/2020,WDD2221591A470796,No,Yes,AV System,Street,The planner was not able to generate a valid trajectory. The system asked the operator to take control of the vehicle. 
"Mercedes Benz Research & Development North America, Inc",AVT002,9/21/2020,WDD2221591A470796,No,Yes,AV System,Street,The planner was not able to generate a valid trajectory. The system asked the operator to take control of the vehicle. 
"Mercedes Benz Research & Development North America, Inc",AVT002,9/21/2020,WDD2221591A470796,No,Yes,AV System,Street,The planner was not able to generate a valid trajectory. The system asked the operator to take control of the vehicle. 
"Mercedes Benz Research & Development North America, Inc",AVT002,9/24/2020,WDD2221591A470796,No,Yes,AV System,Street,The system disengaged because of an error with the maps component. The system asked the operator to take control of the vehicle.
"Mercedes Benz Research & Development North America, Inc",AVT002,9/24/2020,WDD2221591A470796,No,Yes,AV System,Street,The planner was not able to generate a valid trajectory. The system asked the operator to take control of the vehicle. 
"Mercedes Benz Research & Development North America, Inc",AVT002,9/24/2020,WDD2221591A470796,No,Yes,Test Driver,Street,The operator disengaged the system manually to remain in the operational design domain. This was accomplished by pressing the brake pedal to reduce the velocity of the vehicle.
"Mercedes Benz Research & Development North America, Inc",AVT002,9/24/2020,WDD2221591A470796,No,Yes,AV System,Street,The planner was not able to generate a valid trajectory. The system asked the operator to take control of the vehicle. 
"Mercedes Benz Research & Development North America, Inc",AVT002,9/24/2020,WDD2221591A470796,No,Yes,Test Driver,Street,The operator disengaged the system manually to remain in the operational design domain. This was accomplished by pressing the brake pedal to reduce the velocity of the vehicle.
"Mercedes Benz Research & Development North America, Inc",AVT002,9/24/2020,WDD2221591A470796,No,Yes,Test Driver,Street,The operator disengaged the system manually to remain in the operational design domain. This was accomplished by pressing the brake pedal to reduce the velocity of the vehicle.
"Mercedes Benz Research & Development North America, Inc",AVT002,9/24/2020,WDD2221591A470796,No,Yes,AV System,Street,The planner was not able to generate a valid trajectory. The system asked the operator to take control of the vehicle. 
"Mercedes Benz Research & Development North America, Inc",AVT002,9/24/2020,WDD2221591A470796,No,Yes,Test Driver,Street,The operator disengaged the system manually to remain in the operational design domain. The driver performed a steering manouver to correct the trajectory of the vehicle.
"Mercedes Benz Research & Development North America, Inc",AVT002,9/28/2020,WDD2221591A470796,No,Yes,AV System,Street,The planner was not able to generate a valid trajectory. The system asked the operator to take control of the vehicle. 
"Mercedes Benz Research & Development North America, Inc",AVT002,9/29/2020,WDDUG8GB3JA405273,No,Yes,AV System,Freeway,A general error caused the system to stop the engaged status. Vehicle not in an active construction zone. No emergency vehicles or collisions present in the vicinity. Weather and/or road conditions dry in the area.
"Mercedes Benz Research & Development North America, Inc",AVT002,10/1/2020,WDDUG8GB3JA405273,No,Yes,AV System,Freeway,Driver performed steering maneuver because the vehicle didn’t drive on the expected path. Vehicle not in an active construction zone. No emergency vehicles or collisions present in the vicinity. Weather and/or road conditions dry in the area.
"Mercedes Benz Research & Development North America, Inc",AVT002,10/8/2020,WDD2221591A470796,No,Yes,Test Driver,Street,The system disengaged because of an error with the maps component. The system asked the operator to take control of the vehicle.
"Mercedes Benz Research & Development North America, Inc",AVT002,10/8/2020,WDD2221591A470796,No,Yes,Test Driver,Street,The operator disengaged the system manually to remain in the operational design domain. The driver performed a steering manouver to correct the trajectory of the vehicle.
"Mercedes Benz Research & Development North America, Inc",AVT002,10/8/2020,WDD2221591A470796,No,Yes,Test Driver,Street,The operator disengaged the system manually to remain in the operational design domain. The driver performed a steering manouver to correct the trajectory of the vehicle.
"Mercedes Benz Research & Development North America, Inc",AVT002,10/8/2020,WDD2221591A470796,No,Yes,Test Driver,Street,The operator disengaged the system manually to remain in the operational design domain. This was accomplished by pressing the brake pedal to reduce the velocity of the vehicle.
"Mercedes Benz Research & Development North America, Inc",AVT002,10/12/2020,WDD2221591A470796,No,Yes,AV System,Street,The system disengaged because of an error with the fusion component. The system asked the operator to take control of the vehicle.
"Mercedes Benz Research & Development North America, Inc",AVT002,10/12/2020,WDD2221591A470796,No,Yes,AV System,Street,An issue with localization component caused the system to disengage. The system asked the operator to take control of the vehicle.
"Mercedes Benz Research & Development North America, Inc",AVT002,10/12/2020,WDDUG8GB3JA405273,No,Yes,AV System,Freeway,Driver performed steering maneuver because the vehicle didn’t drive on the expected path. Vehicle not in an active construction zone. No emergency vehicles or collisions present in the vicinity. Weather and/or road conditions dry in the area.
"Mercedes Benz Research & Development North America, Inc",AVT002,10/13/2020,WDDUG8GB3JA405273,No,Yes,AV System,Freeway,Driver performed steering maneuver because the vehicle didn’t drive on the expected path. Vehicle not in an active construction zone. No emergency vehicles or collisions present in the vicinity. Weather and/or road conditions dry in the area.
"Mercedes Benz Research & Development North America, Inc",AVT002,10/14/2020,WDDUG8GB3JA405273,No,Yes,AV System,Freeway,Driver performed steering maneuver because the vehicle didn’t drive on the expected path. Vehicle not in an active construction zone. No emergency vehicles or collisions present in the vicinity. Weather and/or road conditions dry in the area.
"Mercedes Benz Research & Development North America, Inc",AVT002,10/15/2020,WDD2221591A470796,No,Yes,AV System,Street,An issue with localization component caused the system to disengage. The system asked the operator to take control of the vehicle.
"Mercedes Benz Research & Development North America, Inc",AVT002,10/15/2020,WDD2221591A470796,No,Yes,AV System,Street,The planner was not able to generate a valid trajectory. The system asked the operator to take control of the vehicle. 
"Mercedes Benz Research & Development North America, Inc",AVT002,10/15/2020,WDDUG8GB3JA405273,No,Yes,AV System,Freeway,Driver performed steering maneuver because the vehicle didn’t drive on the expected path. Vehicle not in an active construction zone. No emergency vehicles or collisions present in the vicinity. Weather and/or road conditions dry in the area.
"Mercedes Benz Research & Development North America, Inc",AVT002,10/16/2020,WDDUG8GB3JA405273,No,Yes,AV System,Freeway,Driver performed steering maneuver because the vehicle didn’t drive on the expected path. Vehicle not in an active construction zone. No emergency vehicles or collisions present in the vicinity. Weather and/or road conditions dry in the area.
"Mercedes Benz Research & Development North America, Inc",AVT002,10/19/2020,WDD2221591A470147,No,Yes,AV System,Street,The planner was not able to generate a valid trajectory. The system asked the operator to take control of the vehicle. 
"Mercedes Benz Research & Development North America, Inc",AVT002,10/19/2020,WDD2221591A470147,No,Yes,AV System,Street,The system disengaged because of an error with the fusion component. The system asked the operator to take control of the vehicle.
"Mercedes Benz Research & Development North America, Inc",AVT002,10/22/2020,WDD2221591A470796,No,Yes,AV System,Street,The planner was not able to generate a valid trajectory. The system asked the operator to take control of the vehicle. 
"Mercedes Benz Research & Development North America, Inc",AVT002,10/22/2020,WDD2221591A470796,No,Yes,Test Driver,Street,The operator disengaged the system manually to remain in the operational design domain. This was accomplished by pressing the brake pedal to reduce the velocity of the vehicle.
"Mercedes Benz Research & Development North America, Inc",AVT002,10/27/2020,WDD2221591A470147,No,Yes,AV System,Street,An issue with localization component caused the system to disengage. The system asked the operator to take control of the vehicle.
"Mercedes Benz Research & Development North America, Inc",AVT002,10/29/2020,WDD2221591A470796,No,Yes,Test Driver,Street,The operator disengaged the system manually to remain in the operational design domain. The driver performed a steering manouver to correct the trajectory of the vehicle.
"Mercedes Benz Research & Development North America, Inc",AVT002,10/29/2020,WDD2221591A470147,No,Yes,AV System,Street,The planner was not able to generate a valid trajectory. The system asked the operator to take control of the vehicle. 
"Mercedes Benz Research & Development North America, Inc",AVT002,10/29/2020,WDD2221591A470147,No,Yes,AV System,Street,The planner was not able to generate a valid trajectory. The system asked the operator to take control of the vehicle. 
"Mercedes Benz Research & Development North America, Inc",AVT002,10/29/2020,WDD2221591A470147,No,Yes,AV System,Street,The planner was not able to generate a valid trajectory. The system asked the operator to take control of the vehicle. 
"Mercedes Benz Research & Development North America, Inc",AVT002,10/29/2020,WDD2221591A470147,No,Yes,Test Driver,Street,The operator disengaged the system manually to remain in the operational design domain. This was accomplished by pressing the brake pedal to reduce the velocity of the vehicle.
"Mercedes Benz Research & Development North America, Inc",AVT002,10/29/2020,WDD2221591A470147,No,Yes,AV System,Street,The planner was not able to generate a valid trajectory. The system asked the operator to take control of the vehicle. 
"Mercedes Benz Research & Development North America, Inc",AVT002,10/29/2020,WDD2221591A470147,No,Yes,AV System,Street,An issue with motion control system caused the system to disengage. The system asked the operator to take control of the vehicle.
"Mercedes Benz Research & Development North America, Inc",AVT002,10/29/2020,WDD2221591A470147,No,Yes,AV System,Street,The planner was not able to generate a valid trajectory. The system asked the operator to take control of the vehicle. 
"Mercedes Benz Research & Development North America, Inc",AVT002,11/3/2020,WDDUG8GB3JA405273,No,Yes,AV System,Freeway,Driver performed steering maneuver because the vehicle didn’t drive on the expected path. Vehicle not in an active construction zone. No emergency vehicles or collisions present in the vicinity. Weather and/or road conditions dry in the area.
"Mercedes Benz Research & Development North America, Inc",AVT002,11/3/2020,WDDUG8GB3JA405273,No,Yes,AV System,Freeway,Driver performed steering maneuver because the vehicle didn’t drive on the expected path. Vehicle not in an active construction zone. No emergency vehicles or collisions present in the vicinity. Weather and/or road conditions dry in the area.
"Mercedes Benz Research & Development North America, Inc",AVT002,11/5/2020,WDD2221591A470796,No,Yes,Test Driver,Street,The operator disengaged the system manually to remain in the operational design domain. The driver performed a steering manouver to correct the trajectory of the vehicle.
"Mercedes Benz Research & Development North America, Inc",AVT002,11/5/2020,WDD2221591A470796,No,Yes,Test Driver,Street,The operator disengaged the system manually to remain in the operational design domain. The driver performed a steering manouver to correct the trajectory of the vehicle.
"Mercedes Benz Research & Development North America, Inc",AVT002,11/5/2020,WDD2221591A470796,No,Yes,AV System,Street,The planner was not able to generate a valid trajectory. The system asked the operator to take control of the vehicle. 
"Mercedes Benz Research & Development North America, Inc",AVT002,11/6/2020,WDD2221591A470796,No,Yes,AV System,Street,The planner was not able to generate a valid trajectory. The system asked the operator to take control of the vehicle. 
"Mercedes Benz Research & Development North America, Inc",AVT002,11/7/2020,WDD2221591A470796,No,Yes,Test Driver,Street,The operator disengaged the system manually to remain in the operational design domain. This was accomplished by pressing the brake pedal to reduce the velocity of the vehicle.
"Mercedes Benz Research & Development North America, Inc",AVT002,11/7/2020,WDD2221591A470796,No,Yes,AV System,Street,The planner was not able to generate a valid trajectory. The system asked the operator to take control of the vehicle. 
"Mercedes Benz Research & Development North America, Inc",AVT002,11/7/2020,WDD2221591A470796,No,Yes,AV System,Street,The planner was not able to generate a valid trajectory. The system asked the operator to take control of the vehicle. 
"Mercedes Benz Research & Development North America, Inc",AVT002,11/7/2020,WDD2221591A470796,No,Yes,AV System,Street,The planner was not able to generate a valid trajectory. The system asked the operator to take control of the vehicle. 
"Mercedes Benz Research & Development North America, Inc",AVT002,11/8/2020,W1K6G7GBXMA000924,No,Yes,AV System,Freeway,Driver performed steering maneuver because the vehicle didn’t drive on the expected path. Vehicle not in an active construction zone. No emergency vehicles or collisions present in the vicinity. Weather and/or road conditions dry in the area.
"Mercedes Benz Research & Development North America, Inc",AVT002,11/11/2020,WDD2221591A470147,No,Yes,AV System,Street,The planner was not able to generate a valid trajectory. The system asked the operator to take control of the vehicle. 
"Mercedes Benz Research & Development North America, Inc",AVT002,11/11/2020,WDD2221591A470796,No,Yes,Test Driver,Street,The operator disengaged the system manually to remain in the operational design domain. This was accomplished by pressing the brake pedal to reduce the velocity of the vehicle.
"Mercedes Benz Research & Development North America, Inc",AVT002,11/11/2020,W1K6G7GBXMA000924,No,Yes,AV System,Freeway,Driver performed steering maneuver because the vehicle didn’t drive on the expected path. Vehicle not in an active construction zone. No emergency vehicles or collisions present in the vicinity. Weather and/or road conditions dry in the area.
"Mercedes Benz Research & Development North America, Inc",AVT002,11/11/2020,W1K6G7GBXMA000924,No,Yes,AV System,Freeway,Driver performed steering maneuver because the vehicle didn’t drive on the expected path. Vehicle not in an active construction zone. No emergency vehicles or collisions present in the vicinity. Weather and/or road conditions dry in the area.
"Mercedes Benz Research & Development North America, Inc",AVT002,11/11/2020,W1K6G7GBXMA000924,No,Yes,AV System,Freeway,Driver pressed the accelerator pedal because the vehicle was driving slower than driver expected. Vehicle not in an active construction zone. No emergency vehicles or collisions present in the vicinity. Weather and/or road conditions dry in the area.
"Mercedes Benz Research & Development North America, Inc",AVT002,11/12/2020,WDD2221591A470796,No,Yes,AV System,Street,The planner was not able to generate a valid trajectory. The system asked the operator to take control of the vehicle. 
"Mercedes Benz Research & Development North America, Inc",AVT002,11/12/2020,WDD2221591A470796,No,Yes,Test Driver,Street,The operator disengaged the system manually to remain in the operational design domain. The driver performed a steering manouver to correct the trajectory of the vehicle.
"Mercedes Benz Research & Development North America, Inc",AVT002,11/12/2020,WDD2221591A470796,No,Yes,Test Driver,Street,The operator disengaged the system manually to remain in the operational design domain. This was accomplished by pressing the brake pedal to reduce the velocity of the vehicle.
"Mercedes Benz Research & Development North America, Inc",AVT002,11/18/2020,W1K6G7GBXMA000924,No,Yes,AV System,Freeway,Driver performed steering maneuver because the vehicle didn’t drive on the expected path. Vehicle not in an active construction zone. No emergency vehicles or collisions present in the vicinity. Weather and/or road conditions dry in the area.
"Mercedes Benz Research & Development North America, Inc",AVT002,11/19/2020,WDD2221591A470147,No,Yes,Test Driver,Street,The operator disengaged the system manually to remain in the operational design domain. This was accomplished by pressing the brake pedal to reduce the velocity of the vehicle.
"Mercedes Benz Research & Development North America, Inc",AVT002,11/19/2020,WDD2221591A470147,No,Yes,Test Driver,Street,The operator disengaged the system manually to remain in the operational design domain. This was accomplished by pressing the brake pedal to reduce the velocity of the vehicle.
"Mercedes Benz Research & Development North America, Inc",AVT002,11/20/2020,WDD2221591A470147,No,Yes,AV System,Street,The planner was not able to generate a valid trajectory. The system asked the operator to take control of the vehicle. 
"Mercedes Benz Research & Development North America, Inc",AVT002,11/29/2020,W1K6G7GBXMA000924,No,Yes,AV System,Freeway,Driver performed steering maneuver because the vehicle didn’t drive on the expected path. Vehicle not in an active construction zone. No emergency vehicles or collisions present in the vicinity. Weather and/or road conditions dry in the area.
"Mercedes Benz Research & Development North America, Inc",AVT002,11/30/2020,W1K6G7GBXMA000924,No,Yes,AV System,Freeway,Driver performed steering maneuver because the vehicle didn’t drive on the expected path. Vehicle not in an active construction zone. No emergency vehicles or collisions present in the vicinity. Weather and/or road conditions dry in the area.
"Mercedes Benz Research & Development North America, Inc",AVT002,11/30/2020,W1K6G7GBXMA000924,No,Yes,AV System,Freeway,Driver performed steering maneuver because the vehicle didn’t drive on the expected path. Vehicle not in an active construction zone. No emergency vehicles or collisions present in the vicinity. Weather and/or road conditions dry in the area.
"Nissan North America, INC",AVT007,12/2/2019,JN1BV7AP3FM349849,No,Yes,Test Driver,Street,"When the AV was making a lane change, too much acceleration was observed despite the existence of lead vehicle on the target lane. The driver safely disengaged and resumed manual control shortly after the unexpected acceleration. "
"Nissan North America, INC",AVT007,2/27/2020,JN1BV7AP3FM349849,No,Yes,AV System,Street,The AV controller unexpectedly stopped running and AV operation was disengaged. The driver safely took over control of the vehicle shortly after the disengagement.
"Nissan North America, INC",AVT007,2/28/2020,1N4BZ0CP6GC302978,No,Yes,Test Driver,Street,The AV was Breaking incorrectly. As a result the safety driver disengaged and resumed manual control.
"Nissan North America, INC",AVT007,2/28/2020,1N4BZ0CP6GC302978,No,Yes,Test Driver,Street,Comparing map files and an offset was noticed by the safety driver as a result the safety driver disengaged and resumed manual control.
"Nuro, Inc",AVT028,12/19/2019,JTDKN3DP3C3011760,No,Yes,Test Driver,Street,Object Perception: late perception of in-road crosswalk sign
"Nuro, Inc",AVT028,1/9/2020,JTDKN3DP6D3042602,No,Yes,Test Driver,Street,"Planning Logic: following conservative yield, vehicle behind made contact. No reportable damage of property or bodily injury"
"Nuro, Inc",AVT028,1/21/2020,JTDKN3DPXC3004725,No,Yes,Test Driver,Street,Planning Logic: planner inadequately yields to lead vehicle coming to a stop
"Nuro, Inc",AVT028,2/6/2020,JTDKN3DP3C3020295,No,Yes,Test Driver,Street,Planning Logic: incorrect behavior prediction for vehicle at roundabout results in a planned trajectory that overlaps with the vehicle
"Nuro, Inc",AVT028,2/9/2020,JTDKN3DPXC3004725,No,Yes,Test Driver,Street,Object Perception: late perception of small box in planner's path
"Nuro, Inc",AVT028,7/15/2020,JTDKN3DP2C3011362,No,Yes,Test Driver,Street,Object Perception: late perception of small box in planner's path
"Nuro, Inc",AVT028,7/15/2020,JTDKN3DP2C3011362,No,Yes,Test Driver,Street,Object Perception: late perception of small box in planner's path
"Nuro, Inc",AVT028,7/24/2020,JTDKN3DPXF3070616,No,Yes,Test Driver,Street,Object Perception: late perception of rock in planner's path
"Nuro, Inc",AVT028,8/11/2020,JTDKN3DPXE3050185,No,Yes,Test Driver,Street,Object Perception: late perception of ripped tire in planner's path
"Nuro, Inc",AVT028,9/14/2020,JTDKN3DP3C3020295,No,Yes,Test Driver,Street,Planning Logic: planner inadequately yields to vehicle turning into our lane
"Nuro, Inc",AVT028,9/22/2020,JTDKN3DP8D3037837,No,Yes,Test Driver,Street,Object Perception: late perception of trash bag in planner's path
NVIDIA,AVT020,12/6/2019,3FA6PORUOJR158969,No,Yes,Test Driver,Freeway,Disengage due to operator discomfort
NVIDIA,AVT020,12/12/2019,3FA6P0RU6HR272968,No,Yes,Test Driver,Street,Disengage due to operator discomfort
NVIDIA,AVT020,12/12/2019,3FA6P0RU6HR272968,No,Yes,Test Driver,Freeway,Disengage due to operator discomfort
NVIDIA,AVT020,12/13/2019,3FA6P0RU6HR272968,No,Yes,Test Driver,Freeway,Disengage due to operator discomfort
NVIDIA,AVT020,12/26/2019,3FA6PORUOJR158969,No,Yes,Test Driver,Freeway,Disengage due to operator discomfort
NVIDIA,AVT020,12/26/2019,3FA6PORUOJR158969,No,Yes,Test Driver,Freeway,Disengage due to operator discomfort
NVIDIA,AVT020,12/30/2019,3FA6P0RU6HR272968,No,Yes,Test Driver,Freeway,Disengage due to operator discomfort
NVIDIA,AVT020,12/30/2019,3FA6P0RU6HR272968,No,Yes,Test Driver,Freeway,Disengage due to operator discomfort
NVIDIA,AVT020,1/9/2020,3FA6P0RU7JR158970,No,Yes,Test Driver,Freeway,Disengage due to operator discomfort
NVIDIA,AVT020,1/10/2020,3FA6P0RU2HR403815,No,Yes,Test Driver,Freeway,Disengage due to operator discomfort
NVIDIA,AVT020,1/10/2020,3FA6P0RU2HR403815,No,Yes,Test Driver,Freeway,Disengage due to operator discomfort
NVIDIA,AVT020,1/10/2020,3FA6P0RU2HR403815,No,Yes,Test Driver,Freeway,Disengage due to operator discomfort
NVIDIA,AVT020,1/10/2020,3FA6P0RU2HR403815,No,Yes,Test Driver,Freeway,Disengage due to operator discomfort
NVIDIA,AVT020,1/10/2020,3FA6P0RU2HR403815,No,Yes,Test Driver,Freeway,Disengage due to operator discomfort
NVIDIA,AVT020,1/10/2020,3FA6P0RU2HR403815,No,Yes,Test Driver,Freeway,Disengage due to operator discomfort
NVIDIA,AVT020,1/15/2020,3FA6PORU8HR293837,No,Yes,Test Driver,Freeway,Disengage due to operator discomfort
NVIDIA,AVT020,1/15/2020,3FA6PORU8HR293837,No,Yes,Test Driver,Freeway,Disengage due to operator discomfort
NVIDIA,AVT020,1/15/2020,3FA6P0RU6HR272968,No,Yes,Test Driver,Street,Disengage due to operator discomfort
NVIDIA,AVT020,1/15/2020,3FA6P0RU6HR272968,No,Yes,Test Driver,Street,Disengage due to perception mismatch
NVIDIA,AVT020,1/15/2020,3FA6P0RU6HR272968,No,Yes,Test Driver,Highway,Disengage due to perception mismatch
NVIDIA,AVT020,1/15/2020,3FA6P0RU6HR272968,No,Yes,Test Driver,Freeway,Disengage due to operator discomfort
NVIDIA,AVT020,1/15/2020,3FA6P0RU6HR272968,No,Yes,Test Driver,Highway,Disengage due to perception mismatch
NVIDIA,AVT020,1/16/2020,3FA6P0RU6HR272968,No,Yes,Test Driver,Highway,Disengage due to operator discomfort
NVIDIA,AVT020,1/17/2020,3FA6PORU8HR293837,No,Yes,Test Driver,Freeway,Disengage due to operator discomfort
NVIDIA,AVT020,1/17/2020,3FA6PORU8HR293837,No,Yes,Test Driver,Freeway,Disengage due to operator discomfort
NVIDIA,AVT020,1/17/2020,3FA6PORU8HR293837,No,Yes,Test Driver,Freeway,Disengage due to operator discomfort
NVIDIA,AVT020,1/17/2020,3FA6PORU8HR293837,No,Yes,Test Driver,Freeway,Disengage due to operator discomfort
NVIDIA,AVT020,1/17/2020,3FA6PORU8HR293837,No,Yes,Test Driver,Freeway,Disengage due to operator discomfort
NVIDIA,AVT020,1/17/2020,3FA6PORU8HR293837,No,Yes,Test Driver,Freeway,Disengage due to operator discomfort
NVIDIA,AVT020,1/17/2020,3FA6PORU8HR293837,No,Yes,Test Driver,Freeway,Disengage due to operator discomfort
NVIDIA,AVT020,1/17/2020,3FA6PORU8HR293837,No,Yes,Test Driver,Freeway,Disengage due to operator discomfort
NVIDIA,AVT020,1/17/2020,3FA6PORU8HR293837,No,Yes,Test Driver,Freeway,Disengage due to operator discomfort
NVIDIA,AVT020,1/17/2020,3FA6PORU8HR293837,No,Yes,Test Driver,Freeway,Disengage due to operator discomfort
NVIDIA,AVT020,1/17/2020,3FA6P0RU9JR158968,No,Yes,Test Driver,Freeway,"Disengage due to operating outside ODD (road condition, weather, traffic)"
NVIDIA,AVT020,1/17/2020,3FA6P0RU9JR158968,No,Yes,Test Driver,Freeway,Disengage due to operator discomfort
NVIDIA,AVT020,1/17/2020,3FA6P0RU9JR158968,No,Yes,Test Driver,Freeway,Disengage due to perception mismatch
NVIDIA,AVT020,1/17/2020,3FA6P0RU9JR158968,No,Yes,Test Driver,Freeway,Disengage due to perception mismatch
NVIDIA,AVT020,1/17/2020,3FA6PORUOJR158969,No,Yes,Test Driver,Freeway,Disengage due to operator discomfort
NVIDIA,AVT020,1/17/2020,3FA6PORUOJR158969,No,Yes,Test Driver,Freeway,Disengage due to operator discomfort
NVIDIA,AVT020,1/17/2020,3FA6PORUOJR158969,No,Yes,Test Driver,Freeway,Disengage due to operator discomfort
NVIDIA,AVT020,1/17/2020,3FA6PORUOJR158969,No,Yes,Test Driver,Freeway,Disengage due to operator discomfort
NVIDIA,AVT020,1/17/2020,3FA6PORUOJR158969,No,Yes,Test Driver,Freeway,Disengage due to operator discomfort
NVIDIA,AVT020,1/17/2020,3FA6P0RU6HR272968,No,Yes,Test Driver,Street,Disengage due to operator discomfort
NVIDIA,AVT020,1/17/2020,3FA6P0RU6HR272968,No,Yes,Test Driver,Street,Disengage due to operator discomfort
NVIDIA,AVT020,1/18/2020,3FA6P0RU6HR272968,No,Yes,Test Driver,Freeway,Disengage due to operator discomfort
NVIDIA,AVT020,1/21/2020,3FA6PORU8HR293837,No,Yes,Test Driver,Freeway,Disengage due to operator discomfort
NVIDIA,AVT020,1/21/2020,3FA6PORU8HR293837,No,Yes,Test Driver,Freeway,Disengage due to operator discomfort
NVIDIA,AVT020,1/23/2020,3FA6P0RU9JR158968,No,Yes,Test Driver,Freeway,Disengage due to perception mismatch
NVIDIA,AVT020,1/23/2020,3FA6P0RU9JR158968,No,Yes,Test Driver,Freeway,Disengage due to perception mismatch
NVIDIA,AVT020,1/23/2020,3FA6P0RU9JR158968,No,Yes,Test Driver,Freeway,Disengage due to perception mismatch
NVIDIA,AVT020,1/23/2020,3FA6P0RU6HR272968,No,Yes,Test Driver,Freeway,Disengage due to operator discomfort
NVIDIA,AVT020,1/23/2020,3FA6P0RU6HR272968,No,Yes,Test Driver,Street,Disengage due to operator discomfort
NVIDIA,AVT020,1/23/2020,3FA6P0RU6HR272968,No,Yes,Test Driver,Street,Disengage due to operator discomfort
NVIDIA,AVT020,1/23/2020,3FA6P0RU6HR272968,No,Yes,Test Driver,Street,Disengage due to operator discomfort
NVIDIA,AVT020,1/23/2020,3FA6P0RU9JR158968,No,Yes,Test Driver,Freeway,Disengage due to operator discomfort
NVIDIA,AVT020,1/23/2020,3FA6P0RU9JR158968,No,Yes,Test Driver,Highway,Disengage due to operator discomfort
NVIDIA,AVT020,1/24/2020,3FA6P0RU9JR158968,No,Yes,Test Driver,Street,Disengage due to operator discomfort
NVIDIA,AVT020,1/24/2020,3FA6P0RU9JR158968,No,Yes,Test Driver,Highway,Disengage due to operator discomfort
NVIDIA,AVT020,1/24/2020,3FA6P0RU9JR158968,No,Yes,Test Driver,Highway,Disengage due to perception mismatch
NVIDIA,AVT020,1/24/2020,3FA6P0RU9JR158968,No,Yes,Test Driver,Freeway,"Disengage due to operating outside ODD (road condition, weather, traffic)"
NVIDIA,AVT020,1/24/2020,3FA6P0RU9JR158968,No,Yes,Test Driver,Freeway,"Disengage due to operating outside ODD (road condition, weather, traffic)"
NVIDIA,AVT020,1/24/2020,3FA6P0RU9JR158968,No,Yes,Test Driver,Freeway,Disengage due to perception mismatch
NVIDIA,AVT020,1/29/2020,3FA6PORU8HR293837,No,Yes,Test Driver,Freeway,Disengage due to operator discomfort
NVIDIA,AVT020,1/31/2020,3FA6P0RU6HR272968,No,Yes,Test Driver,Freeway,Disengage due to operator discomfort
NVIDIA,AVT020,2/4/2020,3FA6P0RUXHR247670,No,Yes,Test Driver,Highway,Disengage due to operator discomfort
NVIDIA,AVT020,2/4/2020,3FA6P0RUXHR247670,No,Yes,Test Driver,Highway,Disengage due to operator discomfort
NVIDIA,AVT020,2/4/2020,3FA6P0RUXHR247670,No,Yes,Test Driver,Freeway,Disengage due to operator discomfort
NVIDIA,AVT020,2/4/2020,3FA6P0RUXHR247670,No,Yes,Test Driver,Freeway,Disengage due to operator discomfort
NVIDIA,AVT020,2/4/2020,3FA6P0RUXHR247670,No,Yes,Test Driver,Freeway,Disengage due to operator discomfort
NVIDIA,AVT020,2/4/2020,3FA6P0RUXHR247670,No,Yes,Test Driver,Freeway,Disengage due to operator discomfort
NVIDIA,AVT020,2/6/2020,3FA6P0RU6HR272968,No,Yes,Test Driver,Street,Disengage due to operator discomfort
NVIDIA,AVT020,2/6/2020,3FA6P0RU6HR272968,No,Yes,Test Driver,Freeway,Disengage due to operator discomfort
NVIDIA,AVT020,2/6/2020,3FA6PORUOJR158969,No,Yes,Test Driver,Freeway,Disengage due to operator discomfort
NVIDIA,AVT020,2/6/2020,3FA6P0RU7JR158970,No,Yes,Test Driver,Freeway,Disengage due to operator discomfort
NVIDIA,AVT020,2/7/2020,3FA6P0RU6HR272968,No,Yes,Test Driver,Freeway,Disengage due to operator discomfort
NVIDIA,AVT020,2/7/2020,3FA6P0RU6HR272968,No,Yes,Test Driver,Freeway,Disengage due to operator discomfort
NVIDIA,AVT020,2/10/2020,3FA6P0RU7JR158970,No,Yes,Test Driver,Freeway,Disengage due to operator discomfort
NVIDIA,AVT020,2/11/2020,3FA6P0RU7JR158970,No,Yes,Test Driver,Street,Disengage due to perception mismatch
NVIDIA,AVT020,2/11/2020,3FA6P0RU7JR158970,No,Yes,Test Driver,Freeway,Disengage due to operator discomfort
NVIDIA,AVT020,2/11/2020,3FA6P0RU7JR158970,No,Yes,Test Driver,Freeway,Disengage due to perception mismatch
NVIDIA,AVT020,2/11/2020,3FA6P0RU2HR403815,No,Yes,Test Driver,Freeway,Disengage due to operator discomfort
NVIDIA,AVT020,2/11/2020,3FA6P0RU6HR272968,No,Yes,Test Driver,Street,Disengage due to perception mismatch
NVIDIA,AVT020,2/12/2020,3FA6P0RUXHR247670,No,Yes,Test Driver,Street,Disengage due to operator discomfort
NVIDIA,AVT020,2/12/2020,3FA6P0RUXHR247670,No,Yes,Test Driver,Highway,Disengage due to operator discomfort
NVIDIA,AVT020,2/12/2020,3FA6P0RUXHR247670,No,Yes,Test Driver,Freeway,Disengage due to operator discomfort
NVIDIA,AVT020,2/12/2020,3FA6P0RUXHR247670,No,Yes,Test Driver,Street,Disengage due to operator discomfort
NVIDIA,AVT020,2/13/2020,3FA6P0RU7JR158970,No,Yes,Test Driver,Freeway,Disengage due to operator discomfort
NVIDIA,AVT020,2/21/2020,3FA6PORU8HR293837,No,Yes,Test Driver,Street,Disengage due to operator discomfort
NVIDIA,AVT020,2/19/2020,3FA6P0RU6HR272968,No,Yes,Test Driver,Highway,Disengage due to operator discomfort
NVIDIA,AVT020,2/20/2020,3FA6P0RU6HR272968,No,Yes,Test Driver,Freeway,Disengage due to operator discomfort
NVIDIA,AVT020,2/20/2020,3FA6P0RU6HR272968,No,Yes,Test Driver,Freeway,Disengage due to operator discomfort
NVIDIA,AVT020,2/21/2020,3FA6P0RU6HR272968,No,Yes,Test Driver,Freeway,Disengage due to operator discomfort
NVIDIA,AVT020,2/21/2020,3FA6P0RU6HR272968,No,Yes,Test Driver,Freeway,Disengage due to operator discomfort
NVIDIA,AVT020,2/20/2020,3FA6P0RU7JR158970,No,Yes,Test Driver,Street,Disengage due to operator discomfort
NVIDIA,AVT020,2/20/2020,3FA6P0RU7JR158970,No,Yes,Test Driver,Street,Disengage due to operator discomfort
NVIDIA,AVT020,2/19/2020,3FA6P0RU7JR158970,No,Yes,Test Driver,Highway,Disengage due to operator discomfort
NVIDIA,AVT020,2/19/2020,3FA6P0RU7JR158970,No,Yes,Test Driver,Highway,Disengage due to operator discomfort
NVIDIA,AVT020,2/18/2020,3FA6P0RU6HR272968,No,Yes,Test Driver,Street,Disengage due to operator discomfort
NVIDIA,AVT020,2/18/2020,3FA6P0RU6HR272968,No,Yes,Test Driver,Highway,Disengage due to operator discomfort
NVIDIA,AVT020,2/18/2020,3FA6P0RU6HR272968,No,Yes,Test Driver,Highway,Disengage due to operator discomfort
NVIDIA,AVT020,2/21/2020,3FA6P0RU7JR158970,No,Yes,Test Driver,Street,Disengage due to operator discomfort
NVIDIA,AVT020,2/21/2020,3FA6P0RU7JR158970,No,Yes,Test Driver,Street,Disengage due to operator discomfort
NVIDIA,AVT020,2/18/2020,3FA6P0RU7JR158970,No,Yes,Test Driver,Highway,Disengage due to operator discomfort
NVIDIA,AVT020,2/20/2020,3FA6P0RU7JR158970,No,Yes,Test Driver,Street,Disengage due to operator discomfort
NVIDIA,AVT020,2/26/2020,3FA6P0RU7JR158970,No,Yes,Test Driver,Street,Disengage due to operator discomfort
NVIDIA,AVT020,2/26/2020,3FA6P0RU7JR158970,No,Yes,Test Driver,Street,Disengage due to operator discomfort
NVIDIA,AVT020,2/26/2020,3FA6P0RU7JR158970,No,Yes,Test Driver,Street,Disengage due to operator discomfort
NVIDIA,AVT020,2/26/2020,3FA6P0RU6HR272968,No,Yes,Test Driver,Street,Disengage due to operator discomfort
NVIDIA,AVT020,2/24/2020,3FA6P0RU6HR272968,No,Yes,Test Driver,Street,Disengage due to operator discomfort
NVIDIA,AVT020,2/26/2020,3FA6P0RU6HR272968,No,Yes,Test Driver,Street,Disengage due to operator discomfort
NVIDIA,AVT020,3/6/2020,3FA6P0RU6HR272968,No,Yes,Test Driver,Street,Disengage due to operator discomfort
NVIDIA,AVT020,3/6/2020,3FA6P0RU6HR272968,No,Yes,Test Driver,Street,Disengage due to operator discomfort
NVIDIA,AVT020,3/6/2020,3FA6P0RU6HR272968,No,Yes,Test Driver,Street,Disengage due to operator discomfort
NVIDIA,AVT020,3/6/2020,3FA6P0RU6HR272968,No,Yes,Test Driver,Freeway,Disengage due to operator discomfort
NVIDIA,AVT020,3/6/2020,3FA6P0RU6HR272968,No,Yes,Test Driver,Freeway,Disengage due to operator discomfort
NVIDIA,AVT020,3/10/2020,3FA6P0RU7JR158970,No,Yes,Test Driver,Freeway,Disengage due to operator discomfort
NVIDIA,AVT020,3/12/2020,3FA6P0RU6HR272968,No,Yes,Test Driver,Highway,Disengage due to operator discomfort
NVIDIA,AVT020,3/12/2020,3FA6P0RU6HR272968,No,Yes,Test Driver,Freeway,Disengage due to operator discomfort
NVIDIA,AVT020,5/13/2020,3FA6PORUOJR158969,No,Yes,Test Driver,Freeway,Disengage due to operator discomfort
NVIDIA,AVT020,5/21/2020,3FA6PORUOJR158969,No,Yes,Test Driver,Highway,Disengage due to operator discomfort
NVIDIA,AVT020,6/3/2020,3FA6PORUOJR158969,No,Yes,Test Driver,Street,Disengage due to operator discomfort
NVIDIA,AVT020,6/12/2020,3FA6PORUOJR158969,No,Yes,Test Driver,Freeway,Disengage due to operator discomfort
NVIDIA,AVT020,6/17/2020,3FA6PORUOJR158969,No,Yes,Test Driver,Highway,Disengage due to perception mismatch
NVIDIA,AVT020,8/27/2020,3FA6P0RU7JR158970,No,Yes,Test Driver,Street,Disengage due to perception mismatch
NVIDIA,AVT020,9/16/2020,3FA6PORUOJR158969,No,Yes,Test Driver,Freeway,Disengage due to operator discomfort
"PONY.AI, INC.",AVT032,1/20/2020,3LN6L5LU5JR626122,No,Yes,Test Driver,Street,"Planning, driver precautionarily intervened for a reckless neighbor vehicle cuts in our lane "
"PONY.AI, INC.",AVT032,1/31/2020,3LN6L5LU3JR627494,No,Yes,Test Driver,Street,"Planning, driver precautionarily intervened for a reckless left vehicle makes a right turn from a go straight lane"
"PONY.AI, INC.",AVT032,2/26/2020,3LN6L5MU3KR620979,No,Yes,Test Driver,Street,"Prediction, driver precautionarily intervened for a cyclist in bike lane before ADV enters zigzag(Single lane to two lanes split)"
"PONY.AI, INC.",AVT032,3/11/2020,KM8K23AG7KU030829,No,Yes,Test Driver,Street,"Planning, driver precautionarily intervened for a vehicle cuts in ADV's lane suddenly"
"PONY.AI, INC.",AVT032,3/13/2020,3LN6L5MU0JR608710,No,Yes,Test Driver,Street,"Planning, driver precautionarily intervened for a bus drives crossing its lane boundary"
"PONY.AI, INC.",AVT032,5/27/2020,3LN6L5LU6HR6267668,No,Yes,Test Driver,Street,"Mapping, driver precautionarily intervened before vehicle runs to curb"
"PONY.AI, INC.",AVT032,6/1/2020,KM8K23AG2KU030916,No,Yes,Test Driver,Street,"Mapping,Driver precautionarily intervened for mis detected leading vehicle due to incorrect map information"
"PONY.AI, INC.",AVT032,6/3/2020,KM8K23AG9KU030248,No,Yes,Test Driver,Street,"Mapping,Driver precautionarily intervened for mis detected leading vehicle due to incorrect map information"
"PONY.AI, INC.",AVT032,6/24/2020,3LN6L5MU3KR620979,No,Yes,Test Driver,Street,"Planning, driver precautionarily intervened for a cyclist proceeding to us in high speed"
"PONY.AI, INC.",AVT032,8/4/2020,3LN6L5MU0JR608710,No,Yes,Test Driver,Street,"Planning, driver precautionarily intervened for insufficient yielding to a vehicle going straight"
"PONY.AI, INC.",AVT032,8/18/2020,KM8K23AG0KU030901,No,Yes,Test Driver,Street,"Mapping, unable to detect oncoming vehicle due to missing roadgraph"
"PONY.AI, INC.",AVT032,8/21/2020,3LN6L5LU5JR601477,No,Yes,Test Driver,Street,"Prediction, driver precautionarily intervened for a vehicle lane change without looking"
"PONY.AI, INC.",AVT032,8/31/2020,KM8K23AG5LU072708,No,Yes,Test Driver,Street,driver precautionarily intervened for a reckless cutting in vehicle
"PONY.AI, INC.",AVT032,9/3/2020,3LN6L5LU3JR627494,No,Yes,Test Driver,Street,"Planning, driver precautionarily intervened for insufficient yielding to a vehicle going straight"
"PONY.AI, INC.",AVT032,9/24/2020,KM8K23AG7KU030829,No,Yes,Test Driver,Street,"Planning, driver precautionarily intervened for insufficient yielding to a vehicle going straight"
"PONY.AI, INC.",AVT032,9/30/2020,KM8K23AG7LU072497,No,Yes,Test Driver,Street,"Planning, driver precautionarily intervened for insufficient yielding to a vehicle going straight"
"PONY.AI, INC.",AVT032,10/8/2020,KM8K23AG4KU030822,No,Yes,Test Driver,Street,"Planning, driver precautionarily intervened for reckless  behind vehicle rushing to enter zigzag(Single lane to two lanes split)"
"PONY.AI, INC.",AVT032,10/19/2020,KM8K23AG7KU030894,No,Yes,Test Driver,Street,"Planning, driver precautionarily intervened for reckless  behind vehicle rushing to enter zigzag(Single lane to two lanes split)"
"PONY.AI, INC.",AVT032,10/21/2020,KM8K23AG6KU030241,No,Yes,Test Driver,Street,"Perception, driver took over to avoid hitting a gate which is accidently closed by a community safety guard"
"PONY.AI, INC.",AVT032,10/28/2020,3LN6L5LU5JR601477,No,Yes,Test Driver,Street,"Planning, driver precautionarily intervened for insufficient yielding to a vehicle going straight"
"PONY.AI, INC.",AVT032,11/11/2020,3LN6L5MU9KR623692,No,Yes,Test Driver,Street,"Planning, driver precautionarily intervened for insufficient yielding to a vehicle going straight"
"QUALCOMM TECHNOLOGIES, INC.",AVT047,12/10/2019,3LN6L5MU1JR627234,No,Yes,Test Driver,Freeway,Driver disengagement due to safety monitor notification of planning discrepancy in the determination of vehicle trajectory
"QUALCOMM TECHNOLOGIES, INC.",AVT047,12/11/2019,3LN6L5MU1JR627234,No,Yes,Test Driver,Freeway,Driver disengagement due to safety monitor notification of planning discrepancy in the determination of vehicle trajectory
"QUALCOMM TECHNOLOGIES, INC.",AVT047,12/11/2019,3LN6L5MU1JR627234,No,Yes,Test Driver,Freeway,Driver disengagement due to safety monitor notification of planning discrepancy in the determination of vehicle trajectory
"QUALCOMM TECHNOLOGIES, INC.",AVT047,12/11/2019,3LN6L5MU1JR627234,No,Yes,Test Driver,Freeway,Driver disengagement due to safety monitor notification of planning discrepancy in the determination of vehicle trajectory
"QUALCOMM TECHNOLOGIES, INC.",AVT047,12/11/2019,3LN6L5MU1JR627234,No,Yes,Test Driver,Freeway,Driver disengagement due to safety monitor notification of planning discrepancy in the determination of vehicle trajectory
"QUALCOMM TECHNOLOGIES, INC.",AVT047,1/24/2020,3LN6L5LU9HR650658,No,Yes,Test Driver,Highway,Driver disengagement due to control discrepancy resulting in undesired lateral movement in the lane
"QUALCOMM TECHNOLOGIES, INC.",AVT047,1/24/2020,3LN6L5LU9HR650658,No,Yes,Test Driver,Highway,Driver precautionary disengagement due to aggressive cut-in by other vehicle
"QUALCOMM TECHNOLOGIES, INC.",AVT047,1/24/2020,3LN6L5LU9HR650658,No,Yes,Test Driver,Highway,Driver precautionary disengagement due to aggressive cut-in by other vehicle
"QUALCOMM TECHNOLOGIES, INC.",AVT047,1/30/2020,3LN6L5LU9HR650658,No,Yes,Test Driver,Highway,Driver disengagement due to safety monitor notification of general system discrepancy
"QUALCOMM TECHNOLOGIES, INC.",AVT047,1/30/2020,3LN6L5LU9HR650658,No,Yes,Test Driver,Highway,Driver disengagement due to safety monitor notification of general system discrepancy
"QUALCOMM TECHNOLOGIES, INC.",AVT047,1/30/2020,3LN6L5LU9HR650658,No,Yes,Test Driver,Highway,Driver disengagement due to safety monitor notification of general system discrepancy
"QUALCOMM TECHNOLOGIES, INC.",AVT047,1/30/2020,3LN6L5LU9HR650658,No,Yes,Test Driver,Highway,Driver disengagement due to safety monitor notification of planning discrepancy in the determination of vehicle trajectory
"QUALCOMM TECHNOLOGIES, INC.",AVT047,1/30/2020,3LN6L5LU9HR650658,No,Yes,Test Driver,Highway,Driver disengagement due to safety monitor notification of planning discrepancy in the determination of vehicle trajectory
"QUALCOMM TECHNOLOGIES, INC.",AVT047,2/3/2020,3LN6L5LU9HR650658,No,Yes,Test Driver,Freeway,Driver disengagement due to safety monitor notification of planning discrepancy in the determination of vehicle trajectory
"QUALCOMM TECHNOLOGIES, INC.",AVT047,2/7/2020,3LN6L5MU1JR627234,No,Yes,Test Driver,Freeway,Driver disengagement due to safety monitor notification of general system discrepancy
"QUALCOMM TECHNOLOGIES, INC.",AVT047,2/7/2020,3LN6L5MU1JR627234,No,Yes,Test Driver,Freeway,Driver disengagement due to safety monitor notification of planning discrepancy in the determination of vehicle trajectory
"QUALCOMM TECHNOLOGIES, INC.",AVT047,2/7/2020,3LN6L5MU1JR627234,No,Yes,Test Driver,Freeway,Driver disengagement due to safety monitor notification of planning discrepancy in the determination of vehicle trajectory
"QUALCOMM TECHNOLOGIES, INC.",AVT047,2/10/2020,3LN6L5MU1JR627234,No,Yes,Test Driver,Freeway,Driver disengagement due to planning discrepancy in the determination of autonomous vehicle speed
"QUALCOMM TECHNOLOGIES, INC.",AVT047,2/10/2020,3LN6L5MU1JR627234,No,Yes,Test Driver,Freeway,Driver disengagement due to planning discrepancy in yielding to merging vehicle
"QUALCOMM TECHNOLOGIES, INC.",AVT047,2/10/2020,3LN6L5MU1JR627234,No,Yes,Test Driver,Freeway,Driver disengagement due to planning discrepancy in yielding to merging vehicle
"QUALCOMM TECHNOLOGIES, INC.",AVT047,2/11/2020,3LN6L5MU1JR627234,No,Yes,Test Driver,Freeway,Driver disengagement due to planning discrepancy in the determination of autonomous vehicle speed
"QUALCOMM TECHNOLOGIES, INC.",AVT047,2/11/2020,3LN6L5MU1JR627234,No,Yes,Test Driver,Freeway,Driver disengagement due to safety monitor notification of general system discrepancy
"QUALCOMM TECHNOLOGIES, INC.",AVT047,2/12/2020,3LN6L5MU1JR627234,No,Yes,Test Driver,Freeway,Driver disengagement due to perception discrepancy in the detection of merging vehicle
"QUALCOMM TECHNOLOGIES, INC.",AVT047,2/12/2020,3LN6L5MU1JR627234,No,Yes,Test Driver,Freeway,Driver disengagement due to safety monitor notification of general system discrepancy
"QUALCOMM TECHNOLOGIES, INC.",AVT047,2/12/2020,3LN6L5MU1JR627234,No,Yes,Test Driver,Freeway,Driver disengagement due to safety monitor notification of general system discrepancy
"QUALCOMM TECHNOLOGIES, INC.",AVT047,2/24/2020,3LN6L5MU1JR627234,No,Yes,Test Driver,Freeway,Driver disengagement due to safety monitor notification of planning discrepancy in the determination of vehicle trajectory
"QUALCOMM TECHNOLOGIES, INC.",AVT047,2/24/2020,3LN6L5MU1JR627234,No,Yes,Test Driver,Freeway,Driver disengagement due to safety monitor notification of planning discrepancy in the determination of vehicle trajectory
"QUALCOMM TECHNOLOGIES, INC.",AVT047,2/24/2020,3LN6L5MU1JR627234,No,Yes,Test Driver,Freeway,Driver disengagement due to safety monitor notification of planning discrepancy in the determination of vehicle trajectory
"QUALCOMM TECHNOLOGIES, INC.",AVT047,2/25/2020,3LN6L5MU1JR627234,No,Yes,Test Driver,Freeway,Driver disengagement due to safety monitor notification of general system discrepancy
"QUALCOMM TECHNOLOGIES, INC.",AVT047,2/25/2020,3LN6L5MU1JR627234,No,Yes,Test Driver,Freeway,Driver disengagement due to safety monitor notification of planning discrepancy in the determination of vehicle trajectory
"QUALCOMM TECHNOLOGIES, INC.",AVT047,2/25/2020,3LN6L5MU1JR627234,No,Yes,Test Driver,Freeway,Driver disengagement due to safety monitor notification of planning discrepancy in the determination of vehicle trajectory
"QUALCOMM TECHNOLOGIES, INC.",AVT047,2/26/2020,3LN6L5MU1JR627234,No,Yes,Test Driver,Freeway,Driver disengagement due to perception discrepancy in the detection of merging vehicle
"QUALCOMM TECHNOLOGIES, INC.",AVT047,2/26/2020,3LN6L5MU1JR627234,No,Yes,Test Driver,Freeway,Driver disengagement due to safety monitor notification of general system discrepancy
"QUALCOMM TECHNOLOGIES, INC.",AVT047,2/26/2020,3LN6L5MU1JR627234,No,Yes,Test Driver,Freeway,Driver disengagement due to safety monitor notification of general system discrepancy
"QUALCOMM TECHNOLOGIES, INC.",AVT047,2/27/2020,3LN6L5LU9HR650658,No,Yes,Test Driver,Freeway,Driver disengagement due to safety monitor notification of general system discrepancy
"QUALCOMM TECHNOLOGIES, INC.",AVT047,2/27/2020,3LN6L5LU9HR650658,No,Yes,Test Driver,Freeway,Driver disengagement due to safety monitor notification of general system discrepancy
"QUALCOMM TECHNOLOGIES, INC.",AVT047,2/27/2020,3LN6L5LU9HR650658,No,Yes,Test Driver,Freeway,Driver disengagement due to safety monitor notification of general system discrepancy
"QUALCOMM TECHNOLOGIES, INC.",AVT047,2/27/2020,3LN6L5LU9HR650658,No,Yes,Test Driver,Freeway,Driver disengagement due to safety monitor notification of planning discrepancy in the determination of vehicle trajectory
"QUALCOMM TECHNOLOGIES, INC.",AVT047,2/27/2020,3LN6L5LU9HR650658,No,Yes,Test Driver,Freeway,Driver disengagement due to safety monitor notification of planning discrepancy in the determination of vehicle trajectory
"QUALCOMM TECHNOLOGIES, INC.",AVT047,2/27/2020,3LN6L5LU9HR650658,No,Yes,Test Driver,Freeway,Driver disengagement due to safety monitor notification of positioning discrepancy  of autonomous vehicle
"QUALCOMM TECHNOLOGIES, INC.",AVT047,2/28/2020,3LN6L5LU9HR650658,No,Yes,Test Driver,Freeway,Driver disengagement due to safety monitor notification of general system discrepancy
"QUALCOMM TECHNOLOGIES, INC.",AVT047,2/28/2020,3LN6L5LU9HR650658,No,Yes,Test Driver,Freeway,Driver precautionary disengagement due to aggressive cut-in by other vehicle
"QUALCOMM TECHNOLOGIES, INC.",AVT047,3/2/2020,3LN6L5MU1JR627234,No,Yes,Test Driver,Freeway,Driver disengagement due to control discrepancy to maintain minimum follow distance
"QUALCOMM TECHNOLOGIES, INC.",AVT047,3/3/2020,3LN6L5LU9HR650658,No,Yes,Test Driver,Freeway,Driver disengagement due to safety monitor notification of positioning discrepancy  of autonomous vehicle
"QUALCOMM TECHNOLOGIES, INC.",AVT047,3/5/2020,3LN6L5MU1JR627234,No,Yes,Test Driver,Freeway,Driver disengagement due to safety monitor notification of planning discrepancy in the determination of vehicle trajectory
"QUALCOMM TECHNOLOGIES, INC.",AVT047,3/5/2020,3LN6L5MU1JR627234,No,Yes,Test Driver,Freeway,Driver disengagement due to safety monitor notification of planning discrepancy in the determination of vehicle trajectory
"QUALCOMM TECHNOLOGIES, INC.",AVT047,3/5/2020,3LN6L5MU1JR627234,No,Yes,Test Driver,Freeway,Driver disengagement due to safety monitor notification of positioning discrepancy  of autonomous vehicle
"QUALCOMM TECHNOLOGIES, INC.",AVT047,3/6/2020,3LN6L5MU1JR627234,No,Yes,Test Driver,Freeway,Driver disengagement due to safety monitor notification of planning discrepancy in the determination of vehicle trajectory
"QUALCOMM TECHNOLOGIES, INC.",AVT047,4/13/2020,3LN6L5LU0HR663007,No,Yes,Test Driver,Freeway,Driver disengagement due to safety monitor notification of positioning discrepancy  of autonomous vehicle
"QUALCOMM TECHNOLOGIES, INC.",AVT047,4/23/2020,3LN6L5LU0HR663007,No,Yes,Test Driver,Freeway,Driver disengagement due to safety monitor notification of general system discrepancy
"QUALCOMM TECHNOLOGIES, INC.",AVT047,4/23/2020,3LN6L5LU0HR663007,No,Yes,Test Driver,Freeway,Driver disengagement due to safety monitor notification of general system discrepancy
"QUALCOMM TECHNOLOGIES, INC.",AVT047,4/23/2020,3LN6L5LU0HR663007,No,Yes,Test Driver,Freeway,Driver disengagement due to safety monitor notification of general system discrepancy
"QUALCOMM TECHNOLOGIES, INC.",AVT047,5/1/2020,3LN6L5LU0HR663007,No,Yes,Test Driver,Freeway,Driver disengagement due to safety monitor notification of general system discrepancy
"QUALCOMM TECHNOLOGIES, INC.",AVT047,5/5/2020,3LN6L5LU0HR663007,No,Yes,Test Driver,Freeway,Driver disengagement due to safety monitor notification of planning discrepancy in the determination of vehicle trajectory
"QUALCOMM TECHNOLOGIES, INC.",AVT047,5/6/2020,3LN6L5LU0HR663007,No,Yes,Test Driver,Freeway,Driver disengagement due to planning discrepancy in the determination of autonomous vehicle speed
"QUALCOMM TECHNOLOGIES, INC.",AVT047,5/6/2020,3LN6L5LU0HR663007,No,Yes,Test Driver,Freeway,Driver disengagement due to safety monitor notification of general system discrepancy
"QUALCOMM TECHNOLOGIES, INC.",AVT047,5/6/2020,3LN6L5LU0HR663007,No,Yes,Test Driver,Freeway,Driver precautionary disengagement due to aggressive maneuver by vehicle in the adjacent lane
"QUALCOMM TECHNOLOGIES, INC.",AVT047,5/8/2020,3LN6L5LU0HR663007,No,Yes,Test Driver,Freeway,Driver disengagement due to safety monitor notification of general system discrepancy
"QUALCOMM TECHNOLOGIES, INC.",AVT047,5/14/2020,3LN6L5LU0HR663007,No,Yes,Test Driver,Freeway,Driver disengagement due to safety monitor notification of general system discrepancy
"QUALCOMM TECHNOLOGIES, INC.",AVT047,5/20/2020,3LN6L5LU0HR663007,No,Yes,Test Driver,Freeway,Driver disengagement due to safety monitor notification of planning discrepancy in the determination of vehicle trajectory
"QUALCOMM TECHNOLOGIES, INC.",AVT047,5/20/2020,3LN6L5LU0HR663007,No,Yes,Test Driver,Freeway,Driver disengagement due to safety monitor notification of planning discrepancy in the planning of lane change
"QUALCOMM TECHNOLOGIES, INC.",AVT047,5/21/2020,3LN6L5LU0HR663007,No,Yes,Test Driver,Freeway,Driver disengagement due to perception discrepancy in the detection of merging vehicle
"QUALCOMM TECHNOLOGIES, INC.",AVT047,5/27/2020,3LN6L5LU0HR663007,No,Yes,Test Driver,Freeway,Driver disengagement due to positioning discrepancy of the autonomous vehicle
"QUALCOMM TECHNOLOGIES, INC.",AVT047,5/28/2020,3LN6L5LU0HR663007,No,Yes,Test Driver,Freeway,Driver disengagement due to safety monitor notification of planning discrepancy in the determination of vehicle trajectory
"QUALCOMM TECHNOLOGIES, INC.",AVT047,5/28/2020,3LN6L5LU0HR663007,No,Yes,Test Driver,Freeway,Driver disengagement due to safety monitor notification of planning discrepancy in the planning of lane change
"QUALCOMM TECHNOLOGIES, INC.",AVT047,6/2/2020,3LN6L5LU0HR663007,No,Yes,Test Driver,Freeway,Driver precautionary disengagement due to aggressive driver passing in lane merge zone
"QUALCOMM TECHNOLOGIES, INC.",AVT047,6/3/2020,3LN6L5LU0HR663007,No,Yes,Test Driver,Freeway,Driver disengagement due to safety monitor notification of planning discrepancy in the planning of lane change
"QUALCOMM TECHNOLOGIES, INC.",AVT047,6/3/2020,3LN6L5LU0HR663007,No,Yes,Test Driver,Freeway,Driver precautionary disengagement due to aggressive driver passing in lane merge zone
"QUALCOMM TECHNOLOGIES, INC.",AVT047,6/8/2020,3LN6L5LU0HR663007,No,Yes,Test Driver,Freeway,Driver precautionary disengagement due to aggressive driver passing during lane change
"QUALCOMM TECHNOLOGIES, INC.",AVT047,6/23/2020,3LN6L5LU0HR663007,No,Yes,Test Driver,Freeway,Driver disengagement due to planning discrepancy in the execution of mandatory lane change
"QUALCOMM TECHNOLOGIES, INC.",AVT047,6/24/2020,3LN6L5LU0HR663007,No,Yes,Test Driver,Freeway,Driver disengagement due to planning discrepancy in the execution of mandatory lane change
"QUALCOMM TECHNOLOGIES, INC.",AVT047,6/24/2020,3LN6L5LU0HR663007,No,Yes,Test Driver,Freeway,Driver disengagement due to planning discrepancy in the execution of mandatory lane change
"QUALCOMM TECHNOLOGIES, INC.",AVT047,8/7/2020,3LN6L5MU1JR627234,No,Yes,Test Driver,Highway,Driver disengagement due to planning discrepancy in the determination of autonomous vehicle speed
"QUALCOMM TECHNOLOGIES, INC.",AVT047,8/7/2020,3LN6L5MU1JR627234,No,Yes,Test Driver,Highway,Driver disengagement due to planning discrepancy in the execution of mandatory lane change
"QUALCOMM TECHNOLOGIES, INC.",AVT047,8/19/2020,3LN6L5MU1JR627234,No,Yes,Test Driver,Highway,Driver disengagement due to planning discrepancy in the determination of autonomous vehicle speed
"QUALCOMM TECHNOLOGIES, INC.",AVT047,8/19/2020,3LN6L5MU1JR627234,No,Yes,Test Driver,Highway,Driver disengagement due to planning discrepancy in yielding to merging vehicle
"QUALCOMM TECHNOLOGIES, INC.",AVT047,9/8/2020,3LN6L5MU1JR627234,No,Yes,Test Driver,Highway,Driver disengagement due to planning discrepancy in the recommendation of lane change
"QUALCOMM TECHNOLOGIES, INC.",AVT047,9/8/2020,3LN6L5MU1JR627234,No,Yes,Test Driver,Highway,Driver disengagement due to safety monitor notification of general system discrepancy
"QUALCOMM TECHNOLOGIES, INC.",AVT047,9/8/2020,3LN6L5MU1JR627234,No,Yes,Test Driver,Highway,Driver disengagement due to safety monitor notification of general system discrepancy
"QUALCOMM TECHNOLOGIES, INC.",AVT047,9/8/2020,3LN6L5MU1JR627234,No,Yes,Test Driver,Highway,Driver disengagement due to safety monitor notification of positioning discrepancy  of autonomous vehicle
"QUALCOMM TECHNOLOGIES, INC.",AVT047,11/5/2020,3LN6L5LU0HR663007,No,Yes,Test Driver,Highway,Driver disengagement due to perception discrepancy in the detection of vehicle in adjacent lane
"QUALCOMM TECHNOLOGIES, INC.",AVT047,11/5/2020,3LN6L5LU0HR663007,No,Yes,Test Driver,Highway,Driver disengagement due to planning discrepancy in the execution of mandatory lane change
"QUALCOMM TECHNOLOGIES, INC.",AVT047,11/5/2020,3LN6L5LU0HR663007,No,Yes,Test Driver,Highway,Driver disengagement due to planning discrepancy in the execution of mandatory lane change
"QUALCOMM TECHNOLOGIES, INC.",AVT047,11/5/2020,3LN6L5LU0HR663007,No,Yes,Test Driver,Highway,Driver disengagement due to safety monitor notification of general system discrepancy
"QUALCOMM TECHNOLOGIES, INC.",AVT047,11/18/2020,3LN6L5LU0HR663007,No,Yes,Test Driver,Highway,Driver disengagement due to control discrepancy resulting in undesired lateral movement in the lane
"QUALCOMM TECHNOLOGIES, INC.",AVT047,11/20/2020,3LN6L5LU9HR650658,No,Yes,Test Driver,Highway,Driver disengagement due to planning discrepancy in the determination of autonomous vehicle speed
"QUALCOMM TECHNOLOGIES, INC.",AVT047,11/20/2020,3LN6L5LU9HR650658,No,Yes,Test Driver,Highway,Driver disengagement due to planning discrepancy in the determination of autonomous vehicle speed
"QUALCOMM TECHNOLOGIES, INC.",AVT047,11/20/2020,3LN6L5LU9HR650658,No,Yes,Test Driver,Highway,Driver disengagement due to planning discrepancy in the recommendation of lane change
"QUALCOMM TECHNOLOGIES, INC.",AVT047,11/20/2020,3LN6L5LU9HR650658,No,Yes,Test Driver,Highway,Driver disengagement due to planning discrepancy in the recommendation of lane change
"QUALCOMM TECHNOLOGIES, INC.",AVT047,11/20/2020,3LN6L5LU9HR650658,No,Yes,Test Driver,Highway,Driver disengagement due to safety monitor notification of general system discrepancy
Ridecell Inc,AVT062,1/10/2020,3FA6P0RU5JR110979,No,Yes,Safety Driver,Street,AV(Autonomous Vehicle) taking a left turn on a narrow street and got close to a parked car on the street.  Safety Driver makes a preventive intervention to avoid AV getting too close to the parked car.
Ridecell Inc,AVT062,1/10/2020,3FA6P0RU5JR110979,No,Yes,Safety Driver,Street,AV fails to make a right turn on a tight corner with parked vehicles on either side and slows down.  Safety Driver takes over.
Ridecell Inc,AVT062,1/10/2020,3FA6P0RU5JR110979,No,Yes,Safety Driver,Street,"AV drives close to a parked car with an open door, on a narrow street.  Safety drive makes a preventive intervention to avoid any close encounters."
Ridecell Inc,AVT062,1/10/2020,3FA6P0RU5JR110979,No,Yes,Safety Driver,Street,"AV takes a wide turn at a stop sign intersection, resulting in the AV stepping on the opposite lane boundary.  Driver takes over.  Cause: Error in Lidar-vehicle calibration resulted in a high cross track error in lateral controller causing the wide turn."
Ridecell Inc,AVT062,1/10/2020,3FA6P0RU5JR110979,No,Yes,Safety Driver,Street,AV gets closer to a parked vehicle on a narrow street.  Driver takes over to avoid any unsafe situation.
Ridecell Inc,AVT062,1/10/2020,3FA6P0RU5JR110979,No,Yes,Safety Driver,Street,"Parker cars on both sides of a narrow street, with another vehicle approaching from oncoming lane.  AV yields to the onccoming vehicle and starts coming to a stop.  Driver takes over to ensure encounter is safe."
Ridecell Inc,AVT062,1/10/2020,3FA6P0RU5JR110979,No,Yes,Safety Driver,Street,"AV takes a wide turn at an intersection of a narrow street, resulting in AV getting close to parked vehicle on right.  Cause: Error in Lidar-vehicle calibration resulted in a high cross error in lateral controller causing the wide turn."
Ridecell Inc,AVT062,1/10/2020,3FA6P0RU5JR110979,No,Yes,Safety Driver,Street,AV maneuvering around a parked car on a narrow street.  Driver takes over as AV gets closer to the parked car.
Ridecell Inc,AVT062,1/10/2020,3FA6P0RU5JR110979,No,Yes,Test Driver,Street,"AV takes a wide turn at a stop sign intersection, resulting in the AV stepping on the opposite lane boundary. Driver makes a preventive intervention.  Error in Lidar-vehicle calibation results in a higher cross track error in lateral controller causing the wide turn."
Ridecell Inc,AVT062,1/10/2020,3FA6P0RU5JR110979,No,Yes,Test Driver,Street,"AV takes a wide left turn on the curve of a narrow street, resulting  in AV driving close to parked vehicle on the right. Driver makes a preventive intervention to avoid any close encounters. Cause: Error in Lidar-vehicle calibation results in a higher cross track error in lateral controller causing the wide turn."
Ridecell Inc,AVT062,1/29/2020,3FA6P0RU5JR110979,No,Yes,Test Driver,Street,AV takes a wide left turn on the curve of a narrow street. Driver makes a preventive intervention to avoid any close encounters. Cause: Error in Lidar-vehicle calibation results in a higher cross track error in lateral controller causing the wide turn.
Ridecell Inc,AVT062,1/29/2020,3FA6P0RU5JR110979,No,Yes,Test Driver,Street,"Narrow street with two large parked vehicles (mail van and pickup truck)  on either side. Gap on either side is less than  AV Planner's safety thresolds, resulting in planner stopping the vehicle. Driver takes over. "
Ridecell Inc,AVT062,1/29/2020,3FA6P0RU5JR110979,No,Yes,Test Driver,Street,Narrow path in front of the AV with parked cars on both sides. Another vehicle coming in the on coming lane. AV yeilds to the on coming vehicle and starts coming to a stop. Safety driver initiates take over to make sure the encounter is safe.
Ridecell Inc,AVT062,1/29/2020,3FA6P0RU5JR110979,No,Yes,Test Driver,Street,"Driver makes a preventive intervention, when he sees an on-coming vehicle on a narrow street with parked cars on either sides leaving narrow gap for both vehicles to pass each other.  "
Ridecell Inc,AVT062,1/29/2020,3FA6P0RU5JR110979,No,Yes,Test Driver,Street,"AV making wide right turn, with on coming vehicle in opposite lane of a narrow street. Driver makes a preventive intervention to avoid any unsafe situation. Cause: Lateral controls issue causing wider than usual turn."
Ridecell Inc,AVT062,1/29/2020,3FA6P0RU5JR110979,No,Yes,Test Driver,Street,"AV taking a left turn, close to a parked car on a narrow street, resulting in an initial nudge away from the parked vehicle. Driver makes a preventative intervention to avoid unsafe situation with parked car."
Ridecell Inc,AVT062,3/2/2020,3FA6P0RU5JR110979,No,Yes,Test Driver,Street,Small steering oscillation detected for a couple of seconds. The safety driver decides to take over. Cause:  Lateral controller sensitivity to quick path change commands or localization errors causing oscillation.  
Ridecell Inc,AVT062,3/2/2020,3FA6P0RU5JR110979,No,Yes,Test Driver,Street,Small steering oscillation detected for a couple of seconds. The safety driver decides to take over. Cause:  Lateral controller sensitivity to quick path change commands or localization errors causing oscillation.  
Ridecell Inc,AVT062,3/2/2020,3FA6P0RU5JR110979,No,Yes,Test Driver,Street,Safety driver decided to pull over to the side to let a faster trailing vehicle pass.
Ridecell Inc,AVT062,3/2/2020,3FA6P0RU5JR110979,No,Yes,Test Driver,Street,"AV making wide right turn, with on coming vehicle in opposite lane of a narrow street. Driver makes a preventive intervention to avoid any unsafe situation. Cause: Lateral controls issue causing wider than usual turn."
Ridecell Inc,AVT062,3/2/2020,3FA6P0RU5JR110979,No,Yes,Test Driver,Street,"AV making wide right turn, with on coming vehicle in opposite lane of a narrow street. Driver makes a preventive intervention to avoid any unsafe situation. Cause: Lateral controls issue causing wider than usual turn."
Ridecell Inc,AVT062,3/2/2020,3FA6P0RU5JR110979,No,Yes,Test Driver,Street,Small steering oscillation detected for a couple of seconds. The safety driver decides to take over. Cause:  Lateral controller sensitivity to quick path change commands or localization errors causing oscillation.  
Ridecell Inc,AVT062,3/2/2020,3FA6P0RU5JR110979,No,Yes,Test Driver,Street,"AV making wide right turn, with on coming vehicle in opposite lane of a narrow street. Driver makes a preventive intervention to avoid any unsafe situation. Cause: Lateral controls issue causing wider than usual turn."
Ridecell Inc,AVT062,3/3/2020,3FA6P0RU5JR110979,No,Yes,Test Driver,Street,"AV making wide right turn, with on coming vehicle in opposite lane of a narrow street. Driver makes a preventive intervention to avoid any unsafe situation. Cause: Lateral controls issue causing wider than usual turn."
Ridecell Inc,AVT062,3/3/2020,3FA6P0RU5JR110979,No,Yes,Test Driver,Street,"AV creeps cautiously after stopping at a stop sign intersection, watching out for other crossing vehicles. Oncoming traffic on the cross street. Safety driver initiates the take over to avoid possible honking response from other vehicle to the AV interaction at stop sign, which is  slower & conservative than a typical driver. "
Ridecell Inc,AVT062,3/3/2020,3FA6P0RU5JR110979,No,Yes,Test Driver,Street,"AV creeps cautiously after stopping at a stop sign intersection, watching out for other crossing vehicles. Oncoming traffic on the cross street. Safety driver initiates the take over to avoid possible honking response from other vehicle to the AV interaction at stop sign, which is  slower & conservative than a typical driver. "
Ridecell Inc,AVT062,3/5/2020,3FA6P0RU5JR110979,No,Yes,Test Driver,Street,"AV making wide right turn, with on coming vehicle in opposite lane of a narrow street. Driver makes a preventive intervention to avoid any unsafe situation. Cause: Lateral controls issue causing wider than usual turn."
Ridecell Inc,AVT062,3/5/2020,3FA6P0RU5JR110979,No,Yes,Test Driver,Street,Safety driver decided to take over to let a faster trailing vehicle pass the AV. 
Ridecell Inc,AVT062,3/5/2020,3FA6P0RU5JR110979,No,Yes,Test Driver,Street,Small steering oscillation detected for a couple of seconds. The safety driver decides to take over. Cause:  Lateral controller sensitivity to quick path change commands or localization errors causing oscillation.  
Ridecell Inc,AVT062,3/5/2020,3FA6P0RU5JR110979,No,Yes,Test Driver,Street,Small steering oscillation detected for a couple of seconds. The safety driver decides to take over. Cause:  Lateral controller sensitivity to quick path change commands or localization errors causing oscillation.  
Ridecell Inc,AVT062,3/5/2020,3FA6P0RU5JR110979,No,Yes,Test Driver,Street,Small steering oscillation detected for a couple of seconds. The safety driver decides to take over. Cause:  Lateral controller sensitivity to quick path change commands or localization errors causing oscillation.  
Ridecell Inc,AVT062,3/10/2020,3FA6P0RU5JR110979,No,Yes,Test Driver,Street,Safety driver decided to take over to let a faster trailer vehicle pass the AV
Ridecell Inc,AVT062,3/10/2020,3FA6P0RU5JR110979,No,Yes,Test Driver,Street,Small steering oscillation detected for a couple of seconds. The safety driver decides to take over. Cause:  Lateral controller sensitivity to quick path change commands or localization errors causing oscillation.  
Ridecell Inc,AVT062,3/10/2020,3FA6P0RU5JR110979,No,Yes,Test Driver,Street,Small steering oscillation detected for a couple of seconds. The safety driver decides to take over. Cause:  Lateral controller sensitivity to quick path change commands or localization errors causing oscillation.  
Ridecell Inc,AVT062,3/10/2020,3FA6P0RU5JR110979,No,Yes,Test Driver,Street,Small steering oscillation detected for a couple of seconds. The safety driver decides to take over. Cause:  Lateral controller sensitivity to quick path change commands or localization errors causing oscillation.  
Ridecell Inc,AVT062,3/10/2020,3FA6P0RU5JR110979,No,Yes,Test Driver,Street,Small steering oscillation detected for a couple of seconds. The safety driver decides to take over. Cause:  Lateral controller sensitivity to quick path change commands or localization errors causing oscillation.  
Ridecell Inc,AVT062,3/11/2020,3FA6P0RU5JR110979,No,Yes,Test Driver,Street,Small steering oscillation detected for a couple of seconds. The safety driver decides to take over. Cause:  Lateral controller sensitivity to quick path change commands or localization errors causing oscillation.  
Ridecell Inc,AVT062,3/11/2020,3FA6P0RU5JR110979,No,Yes,Test Driver,Street,"AV falsely detects a pedestrian yield sign as a pedestrian, causing the AV to come to a stop. Safety driver initiates take over to maintain smooth traffic flow."
Ridecell Inc,AVT062,3/11/2020,3FA6P0RU5JR110979,No,Yes,Test Driver,Street,"AV making wide left turn, with on coming vehicle in opposite lane of a narrow street. Driver makes a preventive intervention to avoid any unsafe situation. Cause: Lateral controls issue causing wider than usual turn."
Ridecell Inc,AVT062,3/11/2020,3FA6P0RU5JR110979,No,Yes,Test Driver,Street,"AV at a busy 4-way stop sign intersection. The current AV version takes a cautious stop-creep action at a stop sign junction, which is slower than a typical human driver. Safety driver took over to avoid any inconvenience to other vehicles. "
Ridecell Inc,AVT062,3/11/2020,3FA6P0RU5JR110979,No,Yes,Test Driver,Street,"Driver makes a preventive intervention, when he sees an on-coming vehicle on a narrow street with parked cars on either sides leaving narrow gap for both vehicles to pass each other."
Ridecell Inc,AVT062,8/12/2020,3FA6P0RU5JR110979,No,Yes,Test Driver,Street,"Driver makes a preventive intervention, when he sees an on-coming vehicle on a narrow street with parked cars on either sides leaving narrow gap for both vehicles to pass each other."
Ridecell Inc,AVT062,8/12/2020,3FA6P0RU5JR110979,No,Yes,Test Driver,Street,"AV at a busy stop sign intersection. The current AV version takes a cautious stop-creep action at a stop sign junction, which is slower than a typical human driver. Safety driver took over to avoid any honking response from other vehicles. "
Ridecell Inc,AVT062,8/12/2020,3FA6P0RU5JR110979,No,Yes,Test Driver,Street,"AV falsely detects a pedestrian yield sign as a pedestrian, causing the AV to come to a stop. Safety driver initiates take over to maintain smooth traffic flow."
Ridecell Inc,AVT062,8/12/2020,3FA6P0RU5JR110979,No,Yes,Test Driver,Street,"AV making wide left turn, with on coming vehicle in opposite lane of a narrow street. Driver makes a preventive intervention to avoid any unsafe situation. Cause: Lateral controls issue causing wider than usual turn."
Ridecell Inc,AVT062,8/12/2020,3FA6P0RU5JR110979,No,Yes,Test Driver,Street,"Narrow street with parked vehicles  on either side. Gap on either side is less than  AV Planner's safety thresolds, resulting in planner stopping the vehicle. Driver takes over. "
Ridecell Inc,AVT062,9/3/2020,3FA6P0RU5JR110979,No,Yes,Test Driver,Street,"AV making wide right turn, with on coming vehicle in opposite lane of a narrow street. Driver makes a preventive intervention to avoid any unsafe situation. Cause: Lateral controls issue causing wider than usual turn."
Ridecell Inc,AVT062,9/3/2020,3FA6P0RU5JR110979,No,Yes,Test Driver,Street,Safety driver decided to take over to let a faster trailer vehicle pass the AV
Ridecell Inc,AVT062,9/3/2020,3FA6P0RU5JR110979,No,Yes,Test Driver,Street,"Driver makes a preventive intervention, when he sees an on-coming vehicle on a narrow street with parked cars on either sides leaving narrow gap for both vehicles to pass each other."
Ridecell Inc,AVT062,9/3/2020,3FA6P0RU5JR110979,No,Yes,Test Driver,Street,"Driver makes a preventive intervention, when he sees an on-coming vehicle on a narrow street with parked cars on either sides leaving narrow gap for both vehicles to pass each other."
Ridecell Inc,AVT062,9/3/2020,3FA6P0RU5JR110979,No,Yes,Test Driver,Street,"Narrow street with parked vehicles on either side. Gap on either side is less than AV Planner's safety thresolds, resulting in planner stopping the vehicle. Driver takes over."
Ridecell Inc,AVT062,9/3/2020,3FA6P0RU5JR110979,No,Yes,Test Driver,Street,"Narrow street with parked vehicles on either side. Gap on either side is less than AV Planner's safety thresolds, resulting in planner stopping the vehicle. Driver takes over."
Ridecell Inc,AVT062,9/3/2020,3FA6P0RU5JR110979,No,Yes,Test Driver,Street,"Narrow street with parked vehicles on either side. Gap on either side is less than AV Planner's safety thresolds, resulting in planner stopping the vehicle. Driver takes over."
Ridecell Inc,AVT062,9/3/2020,3FA6P0RU5JR110979,No,Yes,Test Driver,Street,"AV not able to plan a path through a narrow street with parked cars on either side,  causing it to come to a stop. Driver takes over. Cause: Localization error in position causing issues in motion planning module . "
Ridecell Inc,AVT062,9/3/2020,3FA6P0RU5JR110979,No,Yes,Test Driver,Street,"AV making wide right turn, with on coming vehicle in opposite lane of a narrow street. Driver makes a preventive intervention to avoid any unsafe situation. Cause: Lateral controls issue causing wider than usual turn."
Ridecell Inc,AVT062,9/3/2020,3FA6P0RU5JR110979,No,Yes,Test Driver,Street,"AV making wide right turn, with on coming vehicle in opposite lane of a narrow street. Driver makes a preventive intervention to avoid any unsafe situation. Cause: Lateral controls issue causing wider than usual turn."
Ridecell Inc,AVT062,9/21/2020,3FA6P0RU5JR110979,No,Yes,Test Driver,Street,"AV localization becomes inconsistent, as observed on the in-vehicle monitor. AV starts moving from center of the lane towards the curb. Safety driver takes over to avoid unsafe situation."
Ridecell Inc,AVT062,9/21/2020,3FA6P0RU5JR110979,No,Yes,Test Driver,Street,"Safety Driver takes over when AV doesn't move forward at a stop sign. Cause: New route is commanded to the AV is negotiating a stop sign, which caused a problem in the motion planner. "
Ridecell Inc,AVT062,9/21/2020,3FA6P0RU5JR110979,No,Yes,Test Driver,Street,"AV going straight with no other vehicles in front or on coming. No parked vehicles on the side, and no other fake obstacle detected, but localization becomes inconsistent and AV starts floating in the HD map. This results in AV wanting to turn in to the curb. Safety driver takes over to avoid unsafe situation."
Ridecell Inc,AVT062,9/22/2020,3FA6P0RU5JR110979,No,Yes,Test Driver,Street,"AV stops and waits at a tight corner, as the planner fails to generate a path to maneuver the tight corner with a parked car in its way. Safety driver takes over to continue testing."
Ridecell Inc,AVT062,9/22/2020,3FA6P0RU5JR110979,No,Yes,Test Driver,Street,AV started to plan around parked car with little room. Safety driver decided to take over to avod any close encounter. 
Ridecell Inc,AVT062,9/22/2020,3FA6P0RU5JR110979,No,Yes,Test Driver,Street,Lateral oscillation detected for a couple of seconds. The safety driver decided to take over. Cause:  Lateral controller sensitivity to quick path change commands or localization errors causing oscillation.  
Ridecell Inc,AVT062,9/22/2020,3FA6P0RU5JR110979,No,Yes,Test Driver,Street,Autonomous mode initiated in a narrow path. Motion planner commands to manuever around a parked vehicle to the right. Unstability in localization heading angle cause small oscillations in controller action. Safety driver initiates a take over to avoid any possible unsafe situation.
Ridecell Inc,AVT062,9/22/2020,3FA6P0RU5JR110979,No,Yes,Test Driver,Street,"AV falsely detects a pedestrian yield sign as a pedestrian, causing the AV to come to a stop. Safety driver initiates take over to maintain smooth traffic flow."
Ridecell Inc,AVT062,9/22/2020,3FA6P0RU5JR110979,No,Yes,Test Driver,Street,"Driver makes a preventive intervention, when he sees an on-coming vehicle on a narrow street with parked cars on either sides leaving narrow gap for both vehicles to pass each other."
Ridecell Inc,AVT062,9/23/2020,3FA6P0RU5JR110979,No,Yes,Test Driver,Street,AV at a junction where AV has the right of way to move forward. Oncoming car cutting across does not come to a complete stop. Prediction module appears to cause AV to stop. Safety driver does a preventive  intervention to continue flow of traffic.
Ridecell Inc,AVT062,9/23/2020,3FA6P0RU5JR110979,No,Yes,Test Driver,Street,Safety Driver makes a preventive intervention to avoid AV getting too close to a parked vehicle on a narrow street. 
Ridecell Inc,AVT062,9/23/2020,3FA6P0RU5JR110979,No,Yes,Test Driver,Street,Parked vehicle at the corner blocking path of AV while taking a right turn. AV percepion appears to prevent vehicle from moving forward. Safety driver took over to continue the flow of traffic. 
Ridecell Inc,AVT062,9/23/2020,3FA6P0RU5JR110979,No,Yes,Test Driver,Street,Safety Driver makes a preventive intervention to avoid AV getting  close to a pedestrian on road.
Ridecell Inc,AVT062,9/23/2020,3FA6P0RU5JR110979,No,Yes,Test Driver,Street,"AV at a busy 4-way stop sign intersection. The current AV version takes a cautious stop-creep action at a stop sign junction, which is slower than a typical human driver. Safety driver took over to avoid any inconvenience to other vehicles. "
Ridecell Inc,AVT062,9/23/2020,3FA6P0RU5JR110979,No,Yes,Test Driver,Street,AV vehicle slowed down for an object detected in its path near a yield sign. Safety driver took over for faster moving trailing vehicles. 
Ridecell Inc,AVT062,9/23/2020,3FA6P0RU5JR110979,No,Yes,Test Driver,Street,"AV at a stop sign intersection with one other vehicle. The current AV version takes a cautious stop-creep action at a stop sign junction, which is slower than a typical human driver. Safety driver took over to avoid any inconvenience to the other vehicle"
Ridecell Inc,AVT062,9/23/2020,3FA6P0RU5JR110979,No,Yes,Test Driver,Street,Safety driver decides to take over to let a faster trailing vehicle pass.
Ridecell Inc,AVT062,9/23/2020,3FA6P0RU5JR110979,No,Yes,Test Driver,Street,"Driver makes a preventive intervention, when he sees an on-coming vehicle on a narrow street with parked cars on either sides leaving narrow gap for both vehicles to pass each other."
Ridecell Inc,AVT062,9/23/2020,3FA6P0RU5JR110979,No,Yes,Test Driver,Street,AV turning right. Construction warning signs on the side of the turn not detected by AV.Driver takes over to avoid AV getting close to the construction zone. 
Ridecell Inc,AVT062,9/23/2020,3FA6P0RU5JR110979,No,Yes,Test Driver,Street,AV turning right. Construction warning signs on the side of the turn not detected by AV.Driver takes over to avoid AV getting close to the construction zone. 
Ridecell Inc,AVT062,9/23/2020,3FA6P0RU5JR110979,No,Yes,Test Driver,Street,"Driver makes a preventive intervention, when he sees an on-coming vehicle on a narrow street with parked cars on either sides leaving narrow gap for both vehicles to pass each other."
Ridecell Inc,AVT062,9/23/2020,3FA6P0RU5JR110979,No,Yes,Test Driver,Street,"AV making wide right turn, with on coming vehicle in opposite lane of a narrow street. Driver makes a preventive intervention to avoid any unsafe situation. Cause: Lateral controls issue causing wider than usual turn."
Ridecell Inc,AVT062,9/23/2020,3FA6P0RU5JR110979,No,Yes,Test Driver,Street,"Driver makes a preventive intervention, when he sees an on-coming vehicle on a narrow street with parked cars on either sides leaving narrow gap for both vehicles to pass each other."
Ridecell Inc,AVT062,9/23/2020,3FA6P0RU5JR110979,No,Yes,Test Driver,Street,AV turning right. Construction warning signs on the side of the turn not detected by AV.Driver takes over to avoid AV getting close to the construction zone. 
Ridecell Inc,AVT062,9/25/2020,3FA6P0RU5JR110979,No,Yes,Test Driver,Street,"AV merging into a faster lane. Safety driver decided to take over to let faster oncoming vehicles pass the AV, before AV merging into their lane. "
Ridecell Inc,AVT062,9/25/2020,3FA6P0RU5JR110979,No,Yes,Test Driver,Street,Av planner fails to slow down for a right turn and goes straight instead after missing the turn. Safety Driver takes over to put the vehicle back to the testing route. 
Ridecell Inc,AVT062,9/25/2020,3FA6P0RU5JR110979,No,Yes,Test Driver,Street,AV turning right. Construction warning signs on the side of the turn not detected by AV.Driver takes over to avoid AV getting close to the construction zone. 
Ridecell Inc,AVT062,9/28/2020,3FA6P0RU5JR110979,No,Yes,Test Driver,Street,"AV needs to make a left turn in narrow street with parked vehicles on right side after the turn. The planner is not able to create a consistent path around parked vehicles in to the turn. It keeps swithcing between finding a path and requesting AV to come to complete stop, at edge of decision boundary, resulting in AV to start slowing down . Safety Driver takes over to maintain a smooth traffic flow. "
Ridecell Inc,AVT062,9/28/2020,3FA6P0RU5JR110979,No,Yes,Test Driver,Street,"Safety driver takes over, while AV trying to make a left turn after a stop sign, as he notices the computing load is high resulting in bad localization and controls performance. "
Ridecell Inc,AVT062,9/28/2020,3FA6P0RU5JR110979,No,Yes,Test Driver,Street,"AV has just made a right turn and there is an oncoming vehicle in the opposite lane, resulting in a narrow path  between parked car(on the right) and on coming vehicle(on the left) for the AV to follow. Safety driver initiated the take over, when he noticed the steering move to the left. Cause: Wrong Prediction of on-coming vehicle trajectory for a small time instant causing the vehicle to move in the wrong direction for that time instant. "
Ridecell Inc,AVT062,9/28/2020,3FA6P0RU5JR110979,No,Yes,Test Driver,Street,"The AV is at a stop sign and is observed to be slower than usual to start when it has right of way. Safety driver takes over to avoid cross traffic waiting long for AV to negotiate intersection. The compute seems to be glitchy at the turn making planning, controls and localization performance bad. "
Ridecell Inc,AVT062,9/28/2020,3FA6P0RU5JR110979,No,Yes,Test Driver,Street,"AV falsely detects a pedestrian yield sign as a pedestrian, causing the AV to come to a stop. Safety driver initiates take over to maintain smooth traffic flow."
Ridecell Inc,AVT062,9/28/2020,3FA6P0RU5JR110979,No,Yes,Test Driver,Street,Safety driver initiates a take over as a faster moving trailing vehicle gets too close to  the AV. 
Ridecell Inc,AVT062,9/28/2020,3FA6P0RU5JR110979,No,Yes,Test Driver,Street,Safety driver a takes over to let a faster trailing vehicle to pass. 
Ridecell Inc,AVT062,9/28/2020,3FA6P0RU5JR110979,No,Yes,Test Driver,Street,"AV at a busy stop sign intersection. The current AV version takes a cautious stop-creep action at a stop sign junction, which is slower than a typical human driver. Safety driver took over to avoid any inconvenience to other crossing vehicles at the intersection. "
Ridecell Inc,AVT062,9/28/2020,3FA6P0RU5JR110979,No,Yes,Test Driver,Street,Lateral oscillation detected for a couple of seconds. The safety driver decided to take over. Cause:  Lateral controller sensitivity to quick path change commands or localization errors causing oscillation.  
Ridecell Inc,AVT062,9/28/2020,3FA6P0RU5JR110979,No,Yes,Test Driver,Street,AV turning right. Construction warning signs on the side of the turn not detected by AV.Driver takes over to avoid AV getting close to the construction zone. 
Ridecell Inc,AVT062,9/28/2020,3FA6P0RU5JR110979,No,Yes,Test Driver,Street,"AV merging into a faster lane. Safety driver decided to take over to let faster oncoming vehicles pass the AV, before AV merging into their lane. "
Ridecell Inc,AVT062,9/28/2020,3FA6P0RU5JR110979,No,Yes,Test Driver,Street,AV turning right. Construction warning signs on the side of the turn not detected by AV.Driver takes over to avoid AV getting close to the construction zone. 
Ridecell Inc,AVT062,9/28/2020,3FA6P0RU5JR110979,No,Yes,Test Driver,Street,AV turning right. Construction warning signs on the side of the turn not detected by AV.Driver takes over to avoid AV getting close to the construction zone.
Ridecell Inc,AVT062,9/29/2020,3FA6P0RU5JR110979,No,Yes,Test Driver,Street,Safety driver decides to take over to let a faster trailing vehicle pass.
Ridecell Inc,AVT062,9/29/2020,3FA6P0RU5JR110979,No,Yes,Test Driver,Street,Safety driver decides to take over to let a faster trailing vehicle pass.
Ridecell Inc,AVT062,9/29/2020,3FA6P0RU5JR110979,No,Yes,Test Driver,Street,Safety driver decides to take over to let a faster trailing vehicle pass.
Ridecell Inc,AVT062,9/29/2020,3FA6P0RU5JR110979,No,Yes,Test Driver,Street,Safety driver decides to take over to let a faster trailing vehicle pass.
Ridecell Inc,AVT062,9/29/2020,3FA6P0RU5JR110979,No,Yes,Test Driver,Street,Safety driver decides to take over to let a faster trailing vehicle pass.
Ridecell Inc,AVT062,9/29/2020,3FA6P0RU5JR110979,No,Yes,Test Driver,Street,"AV at a busy stop sign intersection. The current AV version takes a cautious stop-creep action at a stop sign junction, which is slower than a typical human driver. Safety driver took over to avoid any honking response from other vehicles. "
Ridecell Inc,AVT062,9/29/2020,3FA6P0RU5JR110979,No,Yes,Test Driver,Street,"Box truck parked on right side of AV. Slight bend on the road of traversal created a limited view of oncoming lane to the AV. AV decides to nudge left, but gets too close to the on coming vehicle from the opposite side. Safety driver initiates a take over to make get through the narrow zone between Box truck and the on coming vehicle."
Ridecell Inc,AVT062,9/29/2020,3FA6P0RU5JR110979,No,Yes,Test Driver,Street,AV turning right. Construction warning signs on the side of the turn not detected by AV.Driver takes over to avoid AV getting close to the construction zone. 
Ridecell Inc,AVT062,9/29/2020,3FA6P0RU5JR110979,No,Yes,Test Driver,Street,AV turning right. Construction warning signs on the side of the turn not detected by AV.Driver takes over to avoid AV getting close to the construction zone. 
Ridecell Inc,AVT062,9/29/2020,3FA6P0RU5JR110979,No,Yes,Test Driver,Street,AV turning right. Construction warning signs on the side of the turn not detected by AV.Driver takes over to avoid AV getting close to the construction zone. 
Ridecell Inc,AVT062,9/29/2020,3FA6P0RU5JR110979,No,Yes,Test Driver,Street,Safety driver decides to take over to let a faster trailing vehicle pass.
Ridecell Inc,AVT062,9/29/2020,3FA6P0RU5JR110979,No,Yes,Test Driver,Street,AV turning right. Construction warning signs on the side of the turn not detected by AV.Driver takes over to avoid AV getting close to the construction zone. 
Ridecell Inc,AVT062,9/30/2020,3FA6P0RU5JR110979,No,Yes,Test Driver,Street,AV turning right. Construction warning signs on the side of the turn not detected by AV.Driver takes over to avoid AV getting close to the construction zone. 
Ridecell Inc,AVT062,9/30/2020,3FA6P0RU5JR110979,No,Yes,Test Driver,Street,Safety driver decides to take over to let a faster trailing vehicle pass.
Ridecell Inc,AVT062,9/30/2020,3FA6P0RU5JR110979,No,Yes,Test Driver,Street,Av planner fails to slow down for a right turn and goes straight instead after missing the turn. Safety Driver takes over to put the vehicle back to the testing route. 
Ridecell Inc,AVT062,9/30/2020,3FA6P0RU5JR110979,No,Yes,Test Driver,Street,"Vehicle starts to drift from its expected path on the lane, possibly due to effective loss of either localization or compute or network transport of the localization data. Driver takes over quickly to avoid any unsafe situation. "
Ridecell Inc,AVT062,9/30/2020,3FA6P0RU5JR110979,No,Yes,Test Driver,Street,"Vehicle starts to drift from its expected path on the lane, possibly due to effective loss of either localization or compute or network transport of the localization data. Driver takes over quickly to avoid any unsafe situation. "
Ridecell Inc,AVT062,9/30/2020,3FA6P0RU5JR110979,No,Yes,Test Driver,Street,"Vehicle starts to drift from its expected path on the lane, possibly due to effective loss of either localization or compute or network transport of the localization data. Driver takes over quickly to avoid any unsafe situation. "
Ridecell Inc,AVT062,9/30/2020,3FA6P0RU5JR110979,No,Yes,Test Driver,Street,"Vehicle starts to drift from its expected path on the lane, possibly due to effective loss of either localization or compute or network transport of the localization data. Driver takes over quickly to avoid any unsafe situation. "
Ridecell Inc,AVT062,9/30/2020,3FA6P0RU5JR110979,No,Yes,Test Driver,Street,"Vehicle drifing on to on coming lane, due to effective loss of one or many of either localization, compute or network transport of the localization data. Results in driver take over."
Ridecell Inc,AVT062,10/1/2020,3FA6P0RU5JR110979,No,Yes,Test Driver,Street,AV turning right. Construction warning signs on the side of the turn not detected by AV.Driver takes over to avoid AV getting close to the construction zone. 
Ridecell Inc,AVT062,10/1/2020,3FA6P0RU5JR110979,No,Yes,Test Driver,Street,AV turning right. Construction warning signs on the side of the turn not detected by AV.Driver takes over to avoid AV getting close to the construction zone. 
Ridecell Inc,AVT062,10/1/2020,3FA6P0RU5JR110979,No,Yes,Test Driver,Street,AV did not detect contruction ditch on side of the road. Safety driver took over as a precaution.
Ridecell Inc,AVT062,10/1/2020,3FA6P0RU5JR110979,No,Yes,Test Driver,Street,"AV steering oscillates, when the autonomous mode is initated off the center of lane.  Safety driver takes over to avoid any unsafe situation."
Ridecell Inc,AVT062,10/1/2020,3FA6P0RU5JR110979,No,Yes,Test Driver,Street,AV turning right. Construction warning signs on the side of the turn not detected by AV.Driver takes over to avoid AV getting close to the construction zone. 
Ridecell Inc,AVT062,10/1/2020,3FA6P0RU5JR110979,No,Yes,Test Driver,Street,AV did not detect contruction ditch on side of the road. Safety driver took over as a precaution.
Ridecell Inc,AVT062,10/8/2020,3FA6P0RU5JR110979,No,Yes,Test Driver,Street,"Narrow street with parked vehicles on one side and on-coming vehicle on the other side. Gap on either side is less than AV Planner's safety thresolds, resulting in planner stopping the vehicle. Driver takes over to maneuver the AV through the narrow gap. "
Ridecell Inc,AVT062,10/8/2020,3FA6P0RU5JR110979,No,Yes,Test Driver,Street,"AV at a stop sign intersection with one other vehicle. The current AV version takes a cautious stop-creep action at a stop sign junction, which is  slower & conservative than a typical human driver. Safety driver took over to avoid any inconvenience to the other vehicle"
Ridecell Inc,AVT062,10/8/2020,3FA6P0RU5JR110979,No,Yes,Test Driver,Street,"AV decides to stop for an on-coming vehicle, even though there is enough room for both vehicles in their respective lanes. Safety driver takes over so that the AV does not come to an unexpected stop on the steet.Cause: Wrong prediction of oncoming vehicle movement. "
Ridecell Inc,AVT062,10/8/2020,3FA6P0RU5JR110979,No,Yes,Test Driver,Street,AV turning right. Construction warning signs on the side of the turn not detected by AV.Driver takes over to avoid AV getting close to the construction zone. 
Ridecell Inc,AVT062,10/8/2020,3FA6P0RU5JR110979,No,Yes,Test Driver,Street,AV turning right. Construction warning signs on the side of the turn not detected by AV.Driver takes over to avoid AV getting close to the construction zone. 
Ridecell Inc,AVT062,10/8/2020,3FA6P0RU5JR110979,No,Yes,Test Driver,Street,AV turning right. Construction warning signs on the side of the turn not detected by AV.Driver takes over to avoid AV getting close to the construction zone. 
Ridecell Inc,AVT062,10/8/2020,3FA6P0RU5JR110979,No,Yes,Test Driver,Street,Safety driver took over to pass a slow moving construction vehicle on side of the road.
Ridecell Inc,AVT062,10/8/2020,3FA6P0RU5JR110979,No,Yes,Test Driver,Street,AV turning right. Construction warning signs on the side of the turn not detected by AV.Driver takes over to avoid AV getting close to the construction zone. 
Ridecell Inc,AVT062,10/8/2020,3FA6P0RU5JR110979,No,Yes,Test Driver,Street,Construction  cones on the side not detected. AV got close to the cones. Safety Driver takes over before AV gets any closer to the construction zone. 
Ridecell Inc,AVT062,10/8/2020,3FA6P0RU5JR110979,No,Yes,Test Driver,Street,AV turning right. Construction warning signs on the side of the turn not detected by AV.Driver takes over to avoid AV getting close to the construction zone. 
Ridecell Inc,AVT062,10/8/2020,3FA6P0RU5JR110979,No,Yes,Test Driver,Street,Construction  cones on the side not detected. AV got close to the cones. Safety Driver takes over before AV gets any closer to the construction zone. 
Ridecell Inc,AVT062,10/8/2020,3FA6P0RU5JR110979,No,Yes,Test Driver,Street,Construction  cones on the side not detected. AV got close to the cones. Safety Driver takes over before AV gets any closer to the construction zone. 
Ridecell Inc,AVT062,10/8/2020,3FA6P0RU5JR110979,No,Yes,Test Driver,Street,AV turning right. Construction warning signs on the side of the turn not detected by AV.Driver takes over to avoid AV getting close to the construction zone. 
Ridecell Inc,AVT062,10/9/2020,3FA6P0RU5JR110979,No,Yes,Test Driver,Street,"AV at a stop sign intersection with one other vehicle. The current AV version takes a cautious stop-creep action at a stop sign junction, which is  slower & conservative than a typical human driver. Safety driver took over to avoid any inconvenience to the other vehicle. No AV system fault. "
Ridecell Inc,AVT062,10/9/2020,3FA6P0RU5JR110979,No,Yes,Test Driver,Street,"AV falsely detects a pedestrian yield sign as a pedestrian, causing the AV to come to a stop. Safety driver initiates take over to maintain smooth traffic flow."
Ridecell Inc,AVT062,10/9/2020,3FA6P0RU5JR110979,No,Yes,Test Driver,Street,"AV at a stop sign intersection with one other trailing vehicle. The current AV version takes a cautious stop-creep action at a stop sign junction, which is  slower & conservative than a typical human driver. Safety driver took over to avoid any inconvenience to the other vehicle"
Ridecell Inc,AVT062,10/9/2020,3FA6P0RU5JR110979,No,Yes,Test Driver,Street,"Safety driver makes a preventive intervention, as he car infront is making a 2-point u-turn. "
Ridecell Inc,AVT062,10/9/2020,3FA6P0RU5JR110979,No,Yes,Test Driver,Street,"Perception detects a vehicle where construction vehicle is parked. Possible that the detected obstacle boundary is not accurate to the actual construction vehicle, resulting in planned path that is closer to the construction vehicle. Safety driver initiates a take over to make sure AV safely navigates the parked construction zone"
Ridecell Inc,AVT062,10/9/2020,3FA6P0RU5JR110979,No,Yes,Test Driver,Street,"AV making wide right turn, with on coming vehicle in opposite lane of a narrow street. Driver makes a preventive intervention to avoid any unsafe situation. Cause: Lateral controls issue causing wider than usual turn."
Ridecell Inc,AVT062,10/9/2020,3FA6P0RU5JR110979,No,Yes,Test Driver,Street,AV turning right. Construction warning signs on the side of the turn not detected by AV.Driver takes over to avoid AV getting close to the construction zone. 
Ridecell Inc,AVT062,10/9/2020,3FA6P0RU5JR110979,No,Yes,Test Driver,Street,Faster following vehicle. 25 mph max speed on 40 mph street
Ridecell Inc,AVT062,10/9/2020,3FA6P0RU5JR110979,No,Yes,Test Driver,Street,AV turning right. Construction warning signs on the side of the turn not detected by AV.Driver takes over to avoid AV getting close to the construction zone. 
Ridecell Inc,AVT062,10/9/2020,3FA6P0RU5JR110979,No,Yes,Test Driver,Street,"Safety driver makes a preventive intervention, with an on-coming vehicle on a narrow road"
Ridecell Inc,AVT062,10/9/2020,3FA6P0RU5JR110979,No,Yes,Test Driver,Street,AV turning right. Construction warning signs on the side of the turn not detected by AV.Driver takes over to avoid AV getting close to the construction zone. 
Ridecell Inc,AVT062,10/9/2020,3FA6P0RU5JR110979,No,Yes,Test Driver,Street,"Safety driver makes a preventive intervention, with an on-coming vehicle on a narrow road"
Ridecell Inc,AVT062,10/9/2020,3FA6P0RU5JR110979,No,Yes,Test Driver,Street,"AV making wide right turn, with on coming vehicle in opposite lane of the road. Driver makes a preventive intervention to avoid any unsafe situation. Cause: Lateral controls issue causing wider than usual turn."
Ridecell Inc,AVT062,10/9/2020,3FA6P0RU5JR110979,No,Yes,Test Driver,Street,AV turning right. Construction warning signs on the side of the turn not detected by AV.Driver takes over to avoid AV getting close to the construction zone. 
Ridecell Inc,AVT062,10/13/2020,3FA6P0RU5JR110979,No,Yes,Test Driver,Street,"AV at a busy stop sign intersection. AV starts to move after the first cross vehicle turns in, however it comes to a stop when another vehicle approaches the cross stop sign. The second vehicle also turns in ahead of AV, as the AV response is slow and conservative. Safety driver intervenes once the 2nd vehicle took AV's right of way."
Ridecell Inc,AVT062,10/13/2020,3FA6P0RU5JR110979,No,Yes,Test Driver,Street,"AV decides to stop for an on-coming vehicle, even though there is enough room for both vehicles in their respective lanes. Safety driver takes over so that the AV does not come to an unexpected stop on the steet."
Ridecell Inc,AVT062,10/13/2020,3FA6P0RU5JR110979,No,Yes,Test Driver,Street,AV at stop sign intersection with vehicles turning in to the AV lane of travel. Safety driver takes over once the AV misses it's right of way.
Ridecell Inc,AVT062,10/13/2020,3FA6P0RU5JR110979,No,Yes,Test Driver,Street,"AV falsely detects a pedestrian yield sign as a pedestrian, causing the AV to come to a stop. Safety driver initiates take over to maintain smooth traffic flow.No AV system fault detected."
Ridecell Inc,AVT062,10/13/2020,3FA6P0RU5JR110979,No,Yes,Test Driver,Street,"Safety driver makes a preventive intervention, with an on-coming vehicle on a narrow road. No AV system fault detected. "
Ridecell Inc,AVT062,10/13/2020,3FA6P0RU5JR110979,No,Yes,Test Driver,Street,Safety driver decided to take over to let a faster trailer vehicle pass the AV for their convenience. No AV system fault detected. 
Ridecell Inc,AVT062,10/13/2020,3FA6P0RU5JR110979,No,Yes,Test Driver,Street,"AV making wide right turn, with on coming vehicle in opposite lane of the road. Driver makes a preventive intervention to avoid any unsafe situation. Cause: Lateral controls issue causing wider than usual turn."
Ridecell Inc,AVT062,10/13/2020,3FA6P0RU5JR110979,No,Yes,Test Driver,Street,Safety driver decided to take over to let a faster trailer vehicle pass the AV for their convenience. No AV system fault detected. 
Ridecell Inc,AVT062,10/14/2020,3FA6P0RU5JR110979,No,Yes,Test Driver,Street,Lateral oscillation detected for a couple of seconds. The safety driver decided to take over. Cause:  Lateral controller sensitivity to quick path change commands or localization errors causing oscillation.  
Ridecell Inc,AVT062,10/14/2020,3FA6P0RU5JR110979,No,Yes,Test Driver,Street,"AV at a busy 4-way stop sign intersection. The current AV version takes a cautious stop-creep action at a stop sign junction, which is slower than a typical human driver. Safety driver took over to avoid any inconvenience to other vehicles. "
Ridecell Inc,AVT062,10/14/2020,3FA6P0RU5JR110979,No,Yes,Test Driver,Street,"AV falsely detects a pedestrian yield sign as a pedestrian, causing the AV to come to a stop. Safety driver initiates take over to maintain smooth traffic flow."
Ridecell Inc,AVT062,10/14/2020,3FA6P0RU5JR110979,No,Yes,Test Driver,Street,"AV at a stop sign intersection with one other trailing vehicle. The current AV version takes a cautious stop-creep action at a stop sign junction, which is  slower & conservative than a typical human driver. Safety driver took over to avoid any inconvenience to the other vehicle"
Ridecell Inc,AVT062,10/14/2020,3FA6P0RU5JR110979,No,Yes,Test Driver,Street,"AV at a stop sign intersection with one other trailing vehicle. The current AV version takes a cautious stop-creep action at a stop sign junction, which is  slower & conservative than a typical human driver. Safety driver took over to avoid any inconvenience to the other vehicle"
Ridecell Inc,AVT062,10/14/2020,3FA6P0RU5JR110979,No,Yes,Test Driver,Street,"AV at a stop sign intersection with one other trailing vehicle. The current AV version takes a cautious stop-creep action at a stop sign junction, which is  slower & conservative than a typical human driver. Safety driver took over to avoid any inconvenience to the other vehicle"
Ridecell Inc,AVT062,10/14/2020,3FA6P0RU5JR110979,No,Yes,Test Driver,Street,Lateral oscillation detected for a couple of seconds. The safety driver decided to take over. Cause:  Lateral controller sensitivity to quick path change commands or localization errors causing oscillation.  
Ridecell Inc,AVT062,10/14/2020,3FA6P0RU5JR110979,No,Yes,Test Driver,Street,Lateral oscillation detected for a couple of seconds. The safety driver decided to take over. Cause:  Lateral controller sensitivity to quick path change commands or localization errors causing oscillation.  
Ridecell Inc,AVT062,10/15/2020,3FA6P0RU5JR110979,No,Yes,Test Driver,Street,"AV at a 4-way stop sign intersection with other vehicles. The current AV version takes a cautious stop-creep action at a stop sign junction, which is slower than a typical human driver. Safety driver took over to avoid any inconvenience to other vehicles. "
Ridecell Inc,AVT062,10/15/2020,3FA6P0RU5JR110979,No,Yes,Test Driver,Street,"AV at a 4-way stop sign intersection with other vehicles. The current AV version takes a cautious stop-creep action at a stop sign junction, which is slower than a typical human driver. Safety driver took over to avoid any inconvenience to other vehicles. "
Ridecell Inc,AVT062,10/15/2020,3FA6P0RU5JR110979,No,Yes,Test Driver,Street,"AV falsely detects a pedestrian yield sign as a pedestrian, causing the AV to come to a stop. Safety driver initiates take over to maintain smooth traffic flow."
Ridecell Inc,AVT062,10/16/2020,3FA6P0RU5JR110979,No,Yes,Test Driver,Street,"AV at a stop sign intersection with one other trailing vehicle. The current AV version takes a cautious stop-creep action at a stop sign junction, which is  slower & conservative than a typical human driver. Safety driver took over to avoid any inconvenience to the other vehicle"
Ridecell Inc,AVT062,10/16/2020,3FA6P0RU5JR110979,No,Yes,Test Driver,Street,"AV falsely detects a pedestrian yield sign as a pedestrian, causing the AV to come to a stop. Safety driver initiates take over to maintain smooth traffic flow."
Ridecell Inc,AVT062,10/16/2020,3FA6P0RU5JR110979,No,Yes,Test Driver,Street,"AV at a stop sign intersection with one other trailing vehicle. The current AV version takes a cautious stop-creep action at a stop sign junction, which is  slower & conservative than a typical human driver. Safety driver took over to avoid any inconvenience to the other vehicle"
Ridecell Inc,AVT062,10/16/2020,3FA6P0RU5JR110979,No,Yes,Test Driver,Street,"AV at a stop sign intersection with one other trailing vehicle. The current AV version takes a cautious stop-creep action at a stop sign junction, which is  slower & conservative than a typical human driver. Safety driver took over to avoid any inconvenience to the other vehicle"
Ridecell Inc,AVT062,10/16/2020,3FA6P0RU5JR110979,No,Yes,Test Driver,Street,"AV falsely detects a pedestrian yield sign as a pedestrian, causing the AV to come to a stop. Safety driver initiates take over to maintain smooth traffic flow."
Ridecell Inc,AVT062,10/16/2020,3FA6P0RU5JR110979,No,Yes,Test Driver,Street,"AV at a stop sign intersection with one other trailing vehicle. The current AV version takes a cautious stop-creep action at a stop sign junction, which is  slower & conservative than a typical human driver. Safety driver took over to avoid any inconvenience to the other vehicle"
Ridecell Inc,AVT062,10/16/2020,3FA6P0RU5JR110979,No,Yes,Test Driver,Street,"AV at a stop sign intersection with one other trailing vehicle. The current AV version takes a cautious stop-creep action at a stop sign junction, which is  slower & conservative than a typical human driver. Safety driver took over to avoid any inconvenience to the other vehicle"
Ridecell Inc,AVT062,10/19/2020,3FA6P0RU5JR110979,No,Yes,Test Driver,Street,"AV at a stop sign intersection with two  other trailing vehicles. The current AV version takes a cautious stop-creep action at a stop sign junction, which is  slower & conservative than a typical human driver. Safety driver took over to avoid any inconvenience to the other vehicles"
Ridecell Inc,AVT062,10/19/2020,3FA6P0RU5JR110979,No,Yes,Test Driver,Street,"AV falsely detects a pedestrian yield sign as a pedestrian, causing the AV to come to a stop. Safety driver initiates take over to maintain smooth traffic flow."
Ridecell Inc,AVT062,10/19/2020,3FA6P0RU5JR110979,No,Yes,Test Driver,Street,"AV falsely detects a pedestrian yield sign as a pedestrian, causing the AV to come to a stop. Safety driver initiates take over to maintain smooth traffic flow."
Ridecell Inc,AVT062,10/19/2020,3FA6P0RU5JR110979,No,Yes,Test Driver,Street,"AV at a stop sign intersection with one other trailing vehicle. The current AV version takes a cautious stop-creep action at a stop sign junction, which is  slower & conservative than a typical human driver. Safety driver took over to avoid any inconvenience to the other vehicle"
Ridecell Inc,AVT062,10/19/2020,3FA6P0RU5JR110979,No,Yes,Test Driver,Street,"AV falsely detects a pedestrian yield sign as a pedestrian, causing the AV to come to a stop. Safety driver initiates take over to maintain smooth traffic flow."
Ridecell Inc,AVT062,10/19/2020,3FA6P0RU5JR110979,No,Yes,Test Driver,Street,"AV at a stop sign intersection with one other trailing vehicle. The current AV version takes a cautious stop-creep action at a stop sign junction, which is  slower & conservative than a typical human driver. Safety driver took over to avoid any inconvenience to the other vehicle"
Ridecell Inc,AVT062,10/19/2020,3FA6P0RU5JR110979,No,Yes,Test Driver,Street,"AV at a stop sign intersection with one other trailing vehicle. The current AV version takes a cautious stop-creep action at a stop sign junction, which is  slower & conservative than a typical human driver. Safety driver took over to avoid any inconvenience to the other vehicle"
Ridecell Inc,AVT062,10/19/2020,3FA6P0RU5JR110979,No,Yes,Test Driver,Street,"AV falsely detects a pedestrian yield sign as a pedestrian, causing the AV to come to a stop. Safety driver initiates take over to maintain smooth traffic flow."
Ridecell Inc,AVT062,10/19/2020,3FA6P0RU5JR110979,No,Yes,Test Driver,Street,"AV at a stop sign intersection with one other trailing vehicle. The current AV version takes a cautious stop-creep action at a stop sign junction, which is  slower & conservative than a typical human driver. Safety driver took over to avoid any inconvenience to the other vehicle"
Ridecell Inc,AVT062,10/19/2020,3FA6P0RU5JR110979,No,Yes,Test Driver,Street,"AV at a stop sign intersection with one other trailing vehicle. The current AV version takes a cautious stop-creep action at a stop sign junction, which is  slower & conservative than a typical human driver. Safety driver took over to avoid any inconvenience to the other vehicle"
Ridecell Inc,AVT062,10/19/2020,3FA6P0RU5JR110979,No,Yes,Test Driver,Street,"AV at a stop sign intersection with one other trailing vehicle. The current AV version takes a cautious stop-creep action at a stop sign junction, which is  slower & conservative than a typical human driver. Safety driver took over to avoid any inconvenience to the other vehicle"
Ridecell Inc,AVT062,10/19/2020,3FA6P0RU5JR110979,No,Yes,Test Driver,Street,"AV falsely detects a pedestrian yield sign as a pedestrian, causing the AV to come to a stop. Safety driver initiates take over to maintain smooth traffic flow."
Ridecell Inc,AVT062,10/19/2020,3FA6P0RU5JR110979,No,Yes,Test Driver,Street,"AV falsely detects a pedestrian yield sign as a pedestrian, causing the AV to come to a stop. Safety driver initiates take over to maintain smooth traffic flow."
Ridecell Inc,AVT062,10/19/2020,3FA6P0RU5JR110979,No,Yes,Test Driver,Street,"AV at a stop sign intersection with one other trailing vehicle. The current AV version takes a cautious stop-creep action at a stop sign junction, which is  slower & conservative than a typical human driver. Safety driver took over to avoid any inconvenience to the other vehicle"
"SF Motors, Inc.",AVT049,12/2/2019,3LN6L5LU4JR627181,No,Yes,Test Driver,Street,Localization Issue: Failed to stop within a certain distance of stop line at traffic light
"SF Motors, Inc.",AVT049,12/2/2019,3LN6L5LU4JR627181,No,Yes,Test Driver,Street,Localization Issue: Failed to stop within a certain distance of stop line at traffic light
"SF Motors, Inc.",AVT049,12/2/2019,3LN6L5LU4JR627181,No,Yes,Test Driver,Street,Localization Issue: Failed to stop within a certain distance of stop line at traffic light
"SF Motors, Inc.",AVT049,12/2/2019,3LN6L5LU4JR627181,No,Yes,Test Driver,Street,Localization Issue: Failed to stop within a certain distance of stop line at traffic light
"SF Motors, Inc.",AVT049,12/2/2019,3LN6L5LU4JR627181,No,Yes,Test Driver,Street,Localization Issue: Failed to stop within a certain distance of stop line at traffic light
"SF Motors, Inc.",AVT049,12/6/2019,3LN6L5LU4JR627181,No,Yes,Test Driver,Street,Motion & Planning Issue: Planning node crashed on urban street
"SF Motors, Inc.",AVT049,12/6/2019,3LN6L5LU4JR627181,No,Yes,Test Driver,Highway,Hardware Issue: Wrong GPS state
"SF Motors, Inc.",AVT049,12/6/2019,3LN6L5LU4JR627181,No,Yes,Test Driver,Highway,Hardware Issue: Wrong GPS state
"SF Motors, Inc.",AVT049,12/6/2019,3LN6L5LU4JR627181,No,Yes,Test Driver,Street,Perception Issue: Vehicle too slow to start after the stop at traffic light
"SF Motors, Inc.",AVT049,12/13/2019,3LN6L5LU4JR627181,No,Yes,Test Driver,Highway,Safety precaution: Heavy traffic on highway entrance
"SF Motors, Inc.",AVT049,3/3/2020,3LN6L5MU5HR665513,No,Yes,Test Driver,Highway,Hardware Issue: Smart camera stop working
"SF Motors, Inc.",AVT049,3/3/2020,3LN6L5MU5HR665513,No,Yes,Test Driver,Highway,Safety precaution: vehicle merging
"SF Motors, Inc.",AVT049,3/10/2020,3LN6L5MU5HR665513,No,Yes,Test Driver,Highway,Safety precaution: Heavy traffic on highway entrance
"SF Motors, Inc.",AVT049,3/10/2020,3LN6L5MU5HR665513,No,Yes,Test Driver,Highway,Safety precaution: Heavy traffic to complete lane change
"SF Motors, Inc.",AVT049,3/10/2020,3LN6L5MU5HR665513,No,Yes,Test Driver,Highway,Safety precaution: Heavy traffic
"SF Motors, Inc.",AVT049,3/10/2020,3LN6L5MU5HR665513,No,Yes,Test Driver,Highway,Safety precaution: Heavy traffic on highway entrance
"SF Motors, Inc.",AVT049,7/13/2020,3LN6L5MU5HR665513,No,Yes,Test Driver,Street,Localization Issue: Wrong GPS state
"SF Motors, Inc.",AVT049,7/13/2020,3LN6L5MU5HR665513,No,Yes,Test Driver,Street,Localization Issue: Wrong GPS state
"SF Motors, Inc.",AVT049,7/13/2020,3LN6L5LU4JR627181,No,Yes,Test Driver,Street,Localization Issue: Wrong GPS state
"SF Motors, Inc.",AVT049,7/13/2020,3LN6L5LU4JR627181,No,Yes,Test Driver,Street,Localization Issue: Wrong GPS state
"SF Motors, Inc.",AVT049,7/13/2020,3LN6L5MU5HR665513,No,Yes,Test Driver,Street,Localization Issue: Wrong GPS state
"SF Motors, Inc.",AVT049,7/14/2020,3LN6L5MU5HR665513,No,Yes,Test Driver,Street,Localization Issue: Wrong GPS state
"SF Motors, Inc.",AVT049,7/14/2020,3LN6L5MU5HR665514,No,Yes,Test Driver,Street,Localization Issue: Wrong GPS state
"SF Motors, Inc.",AVT049,7/14/2020,3LN6L5MU5HR665515,No,Yes,Test Driver,Highway,Localization Issue: Wrong GPS state
"SF Motors, Inc.",AVT049,7/14/2020,3LN6L5MU5HR665516,No,Yes,Test Driver,Highway,Localization Issue: Vehicle drove too close to the right lane
"SF Motors, Inc.",AVT049,7/15/2020,3LN6L5LU4JR627181,No,Yes,Test Driver,Highway,Perception Issue: Smart camera lane detection offset too close to the left
"SF Motors, Inc.",AVT049,7/15/2020,3LN6L5LU4JR627181,No,Yes,Test Driver,Highway,Perception Issue: Smart camera lane detection offset too close to the left
"SF Motors, Inc.",AVT049,7/15/2020,3LN6L5LU4JR627181,No,Yes,Test Driver,Highway,Safety precaution: Vehicle merging
"SF Motors, Inc.",AVT049,7/15/2020,3LN6L5LU4JR627181,No,Yes,Test Driver,Highway,Safety precaution: Vehicle too close to the right lane
"SF Motors, Inc.",AVT049,10/8/2020,3LN6L5LU4JR627181,No,Yes,Test Driver,Street,Hardware Issue: Smart camera stop working
"SF Motors, Inc.",AVT049,10/8/2020,3LN6L5LU4JR627181,No,Yes,Test Driver,Street,Hardware Issue: Smart camera stop working
"SF Motors, Inc.",AVT049,10/8/2020,3LN6L5LU4JR627181,No,Yes,Test Driver,Street,Perception Issue: Smart camera lane detection offset too close to the left
"SF Motors, Inc.",AVT049,10/10/2020,3LN6L5LU4JR627181,No,Yes,Test Driver,Street,Safety precaution: DBW beeping noise
"SF Motors, Inc.",AVT049,10/10/2020,3LN6L5LU4JR627181,No,Yes,Test Driver,Street,Safety precaution: Smart camera output problem from visualizer
"SF Motors, Inc.",AVT049,10/10/2020,3LN6L5LU4JR627181,No,Yes,Test Driver,Street,Safety precaution: Smart camera output problem from visualizer
"SF Motors, Inc.",AVT049,10/12/2020,3LN6L5LU4JR627181,No,Yes,Test Driver,Street,Safety precaution: Smart camera output problem from visualizer
"SF Motors, Inc.",AVT049,10/12/2020,3LN6L5LU4JR627181,No,Yes,Test Driver,Street,Motion & Planning Issue: wrong trajectory at the curve from visualizer with a new module
"SF Motors, Inc.",AVT049,10/12/2020,3LN6L5LU4JR627181,No,Yes,Test Driver,Street,Motion & Planning Issue: wrong trajectory at the curve from visualizer with a new module
"SF Motors, Inc.",AVT049,10/12/2020,3LN6L5LU4JR627181,No,Yes,Test Driver,Street,Motion & Planning Issue: Smart camera output problem from visualizer
"SF Motors, Inc.",AVT049,10/13/2020,3LN6L5LU4JR627181,No,Yes,Test Driver,Street,Localization Issue: Wrong GPS state
"SF Motors, Inc.",AVT049,10/20/2020,3LN6L5LU4JR627181,No,Yes,Test Driver,Highway,Motion & Planning Issue: Wrong trajectory at highway exit
"SF Motors, Inc.",AVT049,10/20/2020,3LN6L5LU4JR627181,No,Yes,Test Driver,Highway,Motion & Planning Issue: Wrong trajectory at highway exit
"SF Motors, Inc.",AVT049,10/20/2020,3LN6L5LU4JR627181,No,Yes,Test Driver,Highway,Motion & Planning Issue: Wrong trajectory at highway exit
"SF Motors, Inc.",AVT049,10/20/2020,3LN6L5LU4JR627181,No,Yes,Test Driver,Highway,Motion & Planning Issue: Wrong trajectory at highway exit
"SF Motors, Inc.",AVT049,10/20/2020,3LN6L5LU4JR627181,No,Yes,Test Driver,Highway,Motion & Planning Issue: Wrong trajectory at highway exit
"SF Motors, Inc.",AVT049,10/24/2020,3LN6L5LU4JR627181,No,Yes,Test Driver,Highway,Motion & Planning Issue: Wrong trajectory at highway exit
"SF Motors, Inc.",AVT049,10/24/2020,3LN6L5LU4JR627181,No,Yes,Test Driver,Highway,Motion & Planning Issue: Wrong trajectory at highway exit
"SF Motors, Inc.",AVT049,10/25/2020,3LN6L5LU4JR627181,No,Yes,Test Driver,Highway,Motion & Planning Issue: Wrong trajectory at highway exit
"SF Motors, Inc.",AVT049,10/25/2020,3LN6L5LU4JR627181,No,Yes,Test Driver,Highway,Motion & Planning Issue: Wrong trajectory at highway exit
"SF Motors, Inc.",AVT049,11/1/2020,3LN6L5LU4JR627181,No,Yes,Test Driver,Highway,Motion & Planning Issue: Wrong trajectory at highway exit
"SF Motors, Inc.",AVT049,11/1/2020,3LN6L5LU4JR627181,No,Yes,Test Driver,Highway,Motion & Planning Issue: Wrong trajectory at highway exit
"SF Motors, Inc.",AVT049,11/1/2020,3LN6L5LU4JR627181,No,Yes,Test Driver,Highway,Motion & Planning Issue: Wrong trajectory at highway exit
"SF Motors, Inc.",AVT049,11/1/2020,3LN6L5LU4JR627181,No,Yes,Test Driver,Highway,Motion & Planning Issue: Wrong trajectory at highway exit
"SF Motors, Inc.",AVT049,11/1/2020,3LN6L5LU4JR627181,No,Yes,Test Driver,Highway,Motion & Planning Issue: Wrong trajectory at highway exit
"SF Motors, Inc.",AVT049,11/1/2020,3LN6L5LU4JR627181,No,Yes,Test Driver,Highway,Motion & Planning Issue: Wrong trajectory at highway exit
"SF Motors, Inc.",AVT049,11/1/2020,3LN6L5LU4JR627181,No,Yes,Test Driver,Highway,Motion & Planning Issue: Wrong trajectory at highway exit
"SF Motors, Inc.",AVT049,11/1/2020,3LN6L5LU4JR627181,No,Yes,Test Driver,Highway,Motion & Planning Issue: Wrong trajectory at highway exit
"SF Motors, Inc.",AVT049,11/1/2020,3LN6L5LU4JR627181,No,Yes,Test Driver,Highway,Motion & Planning Issue: Wrong trajectory at highway exit
"SF Motors, Inc.",AVT049,11/1/2020,3LN6L5LU4JR627181,No,Yes,Test Driver,Highway,Motion & Planning Issue: Wrong trajectory at highway exit
"SF Motors, Inc.",AVT049,11/2/2020,3LN6L5LU4JR627181,No,Yes,Test Driver,Highway,Motion & Planning Issue: Wrong trajectory at highway exit
"SF Motors, Inc.",AVT049,11/2/2020,3LN6L5LU4JR627181,No,Yes,Test Driver,Highway,Motion & Planning Issue: Wrong trajectory at highway exit
"Telenav, Inc.",AVT019,1/8/2020,3LN6L2LU7GR627456,Yes,Yes,Test Driver,Parking facility,"The car was performing a parking maneuver, when the driver had to take control, because the side wall was within 0.4 meters from the car. This event was caused by the error in object detection by ultrasonic sensor."
"Telenav, Inc.",AVT019,2/18/2020,3LN6L2LU7GR627456,Yes,Yes,Test Driver,Parking facility,"The car was performing a parking maneuver, when the driver had to take control, because the back wall was within 1.5 meter from the car rear bumper. This event was caused by the error in object detection by rear ultrasonic sensor."
Toyota Research Institute,AVT050,12/2/2019 11:39,JTHDU1EF3G5020098,No,Yes,Test Driver,street,Safety Driver disengaged due to inappropriate braking proposal.
Toyota Research Institute,AVT050,12/2/2019 11:50,JTHDU1EF3G5020098,No,Yes,Test Driver,street,Safety Driver disengaged due to inappropriate braking proposal.
Toyota Research Institute,AVT050,12/2/2019 11:53,JTHDU1EF3G5020098,No,Yes,Test Driver,street,Safety Driver disengaged to ensure proper behavior at traffic light.
Toyota Research Institute,AVT050,12/2/2019 11:56,JTHDU1EF3G5020098,No,Yes,Test Driver,street,Safety Driver disengaged to ensure proper behavior at traffic light.
Toyota Research Institute,AVT050,12/2/2019 11:58,JTHDU1EF3G5020098,No,Yes,Test Driver,street,"Safety Driver disengaged due to inappropriate braking, caused by perception issue."
Toyota Research Institute,AVT050,12/2/2019 12:21,JTHDU1EF3G5020098,No,Yes,Test Driver,street,"Safety Driver disengaged due to inappropriate braking, caused by perception issue."
Toyota Research Institute,AVT050,12/2/2019 12:27,JTHDU1EF3G5020098,No,Yes,Test Driver,street,"Safety Driver disengaged due to inappropriate braking, caused by perception issue."
Toyota Research Institute,AVT050,12/2/2019 12:28,JTHDU1EF3G5020098,No,Yes,Test Driver,street,Safety Driver disengaged to ensure proper behavior at traffic light.
Toyota Research Institute,AVT050,12/2/2019 12:31,JTHDU1EF3G5020098,No,Yes,Test Driver,street,Safety Driver disengaged to ensure proper behavior at traffic light.
Toyota Research Institute,AVT050,12/2/2019 12:32,JTHDU1EF3G5020098,No,Yes,Test Driver,street,"Safety Driver disengaged due to inappropriate braking, caused by perception issue."
Toyota Research Institute,AVT050,12/2/2019 12:50,JTHDU1EF3G5020098,No,Yes,Test Driver,street,"Safety Driver disengaged due to inappropriate braking, caused by perception issue."
Toyota Research Institute,AVT050,12/2/2019 12:51,JTHDU1EF3G5020098,No,Yes,Test Driver,street,Safety Driver disengaged to ensure proper behavior at traffic light.
Toyota Research Institute,AVT050,12/2/2019 12:53,JTHDU1EF3G5020098,No,Yes,Test Driver,street,Safety Driver disengaged due to inappropriate braking proposal.
Toyota Research Institute,AVT050,12/2/2019 12:55,JTHDU1EF3G5020098,No,Yes,Test Driver,street,Safety Driver disengaged to ensure proper behavior at traffic light.
Toyota Research Institute,AVT050,12/2/2019 13:14,JTHDU1EF3G5020098,No,Yes,Test Driver,street,Safety Driver disengaged to ensure proper behavior at traffic light.
Toyota Research Institute,AVT050,12/2/2019 13:16,JTHDU1EF3G5020098,No,Yes,Test Driver,street,Safety Driver disengaged to ensure proper behavior at traffic light.
Toyota Research Institute,AVT050,12/2/2019 13:18,JTHDU1EF3G5020098,No,Yes,Test Driver,street,"Safety Driver disengaged due to inappropriate braking, caused by perception issue."
Toyota Research Institute,AVT050,12/2/2019 13:19,JTHDU1EF6G5020094,No,Yes,Test Driver,street,Safety Driver disengaged to ensure proper behavior at traffic light.
Toyota Research Institute,AVT050,12/2/2019 13:22,JTHDU1EF6G5020094,No,Yes,Test Driver,street,"Safety Driver disengaged due to inappropriate braking, caused by perception issue."
Toyota Research Institute,AVT050,12/2/2019 13:24,JTHDU1EF3G5020098,No,Yes,Test Driver,street,Safety Driver disengaged due to inappropriate braking proposal.
Toyota Research Institute,AVT050,12/2/2019 13:27,JTHDU1EF3G5020098,No,Yes,Test Driver,street,Safety Driver disengaged to ensure proper behavior at traffic light.
Toyota Research Institute,AVT050,12/2/2019 13:34,JTHDU1EF6G5020094,No,Yes,Test Driver,street,Safety Driver disengaged to ensure proper behavior at traffic light.
Toyota Research Institute,AVT050,12/2/2019 13:39,JTHDU1EF6G5020094,No,Yes,Test Driver,street,Safety Driver disengaged to ensure proper behavior at traffic light.
Toyota Research Institute,AVT050,12/2/2019 13:42,JTHDU1EF3G5020098,No,Yes,Test Driver,street,Safety Driver disengaged due to issue with lane change maneuver.
Toyota Research Institute,AVT050,12/2/2019 13:42,JTHDU1EF6G5020094,No,Yes,Test Driver,street,Safety Driver disengaged to ensure proper behavior at traffic light.
Toyota Research Institute,AVT050,12/2/2019 13:47,JTHDU1EF6G5020094,No,Yes,Test Driver,street,Safety Driver disengaged due to inappropriate steering.
Toyota Research Institute,AVT050,12/2/2019 13:49,JTHDU1EF3G5020098,No,Yes,Test Driver,street,Safety Driver disengaged to ensure proper behavior at traffic light.
Toyota Research Institute,AVT050,12/2/2019 14:18,JTHDU1EF6G5020094,No,Yes,Test Driver,street,Safety Driver disengaged to ensure proper behavior at traffic light.
Toyota Research Institute,AVT050,12/2/2019 14:21,JTHDU1EF3G5020098,No,Yes,Test Driver,street,Safety Driver disengaged to ensure proper behavior at traffic light.
Toyota Research Institute,AVT050,12/2/2019 14:22,JTHDU1EF6G5020094,No,Yes,Test Driver,street,Safety Driver disengaged to ensure proper behavior at traffic light.
Toyota Research Institute,AVT050,12/2/2019 14:26,JTHDU1EF6G5020094,No,Yes,Test Driver,street,Safety Driver disengaged due to inappropriate steering.
Toyota Research Institute,AVT050,12/2/2019 14:27,JTHDU1EF6G5020094,No,Yes,Test Driver,street,Safety Driver disengaged due to issue with lane change maneuver.
Toyota Research Institute,AVT050,12/2/2019 14:29,JTHDU1EF6G5020094,No,Yes,Test Driver,street,Safety Driver disengaged to ensure proper behavior at traffic light.
Toyota Research Institute,AVT050,12/2/2019 17:29,JTHDU1EF6G5020094,No,Yes,Test Driver,street,Safety Driver disengaged due to inappropriate braking proposal.
Toyota Research Institute,AVT050,12/2/2019 17:33,JTHDU1EF6G5020094,No,Yes,Test Driver,street,Safety Driver disengaged to ensure proper behavior at traffic light.
Toyota Research Institute,AVT050,12/2/2019 17:46,JTHDU1EF6G5020094,No,Yes,Test Driver,street,Safety Driver disengaged due to inappropriate braking proposal.
Toyota Research Institute,AVT050,12/2/2019 17:52,JTHDU1EF6G5020094,No,Yes,Test Driver,street,Safety Driver disengaged due to inappropriate braking proposal.
Toyota Research Institute,AVT050,12/2/2019 17:57,JTHDU1EF6G5020094,No,Yes,Test Driver,street,Safety Driver disengaged to ensure proper behavior at traffic light.
Toyota Research Institute,AVT050,12/3/2019 11:07,JTHDU1EF3G5020098,No,Yes,Test Driver,street,Safety Driver disengaged due to inappropriate braking proposal.
Toyota Research Institute,AVT050,12/3/2019 11:37,JTHDU1EF3G5020098,No,Yes,Test Driver,street,Safety Driver disengaged due to inappropriate braking proposal.
Toyota Research Institute,AVT050,12/3/2019 11:46,JTHDU1EF0G5020124,No,Yes,Test Driver,street,Safety Driver disengaged to ensure proper behavior at traffic light.
Toyota Research Institute,AVT050,12/3/2019 12:08,JTHDU1EF3G5020098,No,Yes,Test Driver,street,Safety Driver disengaged due to inappropriate braking proposal.
Toyota Research Institute,AVT050,12/3/2019 12:09,JTHDU1EF3G5020098,No,Yes,Test Driver,street,Safety Driver disengaged due to inappropriate braking proposal.
Toyota Research Institute,AVT050,12/3/2019 12:09,JTHDU1EF3G5020098,No,Yes,Test Driver,street,Safety Driver disengaged due to inappropriate braking proposal.
Toyota Research Institute,AVT050,12/3/2019 12:10,JTHDU1EF3G5020098,No,Yes,Test Driver,street,"Safety Driver disengaged due to inappropriate braking, caused by perception issue."
Toyota Research Institute,AVT050,12/3/2019 13:17,JTHDU1EF3G5020098,No,Yes,Test Driver,street,"Safety Driver disengaged due to inappropriate braking, caused by perception issue."
Toyota Research Institute,AVT050,12/3/2019 13:24,JTHDU1EF3G5020098,No,Yes,Test Driver,street,Safety Driver disengaged due to inappropriate braking proposal.
Toyota Research Institute,AVT050,12/3/2019 14:08,JTHDU1EF3G5020098,No,Yes,Test Driver,street,Safety Driver disengaged due to inappropriate braking proposal.
Toyota Research Institute,AVT050,12/3/2019 16:21,JTHDU1EF0G5020124,No,Yes,Test Driver,street,Safety Driver disengaged due to inappropriate braking proposal.
Toyota Research Institute,AVT050,12/3/2019 16:49,JTHDU1EF0G5020124,No,Yes,Test Driver,street,Safety Driver disengaged due to inappropriate braking proposal.
Toyota Research Institute,AVT050,12/3/2019 17:20,JTHDU1EF6G5020094,No,Yes,Test Driver,street,Safety Driver disengaged to ensure proper behavior at traffic light.
Toyota Research Institute,AVT050,12/3/2019 17:39,JTHDU1EF6G5020094,No,Yes,Test Driver,street,Safety Driver disengaged to ensure proper behavior at traffic light.
Toyota Research Institute,AVT050,12/3/2019 17:43,JTHDU1EF6G5020094,No,Yes,Test Driver,street,Safety Driver disengaged to ensure proper behavior at traffic light.
Toyota Research Institute,AVT050,12/3/2019 17:55,JTHDU1EF3G5020098,No,Yes,Test Driver,street,Safety Driver disengaged due to inappropriate braking proposal.
Toyota Research Institute,AVT050,12/3/2019 18:07,JTHDU1EF3G5020098,No,Yes,Test Driver,street,Safety Driver disengaged due to inappropriate braking proposal.
Toyota Research Institute,AVT050,12/4/2019 11:03,JTHDU1EF3G5020098,No,Yes,Test Driver,street,"Safety Driver disengaged due to inappropriate braking, caused by perception issue."
Toyota Research Institute,AVT050,12/4/2019 12:10,JTHDU1EF3G5020098,No,Yes,Test Driver,street,"Safety Driver disengaged due to inappropriate braking, caused by perception issue."
Toyota Research Institute,AVT050,12/4/2019 13:28,JTHDU1EF0G5020124,No,Yes,Test Driver,street,Safety Driver disengaged due to inappropriate braking proposal.
Toyota Research Institute,AVT050,12/4/2019 13:34,JTHDU1EF0G5020124,No,Yes,Test Driver,street,Safety Driver disengaged upon judging that vehicle was too close to road boundary.
Toyota Research Institute,AVT050,12/4/2019 13:55,JTHDU1EF0G5020124,No,Yes,Test Driver,street,Safety Driver disengaged due to inappropriate braking proposal.
Toyota Research Institute,AVT050,12/4/2019 14:12,JTHDU1EF0G5020124,No,Yes,Test Driver,street,Safety Driver disengaged due to inappropriate braking proposal.
Toyota Research Institute,AVT050,12/4/2019 14:26,JTHDU1EF3G5020098,No,Yes,Test Driver,street,Safety Driver disengaged near crosswalk due to overly conservative vehicle behavior.
Toyota Research Institute,AVT050,12/4/2019 14:26,JTHDU1EF0G5020124,No,Yes,Test Driver,street,Safety Driver disengaged to ensure proper behavior at traffic light.
Toyota Research Institute,AVT050,12/4/2019 14:34,JTHDU1EF3G5020098,No,Yes,Test Driver,street,"Safety Driver disengaged due to inappropriate braking, caused by perception issue."
Toyota Research Institute,AVT050,12/4/2019 14:35,JTHDU1EF0G5020124,No,Yes,Test Driver,street,Safety Driver disengaged due to inappropriate braking proposal.
Toyota Research Institute,AVT050,12/4/2019 14:36,JTHDU1EF3G5020098,No,Yes,Test Driver,street,Safety Driver disengaged to ensure proper behavior at traffic light.
Toyota Research Institute,AVT050,12/4/2019 14:40,JTHDU1EF0G5020124,No,Yes,Test Driver,street,Safety Driver disengaged to ensure proper behavior at traffic light.
Toyota Research Institute,AVT050,12/4/2019 14:51,JTHDU1EF0G5020124,No,Yes,Test Driver,street,Safety Driver disengaged due to inappropriate braking proposal.
Toyota Research Institute,AVT050,12/4/2019 14:57,JTHDU1EF0G5020124,No,Yes,Test Driver,street,Safety Driver disengaged to ensure proper behavior at traffic light.
Toyota Research Institute,AVT050,12/4/2019 14:58,JTHDU1EF0G5020124,No,Yes,Test Driver,street,Safety Driver disengaged to ensure proper behavior at traffic light.
Toyota Research Institute,AVT050,12/4/2019 14:59,JTHDU1EF0G5020124,No,Yes,Test Driver,street,"Safety Driver disengaged due to inappropriate braking, caused by perception issue."
Toyota Research Institute,AVT050,12/4/2019 15:00,JTHDU1EF3G5020098,No,Yes,Test Driver,street,Safety Driver disengaged to ensure proper behavior at traffic light.
Toyota Research Institute,AVT050,12/4/2019 15:02,JTHDU1EF3G5020098,No,Yes,Test Driver,street,Safety Driver disengaged due to issue with lane change maneuver.
Toyota Research Institute,AVT050,12/4/2019 17:15,JTHDU1EF0G5020124,No,Yes,Test Driver,street,Safety Driver disengaged due to inappropriate braking proposal.
Toyota Research Institute,AVT050,12/4/2019 17:16,JTHDU1EF0G5020124,No,Yes,Test Driver,street,Safety Driver disengaged due to inappropriate braking proposal.
Toyota Research Institute,AVT050,12/4/2019 17:26,JTHDU1EF0G5020124,No,Yes,Test Driver,street,Safety Driver disengaged upon judging that vehicle was too close to road boundary.
Toyota Research Institute,AVT050,12/4/2019 17:31,JTHDU1EF0G5020124,No,Yes,Test Driver,street,Safety Driver disengaged to ensure proper behavior at traffic light.
Toyota Research Institute,AVT050,12/4/2019 17:39,JTHDU1EF0G5020124,No,Yes,Test Driver,street,Safety Driver disengaged due to issue with lane change maneuver.
Toyota Research Institute,AVT050,12/4/2019 18:05,JTHDU1EF0G5020124,No,Yes,Test Driver,street,Safety Driver disengaged due to inappropriate braking proposal.
Toyota Research Institute,AVT050,12/4/2019 18:12,JTHDU1EF0G5020124,No,Yes,Test Driver,street,Safety Driver disengaged due to inappropriate braking proposal.
Toyota Research Institute,AVT050,12/5/2019 12:10,JTHDU1EF0G5020124,No,Yes,Test Driver,street,Safety Driver disengaged due to issue with lane change maneuver.
Toyota Research Institute,AVT050,12/5/2019 12:17,JTHDU1EF0G5020124,No,Yes,Test Driver,street,Safety Driver disengaged due to inappropriate braking proposal.
Toyota Research Institute,AVT050,12/5/2019 12:20,JTHDU1EF0G5020124,No,Yes,Test Driver,street,Safety Driver disengaged upon judging that vehicle was too close to road boundary.
Toyota Research Institute,AVT050,12/5/2019 12:25,JTHDU1EF0G5020124,No,Yes,Test Driver,street,Safety Driver disengaged upon judging that vehicle was too close to road boundary.
Toyota Research Institute,AVT050,12/5/2019 12:28,JTHDU1EF0G5020124,No,Yes,Test Driver,street,Safety Driver disengaged due to inappropriate braking proposal.
Toyota Research Institute,AVT050,12/5/2019 13:37,JTHDU1EF6G5020094,No,Yes,Test Driver,street,Safety Driver disengaged to ensure proper behavior at traffic light.
Toyota Research Institute,AVT050,12/5/2019 13:47,JTHDU1EF3G5020098,No,Yes,Test Driver,street,Safety Driver disengaged due to inappropriate braking proposal.
Toyota Research Institute,AVT050,12/5/2019 13:57,JTHDU1EF6G5020094,No,Yes,Test Driver,street,Safety Driver disengaged to ensure proper behavior at traffic light.
Toyota Research Institute,AVT050,12/5/2019 13:58,JTHDU1EF3G5020098,No,Yes,Test Driver,street,Safety Driver disengaged due to inappropriate braking proposal.
Toyota Research Institute,AVT050,12/5/2019 14:00,JTHDU1EF3G5020098,No,Yes,Test Driver,street,Safety Driver disengaged to ensure proper behavior at traffic light.
Toyota Research Institute,AVT050,12/5/2019 14:01,JTHDU1EF6G5020094,No,Yes,Test Driver,street,Safety Driver disengaged to ensure proper behavior at traffic light.
Toyota Research Institute,AVT050,12/5/2019 14:04,JTHDU1EF3G5020098,No,Yes,Test Driver,street,Safety Driver disengaged due to inappropriate steering.
Toyota Research Institute,AVT050,12/5/2019 14:17,JTHDU1EF3G5020098,No,Yes,Test Driver,street,Safety Driver disengaged due to inappropriate braking proposal.
Toyota Research Institute,AVT050,12/6/2019 11:18,JTHDU1EF0G5020124,No,Yes,Test Driver,street,Safety Driver disengaged due to inappropriate braking proposal.
Toyota Research Institute,AVT050,12/6/2019 11:47,JTHDU1EF0G5020124,No,Yes,Test Driver,street,Safety Driver disengaged to ensure proper behavior at traffic light.
Toyota Research Institute,AVT050,12/6/2019 12:39,JTHDU1EF0G5020124,No,Yes,Test Driver,street,Safety Driver disengaged due to inappropriate braking proposal.
Toyota Research Institute,AVT050,12/6/2019 12:51,JTHDU1EF0G5020124,No,Yes,Test Driver,street,Safety Driver disengaged due to inappropriate braking proposal.
Toyota Research Institute,AVT050,12/6/2019 12:52,JTHDU1EF0G5020124,No,Yes,Test Driver,street,Safety Driver disengaged to ensure proper behavior at traffic light.
Toyota Research Institute,AVT050,12/6/2019 13:16,JTHDU1EF0G5020124,No,Yes,Test Driver,street,Safety Driver disengaged to ensure proper behavior at traffic light.
Toyota Research Institute,AVT050,12/6/2019 15:11,JTHDU1EF6G5020094,No,Yes,Test Driver,street,Safety Driver disengaged due to inappropriate braking proposal.
Toyota Research Institute,AVT050,12/6/2019 15:35,JTHDU1EF6G5020094,No,Yes,Test Driver,street,Safety Driver disengaged due to inappropriate braking proposal.
Toyota Research Institute,AVT050,12/6/2019 16:51,JTHDU1EF0G5020124,No,Yes,Test Driver,street,Safety Driver disengaged to ensure proper behavior at traffic light.
Toyota Research Institute,AVT050,12/6/2019 18:08,JTHDU1EF0G5020124,No,Yes,Test Driver,street,Safety Driver disengaged to ensure proper behavior at traffic light.
Toyota Research Institute,AVT050,12/6/2019 18:09,JTHDU1EF0G5020124,No,Yes,Test Driver,street,Safety Driver disengaged due to inappropriate braking proposal.
Toyota Research Institute,AVT050,12/6/2019 18:11,JTHDU1EF6G5020094,No,Yes,Test Driver,street,Safety Driver disengaged due to inappropriate braking proposal.
Toyota Research Institute,AVT050,12/6/2019 18:12,JTHDU1EF6G5020094,No,Yes,Test Driver,street,Safety Driver disengaged upon judging that vehicle was too close to other road user or obstacle.
Toyota Research Institute,AVT050,12/6/2019 18:13,JTHDU1EF0G5020124,No,Yes,Test Driver,street,Safety Driver disengaged near crosswalk due to overly conservative vehicle behavior.
Toyota Research Institute,AVT050,12/6/2019 18:14,JTHDU1EF0G5020124,No,Yes,Test Driver,street,Safety Driver disengaged to ensure proper behavior at traffic light.
Toyota Research Institute,AVT050,12/6/2019 18:15,JTHDU1EF0G5020124,No,Yes,Test Driver,street,Safety Driver disengaged to ensure proper behavior at traffic light.
Toyota Research Institute,AVT050,12/6/2019 18:17,JTHDU1EF0G5020124,No,Yes,Test Driver,street,Safety Driver disengaged due to inappropriate braking proposal.
Toyota Research Institute,AVT050,12/6/2019 18:22,JTHDU1EF0G5020124,No,Yes,Test Driver,street,Safety Driver disengaged to ensure proper behavior at traffic light.
Toyota Research Institute,AVT050,12/7/2019 14:36,JTHDU1EF0G5020124,No,Yes,Test Driver,street,Safety Driver disengaged due to issue with lane change maneuver.
Toyota Research Institute,AVT050,12/7/2019 14:46,JTHDU1EF0G5020124,No,Yes,Test Driver,street,Safety Driver disengaged due to inappropriate braking proposal.
Toyota Research Institute,AVT050,12/7/2019 14:47,JTHDU1EF0G5020124,No,Yes,Test Driver,street,Safety Driver disengaged due to inappropriate steering.
Toyota Research Institute,AVT050,12/7/2019 14:48,JTHDU1EF0G5020124,No,Yes,Test Driver,street,Safety Driver disengaged to ensure proper behavior at traffic light.
Toyota Research Institute,AVT050,12/7/2019 15:03,JTHDU1EF0G5020124,No,Yes,Test Driver,street,Safety Driver disengaged due to inappropriate steering.
Toyota Research Institute,AVT050,12/7/2019 15:11,JTHDU1EF0G5020124,No,Yes,Test Driver,street,Safety Driver disengaged due to inappropriate steering.
Toyota Research Institute,AVT050,12/7/2019 15:20,JTHDU1EF0G5020124,No,Yes,Test Driver,street,Safety Driver disengaged due to inappropriate steering.
Toyota Research Institute,AVT050,12/7/2019 16:07,JTHDU1EF3G5020098,No,Yes,Test Driver,street,Safety Driver disengaged due to issue with lane change maneuver.
Toyota Research Institute,AVT050,12/7/2019 16:18,JTHDU1EF3G5020098,No,Yes,Test Driver,street,Safety Driver disengaged upon judging that vehicle was too close to road boundary.
Toyota Research Institute,AVT050,12/7/2019 16:20,JTHDU1EF3G5020098,No,Yes,Test Driver,street,Safety Driver disengaged due to inappropriate braking proposal.
Toyota Research Institute,AVT050,12/7/2019 16:24,JTHDU1EF3G5020098,No,Yes,Test Driver,street,Safety Driver disengaged due to inappropriate steering.
Toyota Research Institute,AVT050,12/9/2019 13:26,JTHDU1EF0G5020107,No,Yes,Test Driver,street,Safety Driver disengaged due to inappropriate braking proposal.
Toyota Research Institute,AVT050,12/9/2019 13:40,JTHDU1EF0G5020107,No,Yes,Test Driver,street,Safety Driver disengaged due to inappropriate braking proposal.
Toyota Research Institute,AVT050,12/9/2019 13:40,JTHDU1EF0G5020107,No,Yes,Test Driver,street,Safety Driver disengaged due to inappropriate braking proposal.
Toyota Research Institute,AVT050,12/9/2019 13:43,JTHDU1EF0G5020107,No,Yes,Test Driver,street,Safety Driver disengaged due to inappropriate braking proposal.
Toyota Research Institute,AVT050,12/9/2019 14:11,JTHDU1EF0G5020107,No,Yes,Test Driver,street,Safety Driver disengaged upon judging that vehicle was too close to other road user or obstacle.
Toyota Research Institute,AVT050,12/9/2019 14:16,JTHDU1EF0G5020107,No,Yes,Test Driver,street,Safety Driver disengaged due to inappropriate braking proposal.
Toyota Research Institute,AVT050,12/9/2019 14:31,JTHDU1EF0G5020107,No,Yes,Test Driver,street,"Safety Driver disengaged due to inappropriate braking, caused by perception issue."
Toyota Research Institute,AVT050,12/9/2019 14:34,JTHDU1EF0G5020107,No,Yes,Test Driver,street,Safety Driver disengaged due to inappropriate braking proposal.
Toyota Research Institute,AVT050,12/9/2019 14:46,JTHDU1EF0G5020107,No,Yes,Test Driver,street,Safety Driver disengaged due to inappropriate braking proposal.
Toyota Research Institute,AVT050,12/9/2019 16:38,JTHDU1EF0G5020107,No,Yes,Test Driver,street,Safety Driver disengaged due to inappropriate braking proposal.
Toyota Research Institute,AVT050,12/9/2019 16:56,JTHDU1EF0G5020107,No,Yes,Test Driver,street,Safety Driver disengaged due to inappropriate braking proposal.
Toyota Research Institute,AVT050,12/9/2019 17:04,JTHDU1EF0G5020107,No,Yes,Test Driver,street,Safety Driver disengaged due to inappropriate braking proposal.
Toyota Research Institute,AVT050,12/9/2019 17:34,JTHDU1EF0G5020107,No,Yes,Test Driver,street,Safety Driver disengaged due to inappropriate braking proposal.
Toyota Research Institute,AVT050,12/9/2019 17:35,JTHDU1EF0G5020107,No,Yes,Test Driver,street,Safety Driver disengaged due to inappropriate braking proposal.
Toyota Research Institute,AVT050,12/9/2019 17:55,JTHDU1EF0G5020107,No,Yes,Test Driver,street,Safety Driver disengaged due to inappropriate braking proposal.
Toyota Research Institute,AVT050,12/9/2019 18:09,JTHDU1EF0G5020107,No,Yes,Test Driver,street,Safety Driver disengaged due to inappropriate braking proposal.
Toyota Research Institute,AVT050,12/10/2019 13:13,JTHDU1EF3G5020098,No,Yes,Test Driver,street,Safety Driver disengaged due to inappropriate steering.
Toyota Research Institute,AVT050,12/10/2019 13:16,JTHDU1EF3G5020098,No,Yes,Test Driver,street,Safety Driver proactively disengaged upon recognizing that a planned maneuver or action did not conform to internal guidelines.
Toyota Research Institute,AVT050,12/10/2019 13:17,JTHDU1EF3G5020098,No,Yes,Test Driver,street,Safety Driver disengaged due to inappropriate braking proposal.
Toyota Research Institute,AVT050,12/10/2019 13:30,JTHDU1EF3G5020098,No,Yes,Test Driver,street,Safety Driver disengaged due to inappropriate braking proposal.
Toyota Research Institute,AVT050,12/10/2019 13:31,JTHDU1EF3G5020098,No,Yes,Test Driver,street,Safety Driver disengaged due to inappropriate braking proposal.
Toyota Research Institute,AVT050,12/10/2019 13:39,JTHDU1EF3G5020098,No,Yes,Test Driver,street,Safety Driver disengaged due to inappropriate braking proposal.
Toyota Research Institute,AVT050,12/10/2019 13:40,JTHDU1EF3G5020098,No,Yes,Test Driver,street,Safety Driver disengaged to ensure proper behavior at traffic light.
Toyota Research Institute,AVT050,12/10/2019 13:41,JTHDU1EF3G5020098,No,Yes,Test Driver,street,Safety Driver disengaged due to inappropriate braking proposal.
Toyota Research Institute,AVT050,12/10/2019 14:09,JTHDU1EF3G5020098,No,Yes,Test Driver,street,Safety Driver disengaged due to inappropriate braking proposal.
Toyota Research Institute,AVT050,12/10/2019 16:22,JTHDU1EF3G5020098,No,Yes,Test Driver,street,Safety Driver disengaged due to inappropriate braking proposal.
Toyota Research Institute,AVT050,12/10/2019 16:24,JTHDU1EF3G5020098,No,Yes,Test Driver,street,Safety Driver disengaged due to inappropriate braking proposal.
Toyota Research Institute,AVT050,12/10/2019 16:31,JTHDU1EF6G5020094,No,Yes,Test Driver,street,Safety Driver disengaged due to inappropriate braking proposal.
Toyota Research Institute,AVT050,12/10/2019 16:33,JTHDU1EF0G5020107,No,Yes,Test Driver,street,Safety Driver disengaged due to inappropriate braking proposal.
Toyota Research Institute,AVT050,12/10/2019 16:34,JTHDU1EF0G5020107,No,Yes,Test Driver,street,Safety Driver disengaged due to inappropriate steering.
Toyota Research Institute,AVT050,12/10/2019 16:43,JTHDU1EF0G5020107,No,Yes,Test Driver,street,Safety Driver disengaged due to inappropriate braking proposal.
Toyota Research Institute,AVT050,12/10/2019 16:45,JTHDU1EF3G5020098,No,Yes,Test Driver,street,Safety Driver disengaged due to inappropriate braking proposal.
Toyota Research Institute,AVT050,12/10/2019 16:55,JTHDU1EF3G5020098,No,Yes,Test Driver,street,Safety Driver disengaged due to inappropriate braking proposal.
Toyota Research Institute,AVT050,12/10/2019 16:56,JTHDU1EF0G5020107,No,Yes,Test Driver,street,Safety Driver disengaged due to inappropriate steering.
Toyota Research Institute,AVT050,12/10/2019 16:59,JTHDU1EF0G5020107,No,Yes,Test Driver,street,Safety Driver disengaged due to inappropriate steering.
Toyota Research Institute,AVT050,12/10/2019 17:21,JTHDU1EF3G5020098,No,Yes,Test Driver,street,Safety Driver disengaged due to inappropriate braking proposal.
Toyota Research Institute,AVT050,12/10/2019 17:22,JTHDU1EF3G5020098,No,Yes,Test Driver,street,Safety Driver disengaged due to inappropriate braking proposal.
Toyota Research Institute,AVT050,12/10/2019 17:38,JTHDU1EF0G5020107,No,Yes,Test Driver,street,Safety Driver disengaged due to inappropriate braking proposal.
Toyota Research Institute,AVT050,12/10/2019 17:39,JTHDU1EF0G5020107,No,Yes,Test Driver,street,Safety Driver disengaged due to inappropriate braking proposal.
Toyota Research Institute,AVT050,12/10/2019 18:29,JTHDU1EF0G5020107,No,Yes,Test Driver,street,Safety Driver disengaged due to inappropriate braking proposal.
Toyota Research Institute,AVT050,12/11/2019 12:01,JTHDU1EF0G5020107,No,Yes,Test Driver,street,Safety Driver disengaged due to inappropriate steering.
Toyota Research Institute,AVT050,12/11/2019 12:01,JTHDU1EF0G5020107,No,Yes,Test Driver,street,Safety Driver disengaged due to inappropriate braking proposal.
Toyota Research Institute,AVT050,12/11/2019 12:06,JTHDU1EF0G5020107,No,Yes,Test Driver,street,Safety Driver disengaged due to issue with lane change maneuver.
Toyota Research Institute,AVT050,12/11/2019 12:09,JTHDU1EF0G5020107,No,Yes,Test Driver,street,Safety Driver disengaged due to inappropriate braking proposal.
Toyota Research Institute,AVT050,12/11/2019 12:10,JTHDU1EF0G5020107,No,Yes,Test Driver,street,Safety Driver disengaged due to inappropriate steering.
Toyota Research Institute,AVT050,12/11/2019 16:49,JTHDU1EF0G5020107,No,Yes,Test Driver,street,"Safety Driver disengaged due to inappropriate braking, caused by perception issue."
Toyota Research Institute,AVT050,12/11/2019 17:11,JTHDU1EF0G5020107,No,Yes,Test Driver,street,"Safety Driver disengaged due to inappropriate braking, caused by perception issue."
Toyota Research Institute,AVT050,12/11/2019 17:13,JTHDU1EF0G5020107,No,Yes,Test Driver,street,"Safety Driver disengaged due to inappropriate braking, caused by perception issue."
Toyota Research Institute,AVT050,12/11/2019 17:14,JTHDU1EF0G5020107,No,Yes,Test Driver,street,Safety Driver disengaged due to inappropriate braking proposal.
Toyota Research Institute,AVT050,12/11/2019 17:15,JTHDU1EF0G5020107,No,Yes,Test Driver,street,"Safety Driver disengaged due to inappropriate braking, caused by perception issue."
Toyota Research Institute,AVT050,12/12/2019 13:38,JTHDU1EF0G5020107,No,Yes,Test Driver,street,Safety Driver disengaged due to inappropriate braking proposal.
Toyota Research Institute,AVT050,12/12/2019 13:48,JTHDU1EF0G5020107,No,Yes,Test Driver,street,Safety Driver disengaged due to inappropriate braking proposal.
Toyota Research Institute,AVT050,12/12/2019 14:17,JTHDU1EF3G5020098,No,Yes,Test Driver,street,Safety Driver disengaged to ensure proper behavior at traffic light.
Toyota Research Institute,AVT050,12/12/2019 14:29,JTHDU1EF3G5020098,No,Yes,Test Driver,street,Safety Driver disengaged due to inappropriate braking proposal.
Toyota Research Institute,AVT050,12/12/2019 14:30,JTHDU1EF3G5020098,No,Yes,Test Driver,street,Safety Driver disengaged due to inappropriate braking proposal.
Toyota Research Institute,AVT050,12/12/2019 14:37,JTHDU1EF3G5020098,No,Yes,Test Driver,street,Safety Driver disengaged due to inappropriate braking proposal.
Toyota Research Institute,AVT050,12/12/2019 14:37,JTHDU1EF3G5020098,No,Yes,Test Driver,street,Safety Driver disengaged due to inappropriate braking proposal.
Toyota Research Institute,AVT050,12/12/2019 14:38,JTHDU1EF6G5020094,No,Yes,Test Driver,street,"Safety Driver disengaged due to inappropriate braking, caused by perception issue."
Toyota Research Institute,AVT050,12/12/2019 14:49,JTHDU1EF6G5020094,No,Yes,Test Driver,street,"Safety Driver disengaged due to inappropriate braking, caused by perception issue."
Toyota Research Institute,AVT050,12/12/2019 15:19,JTHDU1EF0G5020107,No,Yes,Test Driver,street,"Safety Driver disengaged due to inappropriate braking, caused by perception issue."
Toyota Research Institute,AVT050,12/12/2019 15:30,JTHDU1EF0G5020107,No,Yes,Test Driver,street,Safety Driver disengaged due to inappropriate braking proposal.
Toyota Research Institute,AVT050,12/12/2019 15:30,JTHDU1EF0G5020107,No,Yes,Test Driver,street,Safety Driver disengaged due to inappropriate braking proposal.
Toyota Research Institute,AVT050,12/12/2019 15:30,JTHDU1EF0G5020107,No,Yes,Test Driver,street,Safety Driver disengaged due to inappropriate braking proposal.
Toyota Research Institute,AVT050,12/12/2019 15:35,JTHDU1EF0G5020107,No,Yes,Test Driver,street,Safety Driver disengaged due to inappropriate braking proposal.
Toyota Research Institute,AVT050,12/12/2019 16:26,JTHDU1EF3G5020098,No,Yes,Test Driver,street,Safety Driver disengaged to ensure proper behavior at traffic light.
Toyota Research Institute,AVT050,12/12/2019 16:28,JTHDU1EF3G5020098,No,Yes,Test Driver,street,Safety Driver disengaged to ensure proper behavior at traffic light.
Toyota Research Institute,AVT050,12/12/2019 17:14,JTHDU1EF0G5020107,No,Yes,Test Driver,street,Safety Driver disengaged due to inappropriate braking proposal.
Toyota Research Institute,AVT050,12/12/2019 17:33,JTHDU1EF0G5020107,No,Yes,Test Driver,street,Safety Driver disengaged due to inappropriate braking proposal.
Toyota Research Institute,AVT050,12/12/2019 17:37,JTHDU1EF0G5020107,No,Yes,Test Driver,street,"Safety Driver disengaged due to inappropriate braking, caused by perception issue."
Toyota Research Institute,AVT050,12/12/2019 19:18,JTHDU1EF3G5020098,No,Yes,Test Driver,street,Safety Driver disengaged to ensure proper behavior at traffic light.
Toyota Research Institute,AVT050,12/12/2019 19:30,JTHDU1EF3G5020098,No,Yes,Test Driver,street,Safety Driver disengaged due to inappropriate braking proposal.
Toyota Research Institute,AVT050,12/12/2019 19:31,JTHDU1EF3G5020098,No,Yes,Test Driver,street,Safety Driver disengaged due to inappropriate braking proposal.
Toyota Research Institute,AVT050,12/12/2019 19:42,JTHDU1EF3G5020098,No,Yes,Test Driver,street,Safety Driver disengaged due to inappropriate braking proposal.
Toyota Research Institute,AVT050,12/13/2019 10:49,JTHDU1EF0G5020124,No,Yes,Test Driver,street,Safety Driver disengaged due to inappropriate braking proposal.
Toyota Research Institute,AVT050,12/13/2019 11:18,JTHDU1EF0G5020124,No,Yes,Test Driver,street,Safety Driver disengaged due to inappropriate braking proposal.
Toyota Research Institute,AVT050,12/13/2019 13:09,JTHDU1EF0G5020124,No,Yes,Test Driver,street,Safety Driver disengaged due to inappropriate braking proposal.
Toyota Research Institute,AVT050,12/13/2019 13:10,JTHDU1EF0G5020124,No,Yes,Test Driver,street,Safety Driver disengaged due to inappropriate braking proposal.
Toyota Research Institute,AVT050,12/13/2019 13:10,JTHDU1EF0G5020124,No,Yes,Test Driver,street,Safety Driver disengaged due to inappropriate braking proposal.
Toyota Research Institute,AVT050,12/13/2019 13:19,JTHDU1EF0G5020124,No,Yes,Test Driver,street,Safety Driver disengaged due to issue with lane change maneuver.
Toyota Research Institute,AVT050,12/13/2019 13:23,JTHDU1EF0G5020124,No,Yes,Test Driver,street,Safety Driver disengaged due to inappropriate braking proposal.
Toyota Research Institute,AVT050,12/13/2019 16:18,JTHDU1EF6G5020094,No,Yes,Test Driver,street,Safety Driver disengaged due to inappropriate braking proposal.
Toyota Research Institute,AVT050,12/13/2019 16:22,JTHDU1EF6G5020094,No,Yes,Test Driver,street,Safety Driver disengaged due to inappropriate braking proposal.
Toyota Research Institute,AVT050,12/13/2019 16:34,JTHDU1EF0G5020124,No,Yes,Test Driver,street,Safety Driver disengaged due to inappropriate braking proposal.
Toyota Research Institute,AVT050,12/13/2019 16:38,JTHDU1EF6G5020094,No,Yes,Test Driver,street,Safety Driver disengaged to ensure proper behavior at traffic light.
Toyota Research Institute,AVT050,12/13/2019 16:50,JTHDU1EF6G5020094,No,Yes,Test Driver,street,Safety Driver disengaged due to inappropriate braking proposal.
Toyota Research Institute,AVT050,12/13/2019 16:51,JTHDU1EF6G5020094,No,Yes,Test Driver,street,Safety Driver disengaged to ensure proper behavior at traffic light.
Toyota Research Institute,AVT050,12/13/2019 16:53,JTHDU1EF6G5020094,No,Yes,Test Driver,street,Safety Driver disengaged due to harsh braking.
Toyota Research Institute,AVT050,12/13/2019 17:00,JTHDU1EF0G5020124,No,Yes,Test Driver,street,Safety Driver disengaged due to inappropriate braking proposal.
Toyota Research Institute,AVT050,12/13/2019 17:04,JTHDU1EF0G5020124,No,Yes,Test Driver,street,Safety Driver disengaged due to inappropriate steering.
Toyota Research Institute,AVT050,12/16/2019 16:25,JTHDU1EF0G5020124,No,Yes,Test Driver,street,"Safety Driver disengaged due to inappropriate braking, caused by perception issue."
Toyota Research Institute,AVT050,12/16/2019 16:37,JTHDU1EF0G5020124,No,Yes,Test Driver,street,"Safety Driver disengaged due to inappropriate braking, caused by perception issue."
Toyota Research Institute,AVT050,12/16/2019 16:40,JTHDU1EF0G5020124,No,Yes,Test Driver,street,Safety Driver disengaged upon judging that vehicle was too close to road boundary.
Toyota Research Institute,AVT050,12/16/2019 16:49,JTHDU1EF0G5020124,No,Yes,Test Driver,street,Safety Driver disengaged upon judging that vehicle was too close to road boundary.
Toyota Research Institute,AVT050,12/16/2019 17:12,JTHDU1EF0G5020124,No,Yes,Test Driver,street,Safety Driver disengaged upon judging that vehicle was too close to other road user or obstacle.
Toyota Research Institute,AVT050,12/16/2019 17:13,JTHDU1EF0G5020124,No,Yes,Test Driver,street,Safety Driver disengaged due to inappropriate braking proposal.
Toyota Research Institute,AVT050,12/16/2019 17:36,JTHDU1EF0G5020124,No,Yes,Test Driver,street,Safety Driver disengaged to ensure proper behavior at traffic light.
Toyota Research Institute,AVT050,12/16/2019 17:57,JTHDU1EF0G5020124,No,Yes,Test Driver,street,"Safety Driver disengaged due to inappropriate braking, caused by perception issue."
Toyota Research Institute,AVT050,12/17/2019 11:06,JTHDU1EF0G5020124,No,Yes,Test Driver,street,Safety Driver disengaged due to inappropriate braking proposal.
Toyota Research Institute,AVT050,12/17/2019 11:10,JTHDU1EF0G5020124,No,Yes,Test Driver,street,Safety Driver disengaged near crosswalk due to overly conservative vehicle behavior.
Toyota Research Institute,AVT050,12/17/2019 11:14,JTHDU1EF0G5020124,No,Yes,Test Driver,street,Safety Driver disengaged due to inappropriate steering.
Toyota Research Institute,AVT050,12/17/2019 11:15,JTHDU1EF0G5020124,No,Yes,Test Driver,street,Safety Driver disengaged due to inappropriate braking proposal.
Toyota Research Institute,AVT050,12/17/2019 12:14,JTHDU1EF0G5020124,No,Yes,Test Driver,street,Safety Driver disengaged due to inappropriate braking proposal.
Toyota Research Institute,AVT050,12/17/2019 12:15,JTHDU1EF0G5020124,No,Yes,Test Driver,street,Safety Driver disengaged due to inappropriate braking proposal.
Toyota Research Institute,AVT050,12/17/2019 12:15,JTHDU1EF0G5020124,No,Yes,Test Driver,street,Safety Driver disengaged due to inappropriate braking proposal.
Toyota Research Institute,AVT050,12/17/2019 12:51,JTHDU1EF0G5020124,No,Yes,Test Driver,street,Safety Driver disengaged due to inappropriate braking proposal.
Toyota Research Institute,AVT050,12/17/2019 12:56,JTHDU1EF0G5020124,No,Yes,Test Driver,street,Safety Driver disengaged due to inappropriate braking proposal.
Toyota Research Institute,AVT050,12/17/2019 12:59,JTHDU1EF0G5020124,No,Yes,Test Driver,street,Safety Driver disengaged due to inappropriate braking proposal.
Toyota Research Institute,AVT050,12/17/2019 13:17,JTHDU1EF0G5020124,No,Yes,Test Driver,street,Safety Driver disengaged to ensure proper behavior at traffic light.
Toyota Research Institute,AVT050,12/17/2019 13:19,JTHDU1EF0G5020124,No,Yes,Test Driver,street,Safety Driver disengaged due to inappropriate braking proposal.
Toyota Research Institute,AVT050,12/17/2019 13:30,JTHDU1EF0G5020124,No,Yes,Test Driver,street,Safety Driver disengaged upon judging that vehicle was too close to other road user or obstacle.
Toyota Research Institute,AVT050,12/17/2019 13:33,JTHDU1EF0G5020124,No,Yes,Test Driver,street,Safety Driver disengaged to ensure proper behavior at traffic light.
Toyota Research Institute,AVT050,12/17/2019 13:53,JTHDU1EF0G5020124,No,Yes,Test Driver,street,Safety Driver disengaged due to inappropriate braking proposal.
Toyota Research Institute,AVT050,12/17/2019 14:03,JTHDU1EF0G5020124,No,Yes,Test Driver,street,Safety Driver disengaged due to inappropriate braking proposal.
Toyota Research Institute,AVT050,12/17/2019 14:04,JTHDU1EF0G5020124,No,Yes,Test Driver,street,Safety Driver disengaged due to inappropriate steering.
Toyota Research Institute,AVT050,12/17/2019 14:06,JTHDU1EF0G5020124,No,Yes,Test Driver,street,Safety Driver disengaged to ensure proper behavior at traffic light.
Toyota Research Institute,AVT050,12/17/2019 14:30,JTHDU1EF6G5020094,No,Yes,Test Driver,street,Safety Driver disengaged due to inappropriate braking proposal.
Toyota Research Institute,AVT050,12/17/2019 14:33,JTHDU1EF6G5020094,No,Yes,Test Driver,street,Safety Driver disengaged due to inappropriate braking proposal.
Toyota Research Institute,AVT050,12/17/2019 14:50,JTHDU1EF6G5020094,No,Yes,Test Driver,street,Safety Driver disengaged due to inappropriate braking proposal.
Toyota Research Institute,AVT050,12/17/2019 16:42,JTHDU1EF0G5020124,No,Yes,Test Driver,street,Safety Driver disengaged to ensure proper behavior at traffic light.
Toyota Research Institute,AVT050,12/17/2019 17:03,JTHDU1EF0G5020124,No,Yes,Test Driver,street,Safety Driver proactively disengaged upon recognizing that a planned maneuver or action did not conform to internal guidelines.
Toyota Research Institute,AVT050,12/17/2019 17:09,JTHDU1EF0G5020124,No,Yes,Test Driver,street,Safety Driver disengaged due to inappropriate braking proposal.
Toyota Research Institute,AVT050,12/17/2019 17:11,JTHDU1EF0G5020124,No,Yes,Test Driver,street,Safety Driver disengaged due to inappropriate braking proposal.
Toyota Research Institute,AVT050,12/17/2019 17:12,JTHDU1EF0G5020124,No,Yes,Test Driver,street,Safety Driver disengaged due to inappropriate braking proposal.
Toyota Research Institute,AVT050,12/17/2019 17:36,JTHDU1EF0G5020124,No,Yes,Test Driver,street,Safety Driver disengaged due to inappropriate braking proposal.
Toyota Research Institute,AVT050,12/18/2019 13:22,JTHDU1EF6G5020094,No,Yes,Test Driver,street,Safety Driver disengaged near crosswalk due to overly conservative vehicle behavior.
Toyota Research Institute,AVT050,12/18/2019 13:42,JTHDU1EF6G5020094,No,Yes,Test Driver,street,Safety Driver disengaged near crosswalk due to overly conservative vehicle behavior.
Toyota Research Institute,AVT050,12/18/2019 17:29,JTHDU1EF3G5020098,No,Yes,Test Driver,street,Safety Driver disengaged due to inappropriate steering.
Toyota Research Institute,AVT050,12/18/2019 17:42,JTHDU1EF3G5020098,No,Yes,Test Driver,street,Safety Driver disengaged upon judging that vehicle was too close to road boundary.
Toyota Research Institute,AVT050,12/18/2019 17:47,JTHDU1EF3G5020098,No,Yes,Test Driver,street,Safety Driver disengaged near crosswalk due to overly conservative vehicle behavior.
Toyota Research Institute,AVT050,12/18/2019 17:52,JTHDU1EF3G5020098,No,Yes,Test Driver,street,Safety Driver disengaged to ensure proper behavior at traffic light.
Toyota Research Institute,AVT050,12/19/2019 12:32,JTHDU1EF6G5020094,No,Yes,Test Driver,street,Safety Driver disengaged to ensure proper behavior at traffic light.
Toyota Research Institute,AVT050,12/19/2019 12:36,JTHDU1EF6G5020094,No,Yes,Test Driver,street,Safety Driver disengaged near crosswalk due to overly conservative vehicle behavior.
Toyota Research Institute,AVT050,12/19/2019 12:37,JTHDU1EF6G5020094,No,Yes,Test Driver,street,Safety Driver disengaged to ensure proper behavior at traffic light.
Toyota Research Institute,AVT050,12/19/2019 12:41,JTHDU1EF6G5020094,No,Yes,Test Driver,street,"Safety Driver disengaged due to inappropriate braking, caused by perception issue."
Toyota Research Institute,AVT050,12/19/2019 13:05,JTHDU1EF6G5020094,No,Yes,Test Driver,street,"Safety Driver disengaged due to inappropriate braking, caused by perception issue."
Toyota Research Institute,AVT050,12/19/2019 16:25,JTHDU1EF6G5020094,No,Yes,Test Driver,street,Safety Driver disengaged upon judging that vehicle was too close to road boundary.
Toyota Research Institute,AVT050,12/19/2019 16:29,JTHDU1EF6G5020094,No,Yes,Test Driver,street,Safety Driver disengaged due to harsh braking.
Toyota Research Institute,AVT050,12/19/2019 16:30,JTHDU1EF0G5020107,No,Yes,Test Driver,street,Safety Driver disengaged near crosswalk due to overly conservative vehicle behavior.
Toyota Research Institute,AVT050,12/19/2019 16:32,JTHDU1EF0G5020107,No,Yes,Test Driver,street,"Safety Driver disengaged due to inappropriate braking, caused by perception issue."
Toyota Research Institute,AVT050,12/19/2019 16:53,JTHDU1EF6G5020094,No,Yes,Test Driver,street,Safety Driver disengaged upon judging that vehicle was too close to road boundary.
Toyota Research Institute,AVT050,12/19/2019 16:58,JTHDU1EF0G5020107,No,Yes,Test Driver,street,"Safety Driver disengaged due to inappropriate braking, caused by perception issue."
Toyota Research Institute,AVT050,12/19/2019 17:06,JTHDU1EF0G5020107,No,Yes,Test Driver,street,"Safety Driver disengaged due to inappropriate braking, caused by perception issue."
Toyota Research Institute,AVT050,12/19/2019 17:28,JTHDU1EF0G5020107,No,Yes,Test Driver,street,Safety Driver disengaged to manually drive through crosswalk.
Toyota Research Institute,AVT050,12/19/2019 17:33,JTHDU1EF0G5020107,No,Yes,Test Driver,street,Safety Driver disengaged due to harsh braking.
Toyota Research Institute,AVT050,12/19/2019 17:54,JTHDU1EF0G5020107,No,Yes,Test Driver,street,Safety Driver disengaged to manually drive through crosswalk.
Toyota Research Institute,AVT050,12/20/2019 11:03,JTHDU1EF3G5020098,No,Yes,Test Driver,street,Safety Driver disengaged near crosswalk due to overly conservative vehicle behavior.
Toyota Research Institute,AVT050,12/20/2019 11:04,JTHDU1EF3G5020098,No,Yes,Test Driver,street,Safety Driver disengaged due to inappropriate braking proposal.
Toyota Research Institute,AVT050,12/20/2019 11:38,JTHDU1EF3G5020098,No,Yes,Test Driver,street,Safety Driver disengaged due to inappropriate braking proposal.
Toyota Research Institute,AVT050,12/20/2019 12:00,JTHDU1EF6G5020094,No,Yes,Test Driver,street,Safety Driver disengaged due to inappropriate braking proposal.
Toyota Research Institute,AVT050,12/20/2019 13:49,JTHDU1EF0G5020107,No,Yes,Test Driver,street,Safety Driver disengaged near crosswalk due to overly conservative vehicle behavior.
Toyota Research Institute,AVT050,12/20/2019 14:23,JTHDU1EF0G5020107,No,Yes,Test Driver,street,Safety Driver disengaged due to inappropriate braking proposal.
Toyota Research Institute,AVT050,12/20/2019 14:25,JTHDU1EF6G5020094,No,Yes,Test Driver,street,"Safety Driver disengaged due to inappropriate braking, caused by perception issue."
Toyota Research Institute,AVT050,12/20/2019 14:34,JTHDU1EF0G5020107,No,Yes,Test Driver,street,Safety Driver disengaged upon judging that vehicle was too close to other road user or obstacle.
Toyota Research Institute,AVT050,12/20/2019 14:41,JTHDU1EF0G5020107,No,Yes,Test Driver,street,Safety Driver disengaged due to harsh braking.
Toyota Research Institute,AVT050,1/2/2020 16:21,JTHDU1EF0G5020124,No,Yes,Test Driver,street,Safety Driver disengaged due to issue with lane change maneuver.
Toyota Research Institute,AVT050,1/2/2020 16:37,JTHDU1EF0G5020124,No,Yes,Test Driver,street,Safety Driver disengaged to ensure proper behavior at traffic light.
Toyota Research Institute,AVT050,1/2/2020 16:40,JTHDU1EF0G5020124,No,Yes,Test Driver,street,Safety Driver disengaged due to issue with lane change maneuver.
Toyota Research Institute,AVT050,1/2/2020 16:43,JTHDU1EF0G5020124,No,Yes,Test Driver,street,Safety Driver disengaged to ensure proper behavior at traffic light.
Toyota Research Institute,AVT050,1/2/2020 16:54,JTHDU1EF0G5020124,No,Yes,Test Driver,street,Safety Driver disengaged to manually drive through crosswalk.
Toyota Research Institute,AVT050,1/2/2020 17:11,JTHDU1EF0G5020124,No,Yes,Test Driver,street,Safety Driver disengaged to manually drive through crosswalk.
Toyota Research Institute,AVT050,1/2/2020 17:51,JTHDU1EF0G5020124,No,Yes,Test Driver,street,Safety Driver disengaged due to issue with lane change maneuver.
Toyota Research Institute,AVT050,1/2/2020 17:52,JTHDU1EF0G5020124,No,Yes,Test Driver,street,"Safety Driver disengaged due to inappropriate braking, caused by perception issue."
Toyota Research Institute,AVT050,1/2/2020 17:59,JTHDU1EF0G5020124,No,Yes,Test Driver,street,Safety Driver disengaged to manually drive through crosswalk.
Toyota Research Institute,AVT050,1/2/2020 18:34,JTHDU1EF6G5020094,No,Yes,Test Driver,street,Safety Driver disengaged due to inappropriate braking proposal.
Toyota Research Institute,AVT050,1/2/2020 18:35,JTHDU1EF6G5020094,No,Yes,Test Driver,street,Safety Driver disengaged upon judging that vehicle was too close to road boundary.
Toyota Research Institute,AVT050,1/2/2020 18:48,JTHDU1EF6G5020094,No,Yes,Test Driver,street,Safety Driver disengaged due to inappropriate braking proposal.
Toyota Research Institute,AVT050,1/2/2020 18:56,JTHDU1EF6G5020094,No,Yes,Test Driver,street,Safety Driver disengaged near crosswalk due to overly conservative vehicle behavior.
Toyota Research Institute,AVT050,1/3/2020 11:52,JTHDU1EF6G5020094,No,Yes,Test Driver,street,Safety Driver disengaged upon judging that vehicle was too close to road boundary.
Toyota Research Institute,AVT050,1/3/2020 11:54,JTHDU1EF6G5020094,No,Yes,Test Driver,street,Safety Driver disengaged due to inappropriate braking proposal.
Toyota Research Institute,AVT050,1/3/2020 12:17,JTHDU1EF6G5020094,No,Yes,Test Driver,street,Safety Driver disengaged near crosswalk due to overly conservative vehicle behavior.
Toyota Research Institute,AVT050,1/3/2020 12:31,JTHDU1EF6G5020094,No,Yes,Test Driver,street,Safety Driver disengaged due to inappropriate braking proposal.
Toyota Research Institute,AVT050,1/3/2020 12:55,JTHDU1EF6G5020094,No,Yes,Test Driver,street,Safety Driver disengaged to ensure proper behavior at traffic light.
Toyota Research Institute,AVT050,1/3/2020 13:01,JTHDU1EF6G5020094,No,Yes,Test Driver,street,Safety Driver disengaged to ensure proper behavior at traffic light.
Toyota Research Institute,AVT050,1/3/2020 13:11,JTHDU1EF6G5020094,No,Yes,Test Driver,street,Safety Driver disengaged near crosswalk due to overly conservative vehicle behavior.
Toyota Research Institute,AVT050,1/3/2020 17:50,JTHDU1EF6G5020094,No,Yes,Test Driver,street,Safety Driver disengaged near crosswalk due to overly conservative vehicle behavior.
Toyota Research Institute,AVT050,1/6/2020 10:59,JTHDU1EF0G5020124,No,Yes,Test Driver,street,Safety Driver disengaged to ensure proper behavior at traffic light.
Toyota Research Institute,AVT050,1/6/2020 11:20,JTHDU1EF0G5020107,No,Yes,Test Driver,street,Safety Driver disengaged due to inappropriate braking proposal.
Toyota Research Institute,AVT050,1/6/2020 11:21,JTHDU1EF0G5020107,No,Yes,Test Driver,street,Safety Driver disengaged to ensure proper behavior at traffic light.
Toyota Research Institute,AVT050,1/6/2020 11:22,JTHDU1EF0G5020107,No,Yes,Test Driver,street,Safety Driver disengaged due to inappropriate braking proposal.
Toyota Research Institute,AVT050,1/6/2020 11:27,JTHDU1EF0G5020107,No,Yes,Test Driver,street,Safety Driver disengaged due to inappropriate braking proposal.
Toyota Research Institute,AVT050,1/6/2020 11:38,JTHDU1EF0G5020107,No,Yes,Test Driver,street,Safety Driver disengaged due to inappropriate braking proposal.
Toyota Research Institute,AVT050,1/6/2020 11:42,JTHDU1EF0G5020124,No,Yes,Test Driver,street,Safety Driver disengaged due to inappropriate braking proposal.
Toyota Research Institute,AVT050,1/6/2020 11:45,JTHDU1EF0G5020107,No,Yes,Test Driver,street,Safety Driver disengaged upon judging that vehicle was too close to other road user or obstacle.
Toyota Research Institute,AVT050,1/6/2020 11:50,JTHDU1EF0G5020124,No,Yes,Test Driver,street,Safety Driver disengaged due to inappropriate braking proposal.
Toyota Research Institute,AVT050,1/6/2020 12:28,JTHDU1EF0G5020124,No,Yes,Test Driver,street,Safety Driver disengaged due to inappropriate braking proposal.
Toyota Research Institute,AVT050,1/6/2020 12:39,JTHDU1EF0G5020107,No,Yes,Test Driver,street,Safety Driver disengaged due to inappropriate steering.
Toyota Research Institute,AVT050,1/6/2020 12:49,JTHDU1EF0G5020124,No,Yes,Test Driver,street,Safety Driver disengaged due to inappropriate braking proposal.
Toyota Research Institute,AVT050,1/6/2020 12:51,JTHDU1EF0G5020107,No,Yes,Test Driver,street,Safety Driver disengaged near crosswalk due to overly conservative vehicle behavior.
Toyota Research Institute,AVT050,1/6/2020 13:23,JTHDU1EF6G5020094,No,Yes,Test Driver,street,Safety Driver disengaged due to inappropriate steering.
Toyota Research Institute,AVT050,1/6/2020 13:44,JTHDU1EF6G5020094,No,Yes,Test Driver,street,Safety Driver disengaged near crosswalk due to overly conservative vehicle behavior.
Toyota Research Institute,AVT050,1/6/2020 13:46,JTHDU1EF6G5020094,No,Yes,Test Driver,street,Safety Driver disengaged to ensure proper behavior at traffic light.
Toyota Research Institute,AVT050,1/6/2020 13:48,JTHDU1EF6G5020094,No,Yes,Test Driver,street,Safety Driver disengaged due to inappropriate braking proposal.
Toyota Research Institute,AVT050,1/6/2020 16:23,JTHDU1EF0G5020107,No,Yes,Test Driver,street,Safety Driver disengaged upon judging that vehicle was too close to road boundary.
Toyota Research Institute,AVT050,1/6/2020 16:23,JTHDU1EF0G5020107,No,Yes,Test Driver,street,Safety Driver disengaged due to inappropriate braking proposal.
Toyota Research Institute,AVT050,1/6/2020 16:25,JTHDU1EF0G5020107,No,Yes,Test Driver,street,Safety Driver disengaged upon judging that vehicle was too close to road boundary.
Toyota Research Institute,AVT050,1/6/2020 17:15,JTHDU1EF0G5020107,No,Yes,Test Driver,street,Safety Driver disengaged upon judging that vehicle was too close to road boundary.
Toyota Research Institute,AVT050,1/6/2020 17:24,JTHDU1EF0G5020107,No,Yes,Test Driver,street,Safety Driver disengaged due to inappropriate braking proposal.
Toyota Research Institute,AVT050,1/6/2020 17:27,JTHDU1EF0G5020107,No,Yes,Test Driver,street,Safety Driver disengaged due to inappropriate braking proposal.
Toyota Research Institute,AVT050,1/6/2020 17:55,JTHDU1EF0G5020107,No,Yes,Test Driver,street,Safety Driver disengaged due to inappropriate braking proposal.
Toyota Research Institute,AVT050,1/7/2020 11:16,JTHDU1EF3G5020098,No,Yes,Test Driver,street,Safety Driver disengaged due to inappropriate braking proposal.
Toyota Research Institute,AVT050,1/7/2020 11:19,JTHDU1EF3G5020098,No,Yes,Test Driver,street,Safety Driver disengaged near crosswalk due to overly conservative vehicle behavior.
Toyota Research Institute,AVT050,1/7/2020 11:31,JTHDU1EF0G5020107,No,Yes,Test Driver,street,Safety Driver disengaged upon judging that vehicle was too close to road boundary.
Toyota Research Institute,AVT050,1/7/2020 11:40,JTHDU1EF3G5020098,No,Yes,Test Driver,street,Safety Driver disengaged due to inappropriate steering.
Toyota Research Institute,AVT050,1/7/2020 11:52,JTHDU1EF3G5020098,No,Yes,Test Driver,street,Safety Driver disengaged due to inappropriate braking proposal.
Toyota Research Institute,AVT050,1/7/2020 11:52,JTHDU1EF3G5020098,No,Yes,Test Driver,street,Safety Driver disengaged due to inappropriate braking proposal.
Toyota Research Institute,AVT050,1/7/2020 11:58,JTHDU1EF0G5020107,No,Yes,Test Driver,street,Safety Driver disengaged due to inappropriate braking proposal.
Toyota Research Institute,AVT050,1/7/2020 12:05,JTHDU1EF0G5020107,No,Yes,Test Driver,street,"Safety Driver disengaged due to inappropriate braking, caused by perception issue."
Toyota Research Institute,AVT050,1/7/2020 12:09,JTHDU1EF0G5020107,No,Yes,Test Driver,street,Safety Driver disengaged due to inappropriate braking proposal.
Toyota Research Institute,AVT050,1/7/2020 12:11,JTHDU1EF3G5020098,No,Yes,Test Driver,street,Safety Driver disengaged upon judging that vehicle was too close to road boundary.
Toyota Research Institute,AVT050,1/7/2020 12:32,JTHDU1EF0G5020107,No,Yes,Test Driver,street,Safety Driver disengaged due to inappropriate braking proposal.
Toyota Research Institute,AVT050,1/7/2020 12:32,JTHDU1EF0G5020107,No,Yes,Test Driver,street,Safety Driver disengaged due to inappropriate braking proposal.
Toyota Research Institute,AVT050,1/7/2020 12:32,JTHDU1EF0G5020107,No,Yes,Test Driver,street,Safety Driver disengaged due to inappropriate braking proposal.
Toyota Research Institute,AVT050,1/7/2020 12:58,JTHDU1EF0G5020107,No,Yes,Test Driver,street,Safety Driver disengaged near crosswalk due to overly conservative vehicle behavior.
Toyota Research Institute,AVT050,1/7/2020 13:01,JTHDU1EF0G5020107,No,Yes,Test Driver,street,Safety Driver disengaged due to issue with lane change maneuver.
Toyota Research Institute,AVT050,1/7/2020 13:12,JTHDU1EF3G5020098,No,Yes,Test Driver,street,Safety Driver disengaged to manually drive through crosswalk.
Toyota Research Institute,AVT050,1/7/2020 13:15,JTHDU1EF0G5020107,No,Yes,Test Driver,street,Safety Driver disengaged due to inappropriate braking proposal.
Toyota Research Institute,AVT050,1/7/2020 13:23,JTHDU1EF0G5020107,No,Yes,Test Driver,street,Safety Driver disengaged due to inappropriate braking proposal.
Toyota Research Institute,AVT050,1/7/2020 13:24,JTHDU1EF0G5020107,No,Yes,Test Driver,street,Safety Driver disengaged due to inappropriate braking proposal.
Toyota Research Institute,AVT050,1/7/2020 13:24,JTHDU1EF0G5020107,No,Yes,Test Driver,street,Safety Driver disengaged due to inappropriate braking proposal.
Toyota Research Institute,AVT050,1/7/2020 13:52,JTHDU1EF0G5020107,No,Yes,Test Driver,street,Safety Driver disengaged due to inappropriate braking proposal.
Toyota Research Institute,AVT050,1/7/2020 13:58,JTHDU1EF0G5020107,No,Yes,Test Driver,street,Safety Driver disengaged to ensure proper behavior at traffic light.
Toyota Research Institute,AVT050,1/7/2020 13:59,JTHDU1EF0G5020107,No,Yes,Test Driver,street,"Safety Driver disengaged due to inappropriate braking, caused by perception issue."
Toyota Research Institute,AVT050,1/7/2020 14:00,JTHDU1EF0G5020107,No,Yes,Test Driver,street,Safety Driver disengaged due to inappropriate braking proposal.
Toyota Research Institute,AVT050,1/7/2020 14:00,JTHDU1EF0G5020107,No,Yes,Test Driver,street,Safety Driver disengaged due to inappropriate braking proposal.
Toyota Research Institute,AVT050,1/7/2020 14:10,JTHDU1EF0G5020107,No,Yes,Test Driver,street,Safety Driver disengaged due to inappropriate braking proposal.
Toyota Research Institute,AVT050,1/7/2020 14:11,JTHDU1EF0G5020107,No,Yes,Test Driver,street,Safety Driver disengaged due to inappropriate braking proposal.
Toyota Research Institute,AVT050,1/7/2020 14:19,JTHDU1EF0G5020107,No,Yes,Test Driver,street,Safety Driver disengaged due to inappropriate braking proposal.
Toyota Research Institute,AVT050,1/7/2020 16:04,JTHDU1EF6G5020094,No,Yes,Test Driver,street,Safety Driver disengaged due to inappropriate braking proposal.
Toyota Research Institute,AVT050,1/7/2020 16:33,JTHDU1EF6G5020094,No,Yes,Test Driver,street,Safety Driver disengaged near crosswalk due to overly conservative vehicle behavior.
Toyota Research Institute,AVT050,1/7/2020 16:35,JTHDU1EF0G5020107,No,Yes,Test Driver,street,Safety Driver disengaged to manually drive through crosswalk.
Toyota Research Institute,AVT050,1/7/2020 16:35,JTHDU1EF6G5020094,No,Yes,Test Driver,street,"Safety Driver disengaged due to inappropriate braking, caused by perception issue."
Toyota Research Institute,AVT050,1/7/2020 16:41,JTHDU1EF0G5020107,No,Yes,Test Driver,street,Safety Driver disengaged to ensure proper behavior at traffic light.
Toyota Research Institute,AVT050,1/7/2020 17:16,JTHDU1EF0G5020107,No,Yes,Test Driver,street,Safety Driver proactively disengaged upon recognizing that a planned maneuver or action did not conform to internal guidelines.
Toyota Research Institute,AVT050,1/7/2020 17:24,JTHDU1EF3G5020098,No,Yes,Test Driver,street,Safety Driver disengaged due to inappropriate braking proposal.
Toyota Research Institute,AVT050,1/8/2020 10:55,JTHDU1EF3G5020098,No,Yes,Test Driver,street,Safety Driver disengaged to ensure proper behavior at traffic light.
Toyota Research Institute,AVT050,1/8/2020 11:07,JTHDU1EF3G5020098,No,Yes,Test Driver,street,Safety Driver disengaged due to inappropriate braking proposal.
Toyota Research Institute,AVT050,1/8/2020 11:20,JTHDU1EF3G5020098,No,Yes,Test Driver,street,Safety Driver disengaged due to inappropriate steering.
Toyota Research Institute,AVT050,1/8/2020 11:30,JTHDU1EF3G5020098,No,Yes,Test Driver,street,Safety Driver disengaged to ensure proper behavior at traffic light.
Toyota Research Institute,AVT050,1/8/2020 16:28,JTHDU1EF0G5020107,No,Yes,Test Driver,street,Safety Driver disengaged due to inappropriate braking proposal.
Toyota Research Institute,AVT050,1/8/2020 16:32,JTHDU1EF0G5020107,No,Yes,Test Driver,street,Safety Driver disengaged near crosswalk due to overly conservative vehicle behavior.
Toyota Research Institute,AVT050,1/8/2020 16:34,JTHDU1EF0G5020107,No,Yes,Test Driver,street,Safety Driver disengaged upon judging that vehicle was too close to other road user or obstacle.
Toyota Research Institute,AVT050,1/8/2020 16:58,JTHDU1EF3G5020098,No,Yes,Test Driver,street,Safety Driver disengaged due to inappropriate braking proposal.
Toyota Research Institute,AVT050,1/8/2020 17:26,JTHDU1EF3G5020098,No,Yes,Test Driver,street,"Safety Driver disengaged due to inappropriate braking, caused by perception issue."
Toyota Research Institute,AVT050,1/8/2020 17:42,JTHDU1EF3G5020098,No,Yes,Test Driver,street,"Safety Driver disengaged due to inappropriate braking, caused by perception issue."
Toyota Research Institute,AVT050,1/8/2020 17:46,JTHDU1EF3G5020098,No,Yes,Test Driver,street,Safety Driver disengaged to manually drive through crosswalk.
Toyota Research Institute,AVT050,1/8/2020 17:47,JTHDU1EF3G5020098,No,Yes,Test Driver,street,Safety Driver disengaged to manually drive through crosswalk.
Toyota Research Institute,AVT050,1/8/2020 17:56,JTHDU1EF3G5020098,No,Yes,Test Driver,street,"Safety Driver disengaged due to inappropriate braking, caused by perception issue."
Toyota Research Institute,AVT050,1/9/2020 11:19,JTHDU1EF0G5020107,No,Yes,Test Driver,street,Safety Driver disengaged due to inappropriate braking proposal.
Toyota Research Institute,AVT050,1/9/2020 12:43,JTHDU1EF0G5020107,No,Yes,Test Driver,street,"Safety Driver disengaged due to inappropriate braking, caused by perception issue."
Toyota Research Institute,AVT050,1/9/2020 13:03,JTHDU1EF0G5020107,No,Yes,Test Driver,street,Safety Driver disengaged due to inappropriate braking proposal.
Toyota Research Institute,AVT050,1/9/2020 13:03,JTHDU1EF0G5020107,No,Yes,Test Driver,street,Safety Driver disengaged due to inappropriate steering.
Toyota Research Institute,AVT050,1/9/2020 13:33,JTHDU1EF0G5020107,No,Yes,Test Driver,street,Safety Driver disengaged due to inappropriate steering.
Toyota Research Institute,AVT050,1/9/2020 14:41,JTHDU1EF6G5020094,No,Yes,Test Driver,street,"Safety Driver disengaged due to inappropriate braking, caused by perception issue."
Toyota Research Institute,AVT050,1/9/2020 16:43,JTHDU1EF0G5020107,No,Yes,Test Driver,street,"Safety Driver disengaged due to inappropriate braking, caused by perception issue."
Toyota Research Institute,AVT050,1/9/2020 16:50,JTHDU1EF0G5020107,No,Yes,Test Driver,street,Safety Driver disengaged due to issue with lane change maneuver.
Toyota Research Institute,AVT050,1/9/2020 17:03,JTHDU1EF0G5020107,No,Yes,Test Driver,street,"Safety Driver disengaged due to inappropriate braking, caused by perception issue."
Toyota Research Institute,AVT050,1/10/2020 11:03,JTHDU1EF0G5020107,No,Yes,Test Driver,street,Safety Driver disengaged to ensure proper behavior at traffic light.
Toyota Research Institute,AVT050,1/10/2020 11:16,JTHDU1EF0G5020107,No,Yes,Test Driver,street,Safety Driver disengaged due to inappropriate braking proposal.
Toyota Research Institute,AVT050,1/10/2020 11:43,JTHDU1EF0G5020107,No,Yes,Test Driver,street,Safety Driver disengaged due to inappropriate steering.
Toyota Research Institute,AVT050,1/10/2020 11:57,JTHDU1EF0G5020107,No,Yes,Test Driver,street,"Safety Driver disengaged due to inappropriate braking, caused by perception issue."
Toyota Research Institute,AVT050,1/10/2020 12:07,JTHDU1EF0G5020107,No,Yes,Test Driver,street,Safety Driver disengaged upon judging that vehicle was too close to other road user or obstacle.
Toyota Research Institute,AVT050,1/10/2020 12:08,JTHDU1EF0G5020107,No,Yes,Test Driver,street,"Safety Driver disengaged due to inappropriate braking, caused by perception issue."
Toyota Research Institute,AVT050,1/10/2020 12:37,JTHDU1EF0G5020107,No,Yes,Test Driver,street,Safety Driver disengaged due to inappropriate braking proposal.
Toyota Research Institute,AVT050,1/10/2020 13:00,JTHDU1EF0G5020107,No,Yes,Test Driver,street,Safety Driver disengaged due to inappropriate braking proposal.
Toyota Research Institute,AVT050,1/10/2020 13:31,JTHDU1EF0G5020107,No,Yes,Test Driver,street,Safety Driver disengaged due to inappropriate braking proposal.
Toyota Research Institute,AVT050,1/10/2020 13:33,JTHDU1EF0G5020107,No,Yes,Test Driver,street,Safety Driver disengaged due to issue with lane change maneuver.
Toyota Research Institute,AVT050,1/10/2020 17:39,JTHDU1EF3G5020098,No,Yes,Test Driver,street,Safety Driver disengaged due to inappropriate braking proposal.
Toyota Research Institute,AVT050,1/10/2020 18:05,JTHDU1EF6G5020094,No,Yes,Test Driver,street,"Safety Driver disengaged due to inappropriate braking, caused by perception issue."
Toyota Research Institute,AVT050,1/10/2020 18:27,JTHDU1EF6G5020094,No,Yes,Test Driver,street,"Safety Driver disengaged due to inappropriate braking, caused by perception issue."
Toyota Research Institute,AVT050,1/10/2020 18:28,JTHDU1EF6G5020094,No,Yes,Test Driver,street,"Safety Driver disengaged due to inappropriate braking, caused by perception issue."
Toyota Research Institute,AVT050,1/10/2020 18:29,JTHDU1EF6G5020094,No,Yes,Test Driver,street,Safety Driver disengaged upon judging that vehicle was too close to other road user or obstacle.
Toyota Research Institute,AVT050,1/13/2020 11:46,JTHDU1EF3G5020098,No,Yes,Test Driver,street,Safety Driver disengaged due to inappropriate braking proposal.
Toyota Research Institute,AVT050,1/13/2020 11:48,JTHDU1EF0G5020107,No,Yes,Test Driver,street,Safety Driver disengaged due to issue with lane change maneuver.
Toyota Research Institute,AVT050,1/13/2020 11:51,JTHDU1EF3G5020098,No,Yes,Test Driver,street,Safety Driver disengaged to manually drive through crosswalk.
Toyota Research Institute,AVT050,1/13/2020 12:04,JTHDU1EF3G5020098,No,Yes,Test Driver,street,Safety Driver disengaged due to inappropriate braking proposal.
Toyota Research Institute,AVT050,1/13/2020 12:32,JTHDU1EF3G5020098,No,Yes,Test Driver,street,Safety Driver disengaged to manually drive through crosswalk.
Toyota Research Institute,AVT050,1/13/2020 12:42,JTHDU1EF3G5020098,No,Yes,Test Driver,street,"Safety Driver disengaged due to inappropriate braking, caused by perception issue."
Toyota Research Institute,AVT050,1/13/2020 13:05,JTHDU1EF0G5020107,No,Yes,Test Driver,street,Safety Driver disengaged to ensure proper behavior at traffic light.
Toyota Research Institute,AVT050,1/13/2020 13:28,JTHDU1EF3G5020098,No,Yes,Test Driver,street,Safety Driver disengaged due to inappropriate braking proposal.
Toyota Research Institute,AVT050,1/13/2020 16:20,JTHDU1EF6G5020094,No,Yes,Test Driver,street,Safety Driver disengaged near crosswalk due to overly conservative vehicle behavior.
Toyota Research Institute,AVT050,1/13/2020 16:22,JTHDU1EF6G5020094,No,Yes,Test Driver,street,Safety Driver disengaged due to issue with lane change maneuver.
Toyota Research Institute,AVT050,1/13/2020 16:35,JTHDU1EF3G5020098,No,Yes,Test Driver,street,Safety Driver disengaged due to inappropriate braking proposal.
Toyota Research Institute,AVT050,1/13/2020 16:50,JTHDU1EF6G5020094,No,Yes,Test Driver,street,"Safety Driver disengaged due to inappropriate braking, caused by perception issue."
Toyota Research Institute,AVT050,1/13/2020 17:04,JTHDU1EF3G5020098,No,Yes,Test Driver,street,Safety Driver proactively disengaged upon recognizing that a planned maneuver or action did not conform to internal guidelines.
Toyota Research Institute,AVT050,1/13/2020 17:45,JTHDU1EF0G5020107,No,Yes,Test Driver,street,"Safety Driver disengaged due to inappropriate braking, caused by perception issue."
Toyota Research Institute,AVT050,1/13/2020 17:51,JTHDU1EF0G5020107,No,Yes,Test Driver,street,"Safety Driver disengaged due to inappropriate braking, caused by perception issue."
Toyota Research Institute,AVT050,1/13/2020 17:53,JTHDU1EF0G5020107,No,Yes,Test Driver,street,Safety Driver disengaged due to inappropriate braking proposal.
Toyota Research Institute,AVT050,1/13/2020 18:04,JTHDU1EF0G5020107,No,Yes,Test Driver,street,Safety Driver disengaged upon judging that vehicle was too close to other road user or obstacle.
Toyota Research Institute,AVT050,1/13/2020 18:17,JTHDU1EF0G5020107,No,Yes,Test Driver,street,"Safety Driver disengaged due to inappropriate braking, caused by perception issue."
Toyota Research Institute,AVT050,1/14/2020 11:06,JTHDU1EF6G5020094,No,Yes,Test Driver,street,Safety Driver disengaged upon judging that vehicle was too close to road boundary.
Toyota Research Institute,AVT050,1/14/2020 11:40,JTHDU1EF0G5020107,No,Yes,Test Driver,street,Safety Driver disengaged near crosswalk due to overly conservative vehicle behavior.
Toyota Research Institute,AVT050,1/14/2020 11:57,JTHDU1EF0G5020107,No,Yes,Test Driver,street,Safety Driver disengaged due to inappropriate braking proposal.
Toyota Research Institute,AVT050,1/14/2020 11:58,JTHDU1EF0G5020107,No,Yes,Test Driver,street,"Safety Driver disengaged due to inappropriate braking, caused by perception issue."
Toyota Research Institute,AVT050,1/14/2020 12:10,JTHDU1EF0G5020107,No,Yes,Test Driver,street,"Safety Driver disengaged due to inappropriate braking, caused by perception issue."
Toyota Research Institute,AVT050,1/14/2020 12:18,JTHDU1EF0G5020107,No,Yes,Test Driver,street,Safety Driver disengaged due to issue with lane change maneuver.
Toyota Research Institute,AVT050,1/14/2020 12:26,JTHDU1EF0G5020107,No,Yes,Test Driver,street,Safety Driver disengaged due to inappropriate braking proposal.
Toyota Research Institute,AVT050,1/14/2020 12:29,JTHDU1EF0G5020107,No,Yes,Test Driver,street,Safety Driver disengaged to ensure proper behavior at traffic light.
Toyota Research Institute,AVT050,1/14/2020 12:38,JTHDU1EF3G5020098,No,Yes,Test Driver,street,Safety Driver disengaged to ensure proper behavior at traffic light.
Toyota Research Institute,AVT050,1/14/2020 12:45,JTHDU1EF3G5020098,No,Yes,Test Driver,street,Safety Driver disengaged near crosswalk due to overly conservative vehicle behavior.
Toyota Research Institute,AVT050,1/14/2020 12:49,JTHDU1EF0G5020107,No,Yes,Test Driver,street,Safety Driver disengaged to manually drive through crosswalk.
Toyota Research Institute,AVT050,1/14/2020 13:07,JTHDU1EF0G5020107,No,Yes,Test Driver,street,Safety Driver disengaged due to issue with lane change maneuver.
Toyota Research Institute,AVT050,1/14/2020 13:14,JTHDU1EF3G5020098,No,Yes,Test Driver,street,"Safety Driver disengaged due to inappropriate braking, caused by perception issue."
Toyota Research Institute,AVT050,1/14/2020 13:14,JTHDU1EF0G5020107,No,Yes,Test Driver,street,Safety Driver disengaged near crosswalk due to overly conservative vehicle behavior.
Toyota Research Institute,AVT050,1/14/2020 13:18,JTHDU1EF0G5020107,No,Yes,Test Driver,street,Safety Driver disengaged near crosswalk due to overly conservative vehicle behavior.
Toyota Research Institute,AVT050,1/14/2020 13:20,JTHDU1EF0G5020107,No,Yes,Test Driver,street,Safety Driver disengaged due to inappropriate braking proposal.
Toyota Research Institute,AVT050,1/14/2020 13:39,JTHDU1EF3G5020098,No,Yes,Test Driver,street,Safety Driver disengaged near crosswalk due to overly conservative vehicle behavior.
Toyota Research Institute,AVT050,1/14/2020 13:45,JTHDU1EF3G5020098,No,Yes,Test Driver,street,Safety Driver disengaged due to inappropriate steering.
Toyota Research Institute,AVT050,1/14/2020 15:15,JTHDU1EF6G5020094,No,Yes,Test Driver,street,Safety Driver disengaged near crosswalk due to overly conservative vehicle behavior.
Toyota Research Institute,AVT050,1/14/2020 15:28,JTHDU1EF6G5020094,No,Yes,Test Driver,street,Safety Driver disengaged to ensure proper behavior at traffic light.
Toyota Research Institute,AVT050,1/14/2020 16:23,JTHDU1EF0G5020124,No,Yes,Test Driver,street,Safety Driver disengaged due to harsh braking.
Toyota Research Institute,AVT050,1/14/2020 16:27,JTHDU1EF0G5020124,No,Yes,Test Driver,street,Safety Driver disengaged to ensure proper behavior at traffic light.
Toyota Research Institute,AVT050,1/14/2020 16:28,JTHDU1EF0G5020124,No,Yes,Test Driver,street,Safety Driver disengaged due to inappropriate braking proposal.
Toyota Research Institute,AVT050,1/14/2020 16:37,JTHDU1EF0G5020124,No,Yes,Test Driver,street,Safety Driver disengaged due to inappropriate braking proposal.
Toyota Research Institute,AVT050,1/14/2020 17:12,JTHDU1EF0G5020107,No,Yes,Test Driver,street,Safety Driver disengaged near crosswalk due to overly conservative vehicle behavior.
Toyota Research Institute,AVT050,1/14/2020 17:17,JTHDU1EF0G5020107,No,Yes,Test Driver,street,"Safety Driver disengaged due to inappropriate braking, caused by perception issue."
Toyota Research Institute,AVT050,1/14/2020 17:20,JTHDU1EF0G5020107,No,Yes,Test Driver,street,Safety Driver disengaged due to issue with lane change maneuver.
Toyota Research Institute,AVT050,1/14/2020 17:24,JTHDU1EF0G5020124,No,Yes,Test Driver,street,Safety Driver disengaged due to inappropriate braking proposal.
Toyota Research Institute,AVT050,1/14/2020 17:28,JTHDU1EF0G5020124,No,Yes,Test Driver,street,Safety Driver disengaged near crosswalk due to overly conservative vehicle behavior.
Toyota Research Institute,AVT050,1/14/2020 17:34,JTHDU1EF0G5020124,No,Yes,Test Driver,street,Safety Driver disengaged due to inappropriate braking proposal.
Toyota Research Institute,AVT050,1/14/2020 17:41,JTHDU1EF0G5020107,No,Yes,Test Driver,street,"Safety Driver disengaged due to inappropriate braking, caused by perception issue."
Toyota Research Institute,AVT050,1/14/2020 17:46,JTHDU1EF0G5020107,No,Yes,Test Driver,street,Safety Driver disengaged to manually drive through crosswalk.
Toyota Research Institute,AVT050,1/15/2020 10:55,JTHDU1EF6G5020094,No,Yes,Test Driver,street,Safety Driver disengaged due to inappropriate braking proposal.
Toyota Research Institute,AVT050,1/15/2020 11:01,JTHDU1EF6G5020094,No,Yes,Test Driver,street,Safety Driver disengaged to ensure proper behavior at traffic light.
Toyota Research Institute,AVT050,1/15/2020 11:24,JTHDU1EF0G5020124,No,Yes,Test Driver,street,Safety Driver disengaged to ensure proper behavior at traffic light.
Toyota Research Institute,AVT050,1/15/2020 11:32,JTHDU1EF0G5020124,No,Yes,Test Driver,street,Safety Driver disengaged upon judging that vehicle was too close to other road user or obstacle.
Toyota Research Institute,AVT050,1/15/2020 11:51,JTHDU1EF0G5020124,No,Yes,Test Driver,street,Safety Driver disengaged near crosswalk due to overly conservative vehicle behavior.
Toyota Research Institute,AVT050,1/15/2020 17:42,JTHDU1EF3G5020098,No,Yes,Test Driver,street,Safety Driver disengaged upon judging that vehicle was too close to road boundary.
Toyota Research Institute,AVT050,1/15/2020 18:41,JTHDU1EF0G5020107,No,Yes,Test Driver,street,Safety Driver disengaged upon judging that vehicle was too close to road boundary.
Toyota Research Institute,AVT050,1/15/2020 19:11,JTHDU1EF0G5020107,No,Yes,Test Driver,street,"Safety Driver disengaged due to inappropriate braking, caused by perception issue."
Toyota Research Institute,AVT050,1/15/2020 19:29,JTHCYLFF9J5001363,No,Yes,Test Driver,street,"Safety Driver disengaged due to inappropriate braking, caused by perception issue."
Toyota Research Institute,AVT050,1/15/2020 19:53,JTHCYLFF9J5001363,No,Yes,Test Driver,street,Safety Driver disengaged due to inappropriate braking proposal.
Toyota Research Institute,AVT050,1/15/2020 19:58,JTHCYLFF9J5001363,No,Yes,Test Driver,street,"Safety Driver disengaged due to inappropriate braking, caused by perception issue."
Toyota Research Institute,AVT050,1/15/2020 20:00,JTHCYLFF9J5001363,No,Yes,Test Driver,street,Safety Driver disengaged due to inappropriate steering.
Toyota Research Institute,AVT050,1/16/2020 19:08,JTHDU1EF0G5020107,No,Yes,Test Driver,street,"Safety Driver disengaged due to inappropriate braking, caused by perception issue."
Toyota Research Institute,AVT050,1/16/2020 19:13,JTHDU1EF6G5020094,No,Yes,Test Driver,street,Safety Driver disengaged to ensure proper behavior at traffic light.
Toyota Research Institute,AVT050,1/16/2020 19:20,JTHDU1EF0G5020107,No,Yes,Test Driver,street,Safety Driver disengaged due to issue with lane change maneuver.
Toyota Research Institute,AVT050,1/16/2020 19:20,JTHDU1EF6G5020094,No,Yes,Test Driver,street,"Safety Driver disengaged due to inappropriate braking, caused by perception issue."
Toyota Research Institute,AVT050,1/16/2020 19:20,JTHDU1EF6G5020094,No,Yes,Test Driver,street,"Safety Driver disengaged due to inappropriate braking, caused by perception issue."
Toyota Research Institute,AVT050,1/16/2020 19:23,JTHDU1EF6G5020094,No,Yes,Test Driver,street,"Safety Driver disengaged due to inappropriate braking, caused by perception issue."
Toyota Research Institute,AVT050,1/16/2020 19:24,JTHDU1EF6G5020094,No,Yes,Test Driver,street,"Safety Driver disengaged due to inappropriate braking, caused by perception issue."
Toyota Research Institute,AVT050,1/16/2020 19:27,JTHDU1EF6G5020094,No,Yes,Test Driver,street,"Safety Driver disengaged due to inappropriate braking, caused by perception issue."
Toyota Research Institute,AVT050,1/16/2020 19:39,JTHDU1EF6G5020094,No,Yes,Test Driver,street,Safety Driver disengaged due to inappropriate braking proposal.
Toyota Research Institute,AVT050,1/16/2020 19:41,JTHDU1EF6G5020094,No,Yes,Test Driver,street,"Safety Driver disengaged due to inappropriate braking, caused by perception issue."
Toyota Research Institute,AVT050,1/16/2020 19:42,JTHDU1EF6G5020094,No,Yes,Test Driver,street,"Safety Driver disengaged due to inappropriate braking, caused by perception issue."
Toyota Research Institute,AVT050,1/17/2020 10:37,JTHCYLFF9J5001363,No,Yes,Test Driver,street,Safety Driver disengaged due to inappropriate braking proposal.
Toyota Research Institute,AVT050,1/17/2020 10:47,JTHCYLFF9J5001363,No,Yes,Test Driver,street,Safety Driver disengaged due to inappropriate braking proposal.
Toyota Research Institute,AVT050,1/17/2020 10:47,JTHCYLFF9J5001363,No,Yes,Test Driver,street,Safety Driver disengaged due to inappropriate braking proposal.
Toyota Research Institute,AVT050,1/17/2020 11:04,JTHDU1EF0G5020124,No,Yes,Test Driver,street,Safety Driver disengaged due to inappropriate steering.
Toyota Research Institute,AVT050,1/17/2020 11:05,JTHCYLFF9J5001363,No,Yes,Test Driver,street,Safety Driver disengaged due to inappropriate braking proposal.
Toyota Research Institute,AVT050,1/17/2020 11:07,JTHCYLFF9J5001363,No,Yes,Test Driver,street,Safety Driver disengaged due to inappropriate braking proposal.
Toyota Research Institute,AVT050,1/17/2020 11:07,JTHCYLFF9J5001363,No,Yes,Test Driver,street,Safety Driver disengaged due to inappropriate braking proposal.
Toyota Research Institute,AVT050,1/17/2020 11:09,JTHDU1EF0G5020124,No,Yes,Test Driver,street,Safety Driver disengaged due to inappropriate braking proposal.
Toyota Research Institute,AVT050,1/17/2020 11:18,JTHCYLFF9J5001363,No,Yes,Test Driver,street,Safety Driver disengaged due to inappropriate steering.
Toyota Research Institute,AVT050,1/17/2020 11:22,JTHCYLFF9J5001363,No,Yes,Test Driver,street,Safety Driver disengaged due to inappropriate braking proposal.
Toyota Research Institute,AVT050,1/17/2020 11:34,JTHCYLFF9J5001363,No,Yes,Test Driver,street,Safety Driver disengaged due to harsh braking.
Toyota Research Institute,AVT050,1/17/2020 11:40,JTHCYLFF9J5001363,No,Yes,Test Driver,street,Safety Driver disengaged due to inappropriate braking proposal.
Toyota Research Institute,AVT050,1/17/2020 11:48,JTHDU1EF0G5020107,No,Yes,Test Driver,street,Safety Driver disengaged upon judging that vehicle was too close to road boundary.
Toyota Research Institute,AVT050,1/17/2020 12:02,JTHDU1EF0G5020107,No,Yes,Test Driver,street,Safety Driver disengaged upon judging that vehicle was too close to road boundary.
Toyota Research Institute,AVT050,1/17/2020 12:15,JTHCYLFF9J5001363,No,Yes,Test Driver,street,Safety Driver disengaged due to issue with lane change maneuver.
Toyota Research Institute,AVT050,1/17/2020 12:16,JTHCYLFF9J5001363,No,Yes,Test Driver,street,Safety Driver disengaged to ensure proper behavior at traffic light.
Toyota Research Institute,AVT050,1/17/2020 12:40,JTHCYLFF9J5001363,No,Yes,Test Driver,street,Safety Driver disengaged upon judging that vehicle was too close to road boundary.
Toyota Research Institute,AVT050,1/17/2020 12:51,JTHCYLFF9J5001363,No,Yes,Test Driver,street,Safety Driver disengaged due to issue with lane change maneuver.
Toyota Research Institute,AVT050,1/17/2020 13:56,JTHCYLFF9J5001363,No,Yes,Test Driver,street,Safety Driver disengaged due to inappropriate braking proposal.
Toyota Research Institute,AVT050,1/17/2020 16:30,JTHCYLFF9J5001363,No,Yes,Test Driver,street,Safety Driver disengaged to ensure proper behavior at traffic light.
Toyota Research Institute,AVT050,1/17/2020 16:58,JTHCYLFF9J5001363,No,Yes,Test Driver,street,Safety Driver disengaged to ensure proper behavior at traffic light.
Toyota Research Institute,AVT050,1/17/2020 17:37,JTHDU1EF0G5020124,No,Yes,Test Driver,street,Safety Driver disengaged due to inappropriate braking proposal.
Toyota Research Institute,AVT050,1/17/2020 17:43,JTHDU1EF0G5020124,No,Yes,Test Driver,street,Safety Driver disengaged to ensure proper behavior at traffic light.
Toyota Research Institute,AVT050,1/18/2020 16:43,JTHCYLFF9J5001363,No,Yes,Test Driver,street,Safety Driver disengaged upon judging that vehicle was too close to other road user or obstacle.
Toyota Research Institute,AVT050,1/18/2020 16:49,JTHCYLFF9J5001363,No,Yes,Test Driver,street,"Safety Driver disengaged due to inappropriate braking, caused by perception issue."
Toyota Research Institute,AVT050,1/18/2020 18:04,JTHCYLFF9J5001363,No,Yes,Test Driver,street,Safety Driver disengaged to ensure proper behavior at traffic light.
Toyota Research Institute,AVT050,1/18/2020 18:17,JTHCYLFF9J5001363,No,Yes,Test Driver,street,"Safety Driver disengaged due to inappropriate braking, caused by perception issue."
Toyota Research Institute,AVT050,1/18/2020 18:25,JTHCYLFF9J5001363,No,Yes,Test Driver,street,Safety Driver disengaged due to inappropriate braking proposal.
Toyota Research Institute,AVT050,1/20/2020 16:44,JTHCYLFF9J5001363,No,Yes,Test Driver,street,Safety Driver disengaged due to inappropriate steering.
Toyota Research Institute,AVT050,1/20/2020 18:06,JTHCYLFF9J5001363,No,Yes,Test Driver,street,"Safety Driver disengaged due to inappropriate braking, caused by perception issue."
Toyota Research Institute,AVT050,1/20/2020 19:08,JTHCYLFF9J5001363,No,Yes,Test Driver,street,Safety Driver disengaged due to inappropriate braking proposal.
Toyota Research Institute,AVT050,1/20/2020 19:09,JTHCYLFF9J5001363,No,Yes,Test Driver,street,Safety Driver disengaged due to inappropriate steering.
Toyota Research Institute,AVT050,1/20/2020 19:10,JTHCYLFF9J5001363,No,Yes,Test Driver,street,Safety Driver disengaged due to inappropriate steering.
Toyota Research Institute,AVT050,1/20/2020 19:11,JTHCYLFF9J5001363,No,Yes,Test Driver,street,"Safety Driver disengaged due to inappropriate braking, caused by perception issue."
Toyota Research Institute,AVT050,1/21/2020 12:14,JTHDU1EF6G5020094,No,Yes,Test Driver,street,"Safety Driver disengaged due to inappropriate braking, caused by perception issue."
Toyota Research Institute,AVT050,1/21/2020 12:19,JTHDU1EF6G5020094,No,Yes,Test Driver,street,Safety Driver disengaged to ensure proper behavior at traffic light.
Toyota Research Institute,AVT050,1/21/2020 12:21,JTHDU1EF6G5020094,No,Yes,Test Driver,street,"Safety Driver disengaged due to inappropriate braking, caused by perception issue."
Toyota Research Institute,AVT050,1/21/2020 12:25,JTHCYLFF9J5001363,No,Yes,Test Driver,street,Safety Driver disengaged due to inappropriate braking proposal.
Toyota Research Institute,AVT050,1/21/2020 12:38,JTHDU1EF6G5020094,No,Yes,Test Driver,street,"Safety Driver disengaged due to inappropriate braking, caused by perception issue."
Toyota Research Institute,AVT050,1/21/2020 12:47,JTHCYLFF9J5001363,No,Yes,Test Driver,street,Safety Driver disengaged due to inappropriate steering.
Toyota Research Institute,AVT050,1/21/2020 12:57,JTHDU1EF6G5020094,No,Yes,Test Driver,street,Safety Driver disengaged to ensure proper behavior at traffic light.
Toyota Research Institute,AVT050,1/21/2020 13:01,JTHDU1EF0G5020124,No,Yes,Test Driver,street,Safety Driver disengaged due to inappropriate braking proposal.
Toyota Research Institute,AVT050,1/21/2020 13:12,JTHDU1EF0G5020124,No,Yes,Test Driver,street,Safety Driver disengaged due to inappropriate braking proposal.
Toyota Research Institute,AVT050,1/21/2020 13:26,JTHDU1EF0G5020124,No,Yes,Test Driver,street,Safety Driver disengaged due to inappropriate braking proposal.
Toyota Research Institute,AVT050,1/21/2020 13:26,JTHDU1EF0G5020124,No,Yes,Test Driver,street,Safety Driver disengaged due to inappropriate braking proposal.
Toyota Research Institute,AVT050,1/21/2020 13:56,JTHCYLFF9J5001363,No,Yes,Test Driver,street,Safety Driver disengaged upon judging that vehicle was too close to other road user or obstacle.
Toyota Research Institute,AVT050,1/21/2020 13:57,JTHDU1EF0G5020124,No,Yes,Test Driver,street,Safety Driver disengaged to ensure proper behavior at traffic light.
Toyota Research Institute,AVT050,1/21/2020 13:58,JTHCYLFF9J5001363,No,Yes,Test Driver,street,Safety Driver disengaged upon judging that vehicle was too close to other road user or obstacle.
Toyota Research Institute,AVT050,1/21/2020 13:58,JTHCYLFF9J5001363,No,Yes,Test Driver,street,Safety Driver disengaged upon judging that vehicle was too close to other road user or obstacle.
Toyota Research Institute,AVT050,1/21/2020 14:00,JTHDU1EF0G5020124,No,Yes,Test Driver,street,Safety Driver disengaged due to inappropriate braking proposal.
Toyota Research Institute,AVT050,1/21/2020 14:01,JTHDU1EF0G5020124,No,Yes,Test Driver,street,"Safety Driver disengaged due to inappropriate braking, caused by perception issue."
Toyota Research Institute,AVT050,1/21/2020 14:19,JTHDU1EF0G5020124,No,Yes,Test Driver,street,Safety Driver disengaged due to inappropriate braking proposal.
Toyota Research Institute,AVT050,1/21/2020 16:21,JTHDU1EF0G5020124,No,Yes,Test Driver,street,Safety Driver disengaged to ensure proper behavior at traffic light.
Toyota Research Institute,AVT050,1/21/2020 16:24,JTHDU1EF0G5020124,No,Yes,Test Driver,street,Safety Driver disengaged due to inappropriate braking proposal.
Toyota Research Institute,AVT050,1/21/2020 16:25,JTHDU1EF0G5020124,No,Yes,Test Driver,street,Safety Driver disengaged near crosswalk due to overly conservative vehicle behavior.
Toyota Research Institute,AVT050,1/21/2020 16:28,JTHDU1EF0G5020124,No,Yes,Test Driver,street,Safety Driver disengaged to manually drive through crosswalk.
Toyota Research Institute,AVT050,1/21/2020 16:31,JTHDU1EF0G5020124,No,Yes,Test Driver,street,Safety Driver disengaged due to inappropriate steering.
Toyota Research Institute,AVT050,1/21/2020 16:31,JTHDU1EF0G5020124,No,Yes,Test Driver,street,Safety Driver disengaged due to inappropriate steering.
Toyota Research Institute,AVT050,1/21/2020 16:32,JTHDU1EF0G5020124,No,Yes,Test Driver,street,Safety Driver disengaged due to inappropriate braking proposal.
Toyota Research Institute,AVT050,1/21/2020 17:13,JTHDU1EF6G5020094,No,Yes,Test Driver,street,Safety Driver disengaged due to inappropriate steering.
Toyota Research Institute,AVT050,1/21/2020 17:17,JTHDU1EF3G5020098,No,Yes,Test Driver,street,"Safety Driver disengaged due to inappropriate braking, caused by perception issue."
Toyota Research Institute,AVT050,1/21/2020 17:24,JTHDU1EF6G5020094,No,Yes,Test Driver,street,Safety Driver disengaged to ensure proper behavior at traffic light.
Toyota Research Institute,AVT050,1/21/2020 17:28,JTHDU1EF0G5020124,No,Yes,Test Driver,street,Safety Driver disengaged due to inappropriate braking proposal.
Toyota Research Institute,AVT050,1/21/2020 17:36,JTHDU1EF6G5020094,No,Yes,Test Driver,street,"Safety Driver disengaged due to inappropriate braking, caused by perception issue."
Toyota Research Institute,AVT050,1/21/2020 18:25,JTHDU1EF3G5020098,No,Yes,Test Driver,street,Safety Driver disengaged due to inappropriate steering.
Toyota Research Institute,AVT050,1/21/2020 18:29,JTHDU1EF3G5020098,No,Yes,Test Driver,street,Safety Driver disengaged due to inappropriate steering.
Toyota Research Institute,AVT050,1/21/2020 18:31,JTHDU1EF3G5020098,No,Yes,Test Driver,street,Safety Driver disengaged due to inappropriate steering.
Toyota Research Institute,AVT050,1/22/2020 10:49,JTHDU1EF0G5020124,No,Yes,Test Driver,street,Safety Driver disengaged to ensure proper behavior at traffic light.
Toyota Research Institute,AVT050,1/22/2020 10:56,JTHDU1EF6G5020094,No,Yes,Test Driver,street,Safety Driver disengaged near crosswalk due to overly conservative vehicle behavior.
Toyota Research Institute,AVT050,1/22/2020 11:01,JTHCYLFF9J5001363,No,Yes,Test Driver,street,"Safety Driver disengaged due to inappropriate braking, caused by perception issue."
Toyota Research Institute,AVT050,1/22/2020 11:05,JTHCYLFF9J5001363,No,Yes,Test Driver,street,"Safety Driver disengaged due to inappropriate braking, caused by perception issue."
Toyota Research Institute,AVT050,1/22/2020 11:06,JTHDU1EF6G5020094,No,Yes,Test Driver,street,Safety Driver disengaged due to inappropriate braking proposal.
Toyota Research Institute,AVT050,1/22/2020 11:07,JTHCYLFF9J5001363,No,Yes,Test Driver,street,"Safety Driver disengaged due to inappropriate braking, caused by perception issue."
Toyota Research Institute,AVT050,1/22/2020 11:08,JTHCYLFF9J5001363,No,Yes,Test Driver,street,"Safety Driver disengaged due to inappropriate braking, caused by perception issue."
Toyota Research Institute,AVT050,1/22/2020 11:08,JTHDU1EF6G5020094,No,Yes,Test Driver,street,Safety Driver disengaged due to inappropriate braking proposal.
Toyota Research Institute,AVT050,1/22/2020 11:11,JTHDU1EF6G5020094,No,Yes,Test Driver,street,Safety Driver disengaged due to inappropriate braking proposal.
Toyota Research Institute,AVT050,1/22/2020 11:13,JTHCYLFF9J5001363,No,Yes,Test Driver,street,"Safety Driver disengaged due to inappropriate braking, caused by perception issue."
Toyota Research Institute,AVT050,1/22/2020 11:28,JTHDU1EF0G5020124,No,Yes,Test Driver,street,Safety Driver disengaged due to inappropriate braking proposal.
Toyota Research Institute,AVT050,1/22/2020 11:28,JTHDU1EF0G5020124,No,Yes,Test Driver,street,"Safety Driver disengaged due to inappropriate braking, caused by perception issue."
Toyota Research Institute,AVT050,1/22/2020 11:31,JTHDU1EF0G5020124,No,Yes,Test Driver,street,"Safety Driver disengaged due to inappropriate braking, caused by perception issue."
Toyota Research Institute,AVT050,1/22/2020 11:31,JTHCYLFF9J5001363,No,Yes,Test Driver,street,"Safety Driver disengaged due to inappropriate braking, caused by perception issue."
Toyota Research Institute,AVT050,1/22/2020 11:32,JTHDU1EF6G5020094,No,Yes,Test Driver,street,Safety Driver disengaged due to inappropriate steering.
Toyota Research Institute,AVT050,1/22/2020 11:32,JTHCYLFF9J5001363,No,Yes,Test Driver,street,Safety Driver disengaged due to inappropriate steering.
Toyota Research Institute,AVT050,1/22/2020 11:41,JTHDU1EF3G5020098,No,Yes,Test Driver,street,Safety Driver disengaged due to inappropriate steering.
Toyota Research Institute,AVT050,1/22/2020 11:42,JTHDU1EF6G5020094,No,Yes,Test Driver,street,Safety Driver disengaged upon judging that vehicle was too close to road boundary.
Toyota Research Institute,AVT050,1/22/2020 11:47,JTHDU1EF0G5020124,No,Yes,Test Driver,street,Safety Driver disengaged to ensure proper behavior at traffic light.
Toyota Research Institute,AVT050,1/22/2020 12:06,JTHDU1EF3G5020098,No,Yes,Test Driver,street,Safety Driver disengaged due to inappropriate braking proposal.
Toyota Research Institute,AVT050,1/22/2020 12:12,JTHDU1EF3G5020098,No,Yes,Test Driver,street,Safety Driver disengaged near crosswalk due to overly conservative vehicle behavior.
Toyota Research Institute,AVT050,1/22/2020 12:12,JTHDU1EF3G5020098,No,Yes,Test Driver,street,Safety Driver disengaged due to harsh braking.
Toyota Research Institute,AVT050,1/22/2020 12:14,JTHDU1EF3G5020098,No,Yes,Test Driver,street,Safety Driver disengaged upon judging that vehicle was too close to road boundary.
Toyota Research Institute,AVT050,1/22/2020 12:20,JTHDU1EF3G5020098,No,Yes,Test Driver,street,Safety Driver disengaged due to inappropriate steering.
Toyota Research Institute,AVT050,1/22/2020 12:22,JTHDU1EF0G5020124,No,Yes,Test Driver,street,"Safety Driver disengaged due to inappropriate braking, caused by perception issue."
Toyota Research Institute,AVT050,1/22/2020 13:09,JTHDU1EF0G5020124,No,Yes,Test Driver,street,"Safety Driver disengaged due to inappropriate braking, caused by perception issue."
Toyota Research Institute,AVT050,1/22/2020 13:18,JTHDU1EF0G5020124,No,Yes,Test Driver,street,"Safety Driver disengaged due to inappropriate braking, caused by perception issue."
Toyota Research Institute,AVT050,1/22/2020 13:20,JTHDU1EF0G5020124,No,Yes,Test Driver,street,"Safety Driver disengaged due to inappropriate braking, caused by perception issue."
Toyota Research Institute,AVT050,1/22/2020 13:21,JTHDU1EF6G5020094,No,Yes,Test Driver,street,Safety Driver disengaged due to inappropriate braking proposal.
Toyota Research Institute,AVT050,1/22/2020 13:22,JTHDU1EF6G5020094,No,Yes,Test Driver,street,Safety Driver disengaged due to inappropriate braking proposal.
Toyota Research Institute,AVT050,1/22/2020 13:30,JTHDU1EF6G5020094,No,Yes,Test Driver,street,Safety Driver disengaged due to inappropriate braking proposal.
Toyota Research Institute,AVT050,1/22/2020 13:47,JTHDU1EF6G5020094,No,Yes,Test Driver,street,Safety Driver disengaged to ensure proper behavior at traffic light.
Toyota Research Institute,AVT050,1/22/2020 16:20,JTHDU1EF0G5020124,No,Yes,Test Driver,street,Safety Driver disengaged due to inappropriate braking proposal.
Toyota Research Institute,AVT050,1/22/2020 16:28,JTHDU1EF0G5020124,No,Yes,Test Driver,street,Safety Driver disengaged near crosswalk due to overly conservative vehicle behavior.
Toyota Research Institute,AVT050,1/22/2020 16:31,JTHDU1EF0G5020124,No,Yes,Test Driver,street,Safety Driver disengaged due to inappropriate braking proposal.
Toyota Research Institute,AVT050,1/22/2020 16:53,JTHDU1EF3G5020098,No,Yes,Test Driver,street,Safety Driver disengaged near crosswalk due to overly conservative vehicle behavior.
Toyota Research Institute,AVT050,1/22/2020 16:53,JTHDU1EF0G5020124,No,Yes,Test Driver,street,Safety Driver disengaged to ensure proper behavior at traffic light.
Toyota Research Institute,AVT050,1/22/2020 16:58,JTHDU1EF3G5020098,No,Yes,Test Driver,street,Safety Driver disengaged to ensure proper behavior at traffic light.
Toyota Research Institute,AVT050,1/22/2020 16:58,JTHDU1EF0G5020124,No,Yes,Test Driver,street,Safety Driver disengaged due to inappropriate braking proposal.
Toyota Research Institute,AVT050,1/22/2020 17:03,JTHDU1EF0G5020124,No,Yes,Test Driver,street,Safety Driver disengaged near crosswalk due to overly conservative vehicle behavior.
Toyota Research Institute,AVT050,1/22/2020 17:09,JTHDU1EF0G5020124,No,Yes,Test Driver,street,Safety Driver disengaged due to inappropriate braking proposal.
Toyota Research Institute,AVT050,1/22/2020 17:31,JTHDU1EF0G5020124,No,Yes,Test Driver,street,Safety Driver disengaged near crosswalk due to overly conservative vehicle behavior.
Toyota Research Institute,AVT050,1/22/2020 17:35,JTHDU1EF0G5020124,No,Yes,Test Driver,street,Safety Driver disengaged due to inappropriate braking proposal.
Toyota Research Institute,AVT050,1/22/2020 18:17,JTHCYLFF9J5001363,No,Yes,Test Driver,street,"Safety Driver disengaged due to inappropriate braking, caused by perception issue."
Toyota Research Institute,AVT050,1/22/2020 18:18,JTHCYLFF9J5001363,No,Yes,Test Driver,street,Safety Driver disengaged to ensure proper behavior at traffic light.
Toyota Research Institute,AVT050,1/22/2020 18:19,JTHCYLFF9J5001363,No,Yes,Test Driver,street,Safety Driver disengaged due to inappropriate braking proposal.
Toyota Research Institute,AVT050,1/22/2020 18:28,JTHCYLFF9J5001363,No,Yes,Test Driver,street,Safety Driver disengaged due to inappropriate braking proposal.
Toyota Research Institute,AVT050,1/23/2020 11:18,JTHDU1EF6G5020094,No,Yes,Test Driver,street,"Safety Driver disengaged due to inappropriate braking, caused by perception issue."
Toyota Research Institute,AVT050,1/23/2020 11:25,JTHDU1EF6G5020094,No,Yes,Test Driver,street,Safety Driver disengaged upon judging that vehicle was too close to other road user or obstacle.
Toyota Research Institute,AVT050,1/23/2020 11:31,JTHDU1EF6G5020094,No,Yes,Test Driver,street,Safety Driver disengaged to ensure proper behavior at traffic light.
Toyota Research Institute,AVT050,1/23/2020 12:05,JTHDU1EF6G5020094,No,Yes,Test Driver,street,Safety Driver disengaged due to inappropriate steering.
Toyota Research Institute,AVT050,1/23/2020 12:59,JTHDU1EF3G5020098,No,Yes,Test Driver,street,Safety Driver disengaged due to inappropriate braking proposal.
Toyota Research Institute,AVT050,1/23/2020 13:07,JTHDU1EF3G5020098,No,Yes,Test Driver,street,"Safety Driver disengaged due to inappropriate braking, caused by perception issue."
Toyota Research Institute,AVT050,1/23/2020 13:07,JTHDU1EF3G5020098,No,Yes,Test Driver,street,"Safety Driver disengaged due to inappropriate braking, caused by perception issue."
Toyota Research Institute,AVT050,1/23/2020 13:12,JTHDU1EF3G5020098,No,Yes,Test Driver,street,"Safety Driver disengaged due to inappropriate braking, caused by perception issue."
Toyota Research Institute,AVT050,1/23/2020 13:18,JTHDU1EF6G5020094,No,Yes,Test Driver,street,Safety Driver disengaged to ensure proper behavior at traffic light.
Toyota Research Institute,AVT050,1/23/2020 13:20,JTHDU1EF6G5020094,No,Yes,Test Driver,street,Safety Driver disengaged due to inappropriate braking proposal.
Toyota Research Institute,AVT050,1/23/2020 13:26,JTHDU1EF6G5020094,No,Yes,Test Driver,street,Safety Driver disengaged due to inappropriate steering.
Toyota Research Institute,AVT050,1/23/2020 13:29,JTHDU1EF3G5020098,No,Yes,Test Driver,street,"Safety Driver disengaged due to inappropriate braking, caused by perception issue."
Toyota Research Institute,AVT050,1/23/2020 13:30,JTHDU1EF6G5020094,No,Yes,Test Driver,street,Safety Driver disengaged to ensure proper behavior at traffic light.
Toyota Research Institute,AVT050,1/23/2020 13:31,JTHDU1EF3G5020098,No,Yes,Test Driver,street,"Safety Driver disengaged due to inappropriate braking, caused by perception issue."
Toyota Research Institute,AVT050,1/23/2020 13:42,JTHDU1EF6G5020094,No,Yes,Test Driver,street,Safety Driver disengaged to ensure proper behavior at traffic light.
Toyota Research Institute,AVT050,1/23/2020 13:42,JTHDU1EF3G5020098,No,Yes,Test Driver,street,Safety Driver disengaged due to inappropriate braking proposal.
Toyota Research Institute,AVT050,1/23/2020 16:16,JTHCYLFF9J5001363,No,Yes,Test Driver,street,"Safety Driver disengaged due to inappropriate braking, caused by perception issue."
Toyota Research Institute,AVT050,1/23/2020 16:21,JTHCYLFF9J5001363,No,Yes,Test Driver,street,Safety Driver disengaged to ensure proper behavior at traffic light.
Toyota Research Institute,AVT050,1/23/2020 16:33,JTHCYLFF9J5001363,No,Yes,Test Driver,street,Safety Driver disengaged due to inappropriate braking proposal.
Toyota Research Institute,AVT050,1/23/2020 16:35,JTHDU1EF0G5020124,No,Yes,Test Driver,street,Safety Driver disengaged due to inappropriate braking proposal.
Toyota Research Institute,AVT050,1/23/2020 16:41,JTHCYLFF9J5001363,No,Yes,Test Driver,street,Safety Driver disengaged to ensure proper behavior at traffic light.
Toyota Research Institute,AVT050,1/23/2020 16:44,JTHDU1EF0G5020124,No,Yes,Test Driver,street,Safety Driver disengaged due to inappropriate braking proposal.
Toyota Research Institute,AVT050,1/23/2020 16:46,JTHCYLFF9J5001363,No,Yes,Test Driver,street,Safety Driver disengaged to ensure proper behavior at traffic light.
Toyota Research Institute,AVT050,1/23/2020 16:53,JTHCYLFF9J5001363,No,Yes,Test Driver,street,Safety Driver disengaged due to inappropriate braking proposal.
Toyota Research Institute,AVT050,1/23/2020 17:28,JTHDU1EF3G5020098,No,Yes,Test Driver,street,Safety Driver disengaged due to harsh braking.
Toyota Research Institute,AVT050,1/23/2020 17:36,JTHDU1EF3G5020098,No,Yes,Test Driver,street,"Safety Driver disengaged due to inappropriate braking, caused by perception issue."
Toyota Research Institute,AVT050,1/23/2020 17:42,JTHDU1EF6G5020094,No,Yes,Test Driver,street,"Safety Driver disengaged due to inappropriate braking, caused by perception issue."
Toyota Research Institute,AVT050,1/23/2020 17:49,JTHDU1EF6G5020094,No,Yes,Test Driver,street,Safety Driver disengaged to ensure proper behavior at traffic light.
Toyota Research Institute,AVT050,1/23/2020 17:58,JTHDU1EF6G5020094,No,Yes,Test Driver,street,Safety Driver disengaged due to issue with lane change maneuver.
Toyota Research Institute,AVT050,1/23/2020 18:07,JTHCYLFF9J5001363,No,Yes,Test Driver,street,"Safety Driver disengaged due to inappropriate braking, caused by perception issue."
Toyota Research Institute,AVT050,1/23/2020 18:08,JTHCYLFF9J5001363,No,Yes,Test Driver,street,Safety Driver disengaged to manually drive through crosswalk.
Toyota Research Institute,AVT050,1/23/2020 18:08,JTHCYLFF9J5001363,No,Yes,Test Driver,street,"Safety Driver disengaged due to inappropriate braking, caused by perception issue."
Toyota Research Institute,AVT050,1/23/2020 18:11,JTHDU1EF6G5020094,No,Yes,Test Driver,street,Safety Driver disengaged due to inappropriate steering.
Toyota Research Institute,AVT050,1/23/2020 18:14,JTHDU1EF6G5020094,No,Yes,Test Driver,street,Safety Driver disengaged due to harsh braking.
Toyota Research Institute,AVT050,1/23/2020 18:22,JTHDU1EF0G5020124,No,Yes,Test Driver,street,Safety Driver disengaged to manually drive through crosswalk.
Toyota Research Institute,AVT050,1/23/2020 18:22,JTHDU1EF0G5020124,No,Yes,Test Driver,street,Safety Driver disengaged to ensure proper behavior at traffic light.
Toyota Research Institute,AVT050,1/23/2020 18:24,JTHDU1EF0G5020124,No,Yes,Test Driver,street,Safety Driver disengaged near crosswalk due to overly conservative vehicle behavior.
Toyota Research Institute,AVT050,1/23/2020 18:32,JTHCYLFF9J5001363,No,Yes,Test Driver,street,Safety Driver disengaged to ensure proper behavior at traffic light.
Toyota Research Institute,AVT050,1/23/2020 18:41,JTHCYLFF9J5001363,No,Yes,Test Driver,street,Safety Driver disengaged upon judging that vehicle was too close to road boundary.
Toyota Research Institute,AVT050,1/24/2020 11:26,JTHCYLFF9J5001363,No,Yes,Test Driver,street,Safety Driver disengaged due to inappropriate steering.
Toyota Research Institute,AVT050,1/24/2020 11:29,JTHCYLFF9J5001363,No,Yes,Test Driver,street,"Safety Driver disengaged due to inappropriate braking, caused by perception issue."
Toyota Research Institute,AVT050,1/24/2020 11:30,JTHDU1EF0G5020124,No,Yes,Test Driver,street,Safety Driver disengaged to manually drive through crosswalk.
Toyota Research Institute,AVT050,1/24/2020 11:32,JTHCYLFF9J5001363,No,Yes,Test Driver,street,Safety Driver disengaged due to inappropriate braking proposal.
Toyota Research Institute,AVT050,1/24/2020 11:36,JTHDU1EF0G5020124,No,Yes,Test Driver,street,Safety Driver disengaged near crosswalk due to overly conservative vehicle behavior.
Toyota Research Institute,AVT050,1/24/2020 11:43,JTHDU1EF0G5020124,No,Yes,Test Driver,street,"Safety Driver disengaged due to inappropriate braking, caused by perception issue."
Toyota Research Institute,AVT050,1/24/2020 12:04,JTHDU1EF0G5020124,No,Yes,Test Driver,street,Safety Driver disengaged to ensure proper behavior at traffic light.
Toyota Research Institute,AVT050,1/24/2020 12:11,JTHDU1EF0G5020124,No,Yes,Test Driver,street,Safety Driver disengaged due to inappropriate braking proposal.
Toyota Research Institute,AVT050,1/24/2020 12:31,JTHDU1EF0G5020124,No,Yes,Test Driver,street,Safety Driver disengaged due to inappropriate steering.
Toyota Research Institute,AVT050,1/24/2020 12:37,JTHDU1EF0G5020124,No,Yes,Test Driver,street,Safety Driver disengaged due to inappropriate braking proposal.
Toyota Research Institute,AVT050,1/24/2020 12:38,JTHDU1EF0G5020124,No,Yes,Test Driver,street,Safety Driver disengaged due to inappropriate braking proposal.
Toyota Research Institute,AVT050,1/24/2020 12:41,JTHDU1EF0G5020124,No,Yes,Test Driver,street,"Safety Driver disengaged due to inappropriate braking, caused by perception issue."
Toyota Research Institute,AVT050,1/24/2020 12:43,JTHDU1EF0G5020124,No,Yes,Test Driver,street,Safety Driver disengaged due to inappropriate braking proposal.
Toyota Research Institute,AVT050,1/24/2020 12:43,JTHDU1EF0G5020124,No,Yes,Test Driver,street,Safety Driver disengaged due to inappropriate braking proposal.
Toyota Research Institute,AVT050,1/24/2020 12:52,JTHCYLFF9J5001363,No,Yes,Test Driver,street,Safety Driver disengaged to ensure proper behavior at traffic light.
Toyota Research Institute,AVT050,1/24/2020 13:00,JTHDU1EF0G5020107,No,Yes,Test Driver,street,Safety Driver disengaged due to inappropriate steering.
Toyota Research Institute,AVT050,1/24/2020 13:03,JTHDU1EF0G5020107,No,Yes,Test Driver,street,Safety Driver disengaged due to inappropriate steering.
Toyota Research Institute,AVT050,1/24/2020 13:16,JTHDU1EF0G5020107,No,Yes,Test Driver,street,Safety Driver disengaged due to inappropriate braking proposal.
Toyota Research Institute,AVT050,1/24/2020 13:18,JTHDU1EF0G5020107,No,Yes,Test Driver,street,Safety Driver disengaged due to inappropriate steering.
Toyota Research Institute,AVT050,1/24/2020 14:20,JTHCYLFF9J5001363,No,Yes,Test Driver,street,Safety Driver disengaged to ensure proper behavior at traffic light.
Toyota Research Institute,AVT050,1/24/2020 14:41,JTHCYLFF9J5001363,No,Yes,Test Driver,street,Safety Driver disengaged to ensure proper behavior at traffic light.
Toyota Research Institute,AVT050,1/24/2020 14:43,JTHCYLFF9J5001363,No,Yes,Test Driver,street,"Safety Driver disengaged due to inappropriate braking, caused by perception issue."
Toyota Research Institute,AVT050,1/24/2020 17:23,JTHDU1EF3G5020098,No,Yes,Test Driver,street,"Safety Driver disengaged due to inappropriate braking, caused by perception issue."
Toyota Research Institute,AVT050,1/24/2020 17:40,JTHDU1EF3G5020098,No,Yes,Test Driver,street,Safety Driver disengaged due to cut-in issue.
Toyota Research Institute,AVT050,1/25/2020 14:15,JTHCYLFF9J5001363,No,Yes,Test Driver,street,Safety Driver disengaged to ensure proper behavior at traffic light.
Toyota Research Institute,AVT050,1/25/2020 16:10,JTHCYLFF9J5001363,No,Yes,Test Driver,street,"Safety Driver disengaged due to inappropriate braking, caused by perception issue."
Toyota Research Institute,AVT050,1/25/2020 16:30,JTHCYLFF9J5001363,No,Yes,Test Driver,street,"Safety Driver disengaged due to inappropriate braking, caused by perception issue."
Toyota Research Institute,AVT050,1/25/2020 16:59,JTHCYLFF9J5001363,No,Yes,Test Driver,street,Safety Driver disengaged to ensure proper behavior at traffic light.
Toyota Research Institute,AVT050,1/25/2020 17:05,JTHCYLFF9J5001363,No,Yes,Test Driver,street,Safety Driver disengaged to ensure proper behavior at traffic light.
Toyota Research Institute,AVT050,1/26/2020 11:41,JTHDU1EF0G5020124,No,Yes,Test Driver,street,Safety Driver disengaged due to inappropriate braking proposal.
Toyota Research Institute,AVT050,1/26/2020 11:42,JTHCYLFF9J5001363,No,Yes,Test Driver,street,Safety Driver disengaged upon judging that vehicle was too close to other road user or obstacle.
Toyota Research Institute,AVT050,1/26/2020 11:42,JTHCYLFF9J5001363,No,Yes,Test Driver,street,"Safety Driver disengaged due to inappropriate braking, caused by perception issue."
Toyota Research Institute,AVT050,1/26/2020 11:42,JTHCYLFF9J5001363,No,Yes,Test Driver,street,"Safety Driver disengaged due to inappropriate braking, caused by perception issue."
Toyota Research Institute,AVT050,1/26/2020 11:43,JTHCYLFF9J5001363,No,Yes,Test Driver,street,Safety Driver disengaged due to cut-in issue.
Toyota Research Institute,AVT050,1/26/2020 11:48,JTHCYLFF9J5001363,No,Yes,Test Driver,street,Safety Driver disengaged to ensure proper behavior at traffic light.
Toyota Research Institute,AVT050,1/26/2020 11:55,JTHCYLFF9J5001363,No,Yes,Test Driver,street,Safety Driver disengaged upon judging that vehicle was too close to road boundary.
Toyota Research Institute,AVT050,1/26/2020 11:58,JTHCYLFF9J5001363,No,Yes,Test Driver,street,Safety Driver disengaged to ensure proper behavior at traffic light.
Toyota Research Institute,AVT050,1/26/2020 12:00,JTHDU1EF0G5020124,No,Yes,Test Driver,street,Safety Driver disengaged due to inappropriate braking proposal.
Toyota Research Institute,AVT050,1/26/2020 12:04,JTHDU1EF0G5020124,No,Yes,Test Driver,street,"Safety Driver disengaged due to inappropriate braking, caused by perception issue."
Toyota Research Institute,AVT050,1/26/2020 12:06,JTHDU1EF0G5020124,No,Yes,Test Driver,street,"Safety Driver disengaged due to inappropriate braking, caused by perception issue."
Toyota Research Institute,AVT050,1/26/2020 12:44,JTHCYLFF9J5001363,No,Yes,Test Driver,street,Safety Driver disengaged to ensure proper behavior at traffic light.
Toyota Research Institute,AVT050,1/26/2020 12:46,JTHCYLFF9J5001363,No,Yes,Test Driver,street,Safety Driver disengaged to ensure proper behavior at traffic light.
Toyota Research Institute,AVT050,1/26/2020 13:02,JTHCYLFF9J5001363,No,Yes,Test Driver,street,Safety Driver disengaged to ensure proper behavior at traffic light.
Toyota Research Institute,AVT050,1/26/2020 13:07,JTHCYLFF9J5001363,No,Yes,Test Driver,street,Safety Driver disengaged to ensure proper behavior at traffic light.
Toyota Research Institute,AVT050,1/26/2020 13:10,JTHDU1EF0G5020124,No,Yes,Test Driver,street,"Safety Driver disengaged due to inappropriate braking, caused by perception issue."
Toyota Research Institute,AVT050,1/26/2020 13:10,JTHDU1EF0G5020124,No,Yes,Test Driver,street,"Safety Driver disengaged due to inappropriate braking, caused by perception issue."
Toyota Research Institute,AVT050,1/26/2020 13:11,JTHCYLFF9J5001363,No,Yes,Test Driver,street,Safety Driver disengaged to manually drive through crosswalk.
Toyota Research Institute,AVT050,1/26/2020 13:15,JTHDU1EF0G5020124,No,Yes,Test Driver,street,Safety Driver disengaged due to inappropriate braking proposal.
Toyota Research Institute,AVT050,1/26/2020 13:43,JTHDU1EF0G5020124,No,Yes,Test Driver,street,Safety Driver disengaged to ensure proper behavior at traffic light.
Toyota Research Institute,AVT050,1/26/2020 13:50,JTHDU1EF0G5020124,No,Yes,Test Driver,street,Safety Driver disengaged to ensure proper behavior at traffic light.
Toyota Research Institute,AVT050,1/27/2020 14:14,JTHCYLFF9J5001363,No,Yes,Test Driver,street,"Safety Driver disengaged due to inappropriate braking, caused by perception issue."
Toyota Research Institute,AVT050,1/27/2020 16:30,JTHCYLFF9J5001363,No,Yes,Test Driver,street,Safety Driver disengaged due to inappropriate braking proposal.
Toyota Research Institute,AVT050,1/27/2020 16:47,JTHCYLFF9J5001363,No,Yes,Test Driver,street,Safety Driver disengaged to ensure proper behavior at traffic light.
Toyota Research Institute,AVT050,1/27/2020 17:00,JTHCYLFF9J5001363,No,Yes,Test Driver,street,Safety Driver disengaged to ensure proper behavior at traffic light.
Toyota Research Institute,AVT050,1/27/2020 17:07,JTHCYLFF9J5001363,No,Yes,Test Driver,street,Safety Driver disengaged to ensure proper behavior at traffic light.
Toyota Research Institute,AVT050,1/27/2020 17:35,JTHCYLFF9J5001363,No,Yes,Test Driver,street,Safety Driver disengaged to ensure proper behavior at traffic light.
Toyota Research Institute,AVT050,1/27/2020 17:40,JTHCYLFF9J5001363,No,Yes,Test Driver,street,"Safety Driver disengaged due to inappropriate braking, caused by perception issue."
Toyota Research Institute,AVT050,1/27/2020 17:56,JTHCYLFF9J5001363,No,Yes,Test Driver,street,"Safety Driver disengaged due to inappropriate braking, caused by perception issue."
Toyota Research Institute,AVT050,1/27/2020 18:08,JTHCYLFF9J5001363,No,Yes,Test Driver,street,Safety Driver disengaged to ensure proper behavior at traffic light.
Toyota Research Institute,AVT050,1/28/2020 12:10,JTHDU1EF6G5020094,No,Yes,Test Driver,street,Safety Driver disengaged to ensure proper behavior at traffic light.
Toyota Research Institute,AVT050,1/28/2020 12:16,JTHDU1EF6G5020094,No,Yes,Test Driver,street,Safety Driver disengaged to ensure proper behavior at traffic light.
Toyota Research Institute,AVT050,1/28/2020 12:38,JTHDU1EF6G5020094,No,Yes,Test Driver,street,"Safety Driver disengaged due to inappropriate braking, caused by perception issue."
Toyota Research Institute,AVT050,1/28/2020 12:48,JTHDU1EF6G5020094,No,Yes,Test Driver,street,Safety Driver disengaged to ensure proper behavior at traffic light.
Toyota Research Institute,AVT050,1/28/2020 13:08,JTHCYLFF9J5001363,No,Yes,Test Driver,street,Safety Driver disengaged to ensure proper behavior at traffic light.
Toyota Research Institute,AVT050,1/28/2020 13:25,JTHCYLFF9J5001363,No,Yes,Test Driver,street,Safety Driver disengaged due to inappropriate steering.
Toyota Research Institute,AVT050,1/28/2020 13:28,JTHCYLFF9J5001363,No,Yes,Test Driver,street,Safety Driver disengaged to ensure proper behavior at traffic light.
Toyota Research Institute,AVT050,1/28/2020 14:22,JTHCYLFF9J5001363,No,Yes,Test Driver,street,Safety Driver disengaged due to inappropriate braking proposal.
Toyota Research Institute,AVT050,1/28/2020 14:57,JTHCYLFF9J5001363,No,Yes,Test Driver,street,"Safety Driver disengaged due to inappropriate braking, caused by perception issue."
Toyota Research Institute,AVT050,1/28/2020 16:46,JTHCYLFF9J5001363,No,Yes,Test Driver,street,Safety Driver disengaged due to inappropriate braking proposal.
Toyota Research Institute,AVT050,1/28/2020 16:47,JTHCYLFF9J5001363,No,Yes,Test Driver,street,"Safety Driver disengaged due to inappropriate braking, caused by perception issue."
Toyota Research Institute,AVT050,1/28/2020 17:03,JTHCYLFF9J5001363,No,Yes,Test Driver,street,Safety Driver disengaged due to inappropriate braking proposal.
Toyota Research Institute,AVT050,1/28/2020 17:06,JTHCYLFF9J5001363,No,Yes,Test Driver,street,"Safety Driver disengaged due to inappropriate braking, caused by perception issue."
Toyota Research Institute,AVT050,1/28/2020 17:10,JTHCYLFF9J5001363,No,Yes,Test Driver,street,Safety Driver disengaged to ensure proper behavior at traffic light.
Toyota Research Institute,AVT050,1/28/2020 17:33,JTHCYLFF9J5001363,No,Yes,Test Driver,street,Safety Driver disengaged due to inappropriate braking proposal.
Toyota Research Institute,AVT050,1/28/2020 17:34,JTHCYLFF9J5001363,No,Yes,Test Driver,street,Safety Driver disengaged due to inappropriate braking proposal.
Toyota Research Institute,AVT050,1/28/2020 17:38,JTHCYLFF9J5001363,No,Yes,Test Driver,street,Safety Driver disengaged due to inappropriate braking proposal.
Toyota Research Institute,AVT050,1/28/2020 17:42,JTHCYLFF9J5001363,No,Yes,Test Driver,street,Safety Driver disengaged due to inappropriate braking proposal.
Toyota Research Institute,AVT050,1/29/2020 11:42,JTHCYLFF9J5001363,No,Yes,Test Driver,street,Safety Driver disengaged due to issue with lane change maneuver.
Toyota Research Institute,AVT050,1/29/2020 11:46,JTHCYLFF9J5001363,No,Yes,Test Driver,street,Safety Driver disengaged to ensure proper behavior at traffic light.
Toyota Research Institute,AVT050,1/29/2020 12:00,JTHCYLFF9J5001363,No,Yes,Test Driver,street,Safety Driver disengaged near crosswalk due to overly conservative vehicle behavior.
Toyota Research Institute,AVT050,1/29/2020 12:04,JTHDU1EF6G5020094,No,Yes,Test Driver,street,Safety Driver disengaged to ensure proper behavior at traffic light.
Toyota Research Institute,AVT050,1/29/2020 12:09,JTHCYLFF9J5001363,No,Yes,Test Driver,street,Safety Driver disengaged due to inappropriate steering.
Toyota Research Institute,AVT050,1/29/2020 12:10,JTHCYLFF9J5001363,No,Yes,Test Driver,street,Safety Driver disengaged due to cut-in issue.
Toyota Research Institute,AVT050,1/29/2020 16:16,JTHCYLFF9J5001363,No,Yes,Test Driver,street,Safety Driver disengaged to ensure proper behavior at traffic light.
Toyota Research Institute,AVT050,1/29/2020 16:20,JTHCYLFF9J5001363,No,Yes,Test Driver,street,Safety Driver disengaged to ensure proper behavior at traffic light.
Toyota Research Institute,AVT050,1/29/2020 16:24,JTHCYLFF9J5001363,No,Yes,Test Driver,street,Safety Driver disengaged near crosswalk due to overly conservative vehicle behavior.
Toyota Research Institute,AVT050,1/29/2020 16:25,JTHCYLFF9J5001363,No,Yes,Test Driver,street,"Safety Driver disengaged due to inappropriate braking, caused by perception issue."
Toyota Research Institute,AVT050,1/29/2020 16:26,JTHCYLFF9J5001363,No,Yes,Test Driver,street,Safety Driver disengaged due to inappropriate braking proposal.
Toyota Research Institute,AVT050,1/29/2020 16:33,JTHCYLFF9J5001363,No,Yes,Test Driver,street,Safety Driver disengaged to ensure proper behavior at traffic light.
Toyota Research Institute,AVT050,1/29/2020 16:55,JTHCYLFF9J5001363,No,Yes,Test Driver,street,Safety Driver disengaged due to issue with lane change maneuver.
Toyota Research Institute,AVT050,1/29/2020 17:05,JTHCYLFF9J5001363,No,Yes,Test Driver,street,Safety Driver disengaged to manually drive through crosswalk.
Toyota Research Institute,AVT050,1/29/2020 17:28,JTHCYLFF9J5001363,No,Yes,Test Driver,street,Safety Driver disengaged to manually drive through crosswalk.
Toyota Research Institute,AVT050,1/29/2020 17:29,JTHCYLFF9J5001363,No,Yes,Test Driver,street,Safety Driver disengaged near crosswalk due to overly conservative vehicle behavior.
Toyota Research Institute,AVT050,1/29/2020 17:36,JTHCYLFF9J5001363,No,Yes,Test Driver,street,Safety Driver disengaged to ensure proper behavior at traffic light.
Toyota Research Institute,AVT050,1/30/2020 12:25,JTHCYLFF9J5001363,No,Yes,Test Driver,street,Safety Driver disengaged due to inappropriate braking proposal.
Toyota Research Institute,AVT050,1/30/2020 12:30,JTHCYLFF9J5001363,No,Yes,Test Driver,street,Safety Driver disengaged upon judging that vehicle was too close to road boundary.
Toyota Research Institute,AVT050,1/30/2020 12:36,JTHCYLFF9J5001363,No,Yes,Test Driver,street,Safety Driver disengaged due to inappropriate braking proposal.
Toyota Research Institute,AVT050,1/30/2020 12:39,JTHDU1EF0G5020124,No,Yes,Test Driver,street,Safety Driver disengaged to manually drive through crosswalk.
Toyota Research Institute,AVT050,1/30/2020 12:56,JTHCYLFF9J5001363,No,Yes,Test Driver,street,"Safety Driver disengaged due to inappropriate braking, caused by perception issue."
Toyota Research Institute,AVT050,1/30/2020 12:58,JTHCYLFF9J5001363,No,Yes,Test Driver,street,Safety Driver disengaged due to inappropriate steering.
Toyota Research Institute,AVT050,1/31/2020 11:18,JTHDU1EF0G5020124,No,Yes,Test Driver,street,"Safety Driver disengaged due to inappropriate braking, caused by perception issue."
Toyota Research Institute,AVT050,1/31/2020 11:25,JTHCYLFF9J5001363,No,Yes,Test Driver,street,Safety Driver disengaged due to inappropriate steering.
Toyota Research Institute,AVT050,1/31/2020 11:43,JTHCYLFF9J5001363,No,Yes,Test Driver,street,Safety Driver disengaged due to inappropriate braking proposal.
Toyota Research Institute,AVT050,1/31/2020 11:52,JTHCYLFF9J5001363,No,Yes,Test Driver,street,Safety Driver disengaged due to inappropriate steering.
Toyota Research Institute,AVT050,2/3/2020 12:01,JTHDU1EF0G5020124,No,Yes,Test Driver,street,Safety Driver disengaged due to inappropriate braking proposal.
Toyota Research Institute,AVT050,2/3/2020 12:01,JTHDU1EF6G5020094,No,Yes,Test Driver,street,"Safety Driver disengaged due to inappropriate braking, caused by perception issue."
Toyota Research Institute,AVT050,2/3/2020 12:07,JTHDU1EF6G5020094,No,Yes,Test Driver,street,Safety Driver disengaged to ensure proper behavior at traffic light.
Toyota Research Institute,AVT050,2/3/2020 12:11,JTHDU1EF0G5020124,No,Yes,Test Driver,street,"Safety Driver disengaged due to inappropriate braking, caused by perception issue."
Toyota Research Institute,AVT050,2/3/2020 12:15,JTHDU1EF0G5020124,No,Yes,Test Driver,street,Safety Driver disengaged to manually drive through crosswalk.
Toyota Research Institute,AVT050,2/3/2020 12:16,JTHDU1EF0G5020124,No,Yes,Test Driver,street,Safety Driver disengaged to ensure proper behavior at traffic light.
Toyota Research Institute,AVT050,2/3/2020 12:16,JTHDU1EF6G5020094,No,Yes,Test Driver,street,Safety Driver disengaged to ensure proper behavior at traffic light.
Toyota Research Institute,AVT050,2/3/2020 12:30,JTHDU1EF0G5020124,No,Yes,Test Driver,street,Safety Driver disengaged due to cut-in issue.
Toyota Research Institute,AVT050,2/3/2020 12:31,JTHDU1EF0G5020124,No,Yes,Test Driver,street,"Safety Driver disengaged due to inappropriate braking, caused by perception issue."
Toyota Research Institute,AVT050,2/3/2020 12:43,JTHDU1EF6G5020094,No,Yes,Test Driver,street,"Safety Driver disengaged due to inappropriate braking, caused by perception issue."
Toyota Research Institute,AVT050,2/3/2020 13:11,JTHDU1EF6G5020094,No,Yes,Test Driver,street,"Safety Driver disengaged due to inappropriate braking, caused by perception issue."
Toyota Research Institute,AVT050,2/3/2020 16:31,JTHCYLFF9J5001363,No,Yes,Test Driver,street,Safety Driver disengaged to re-center vehicle in lane.
Toyota Research Institute,AVT050,2/3/2020 16:37,JTHCYLFF9J5001363,No,Yes,Test Driver,street,Safety Driver disengaged due to inappropriate braking proposal.
Toyota Research Institute,AVT050,2/3/2020 16:42,JTHCYLFF9J5001363,No,Yes,Test Driver,street,Safety Driver disengaged near crosswalk due to overly conservative vehicle behavior.
Toyota Research Institute,AVT050,2/3/2020 16:49,JTHCYLFF9J5001363,No,Yes,Test Driver,street,Safety Driver disengaged to ensure proper behavior at traffic light.
Toyota Research Institute,AVT050,2/3/2020 17:05,JTHCYLFF9J5001363,No,Yes,Test Driver,street,Safety Driver disengaged near crosswalk due to overly conservative vehicle behavior.
Toyota Research Institute,AVT050,2/3/2020 17:05,JTHCYLFF9J5001363,No,Yes,Test Driver,street,"Safety Driver disengaged due to inappropriate braking, caused by perception issue."
Toyota Research Institute,AVT050,2/3/2020 17:06,JTHCYLFF9J5001363,No,Yes,Test Driver,street,"Safety Driver disengaged due to inappropriate braking, caused by perception issue."
Toyota Research Institute,AVT050,2/3/2020 17:10,JTHCYLFF9J5001363,No,Yes,Test Driver,street,Safety Driver disengaged to ensure proper behavior at traffic light.
Toyota Research Institute,AVT050,2/3/2020 17:15,JTHCYLFF9J5001363,No,Yes,Test Driver,street,"Safety Driver disengaged due to inappropriate braking, caused by perception issue."
Toyota Research Institute,AVT050,2/3/2020 17:19,JTHCYLFF9J5001363,No,Yes,Test Driver,street,Safety Driver disengaged to ensure proper behavior at traffic light.
Toyota Research Institute,AVT050,2/3/2020 17:37,JTHDU1EF0G5020124,No,Yes,Test Driver,street,"Safety Driver disengaged due to inappropriate braking, caused by perception issue."
Toyota Research Institute,AVT050,2/3/2020 17:43,JTHCYLFF9J5001363,No,Yes,Test Driver,street,Safety Driver disengaged to ensure proper behavior at traffic light.
Toyota Research Institute,AVT050,2/3/2020 17:47,JTHCYLFF9J5001363,No,Yes,Test Driver,street,Safety Driver proactively disengaged upon recognizing that a planned maneuver or action did not conform to internal guidelines.
Toyota Research Institute,AVT050,2/3/2020 17:48,JTHCYLFF9J5001363,No,Yes,Test Driver,street,"Safety Driver disengaged due to inappropriate braking, caused by perception issue."
Toyota Research Institute,AVT050,2/3/2020 17:49,JTHCYLFF9J5001363,No,Yes,Test Driver,street,Safety Driver disengaged upon judging that vehicle was too close to other road user or obstacle.
Toyota Research Institute,AVT050,2/3/2020 17:50,JTHCYLFF9J5001363,No,Yes,Test Driver,street,Safety Driver disengaged to ensure proper behavior at traffic light.
Toyota Research Institute,AVT050,2/3/2020 18:59,JTHCYLFF9J5001363,No,Yes,Test Driver,street,"Safety Driver disengaged due to inappropriate braking, caused by perception issue."
Toyota Research Institute,AVT050,2/3/2020 19:04,JTHCYLFF9J5001363,No,Yes,Test Driver,street,"Safety Driver disengaged due to inappropriate braking, caused by perception issue."
Toyota Research Institute,AVT050,2/3/2020 19:06,JTHCYLFF9J5001363,No,Yes,Test Driver,street,Safety Driver disengaged near crosswalk due to overly conservative vehicle behavior.
Toyota Research Institute,AVT050,2/4/2020 12:15,JTHDU1EF6G5020094,No,Yes,Test Driver,street,Safety Driver disengaged to manually drive through crosswalk.
Toyota Research Institute,AVT050,2/4/2020 12:47,JTHDU1EF6G5020094,No,Yes,Test Driver,street,"Safety Driver disengaged due to inappropriate braking, caused by perception issue."
Toyota Research Institute,AVT050,2/4/2020 12:54,JTHDU1EF6G5020094,No,Yes,Test Driver,street,"Safety Driver disengaged due to inappropriate braking, caused by perception issue."
Toyota Research Institute,AVT050,2/7/2020 12:16,JTHDU1EF6G5020094,No,Yes,Test Driver,street,"Safety Driver disengaged due to inappropriate braking, caused by perception issue."
Toyota Research Institute,AVT050,2/7/2020 14:18,JTHDU1EF6G5020094,No,Yes,Test Driver,street,Safety Driver disengaged upon judging that vehicle was too close to other road user or obstacle.
Toyota Research Institute,AVT050,2/7/2020 14:25,JTHDU1EF6G5020094,No,Yes,Test Driver,street,"Safety Driver disengaged due to inappropriate braking, caused by perception issue."
Toyota Research Institute,AVT050,2/7/2020 16:46,JTHDU1EF0G5020124,No,Yes,Test Driver,street,Safety Driver disengaged to ensure proper behavior at traffic light.
Toyota Research Institute,AVT050,2/7/2020 16:56,JTHDU1EF0G5020124,No,Yes,Test Driver,street,Safety Driver disengaged upon judging that vehicle was too close to other road user or obstacle.
Toyota Research Institute,AVT050,2/7/2020 17:05,JTHDU1EF0G5020124,No,Yes,Test Driver,street,Safety Driver disengaged to ensure proper behavior at traffic light.
Toyota Research Institute,AVT050,2/7/2020 17:16,JTHDU1EF0G5020124,No,Yes,Test Driver,street,Safety Driver disengaged to ensure proper behavior at traffic light.
Toyota Research Institute,AVT050,2/7/2020 17:29,JTHDU1EF0G5020124,No,Yes,Test Driver,street,"Safety Driver disengaged due to inappropriate braking, caused by perception issue."
Toyota Research Institute,AVT050,2/7/2020 17:30,JTHDU1EF0G5020124,No,Yes,Test Driver,street,"Safety Driver disengaged due to inappropriate braking, caused by perception issue."
Toyota Research Institute,AVT050,2/10/2020 11:36,JTHDU1EF0G5020124,No,Yes,Test Driver,street,Safety Driver disengaged upon judging that vehicle was too close to road boundary.
Toyota Research Institute,AVT050,2/10/2020 12:10,JTHDU1EF0G5020124,No,Yes,Test Driver,street,Safety Driver disengaged upon judging that vehicle was too close to other road user or obstacle.
Toyota Research Institute,AVT050,2/10/2020 12:11,JTHDU1EF0G5020124,No,Yes,Test Driver,street,Safety Driver disengaged due to inappropriate steering.
Toyota Research Institute,AVT050,2/10/2020 13:07,JTHDU1EF0G5020107,No,Yes,Test Driver,street,Safety Driver disengaged due to inappropriate braking proposal.
Toyota Research Institute,AVT050,2/10/2020 16:36,JTHDU1EF3G5020098,No,Yes,Test Driver,street,Safety Driver disengaged due to inappropriate braking proposal.
Toyota Research Institute,AVT050,2/10/2020 16:48,JTHDU1EF3G5020098,No,Yes,Test Driver,street,Safety Driver disengaged due to inappropriate steering.
Toyota Research Institute,AVT050,2/10/2020 17:10,JTHDU1EF3G5020098,No,Yes,Test Driver,street,Safety Driver disengaged to ensure proper behavior at traffic light.
Toyota Research Institute,AVT050,2/10/2020 17:14,JTHDU1EF3G5020098,No,Yes,Test Driver,street,Safety Driver disengaged near crosswalk due to overly conservative vehicle behavior.
Toyota Research Institute,AVT050,2/10/2020 17:19,JTHDU1EF3G5020098,No,Yes,Test Driver,street,Safety Driver disengaged near crosswalk due to overly conservative vehicle behavior.
Toyota Research Institute,AVT050,2/10/2020 17:44,JTHDU1EF3G5020098,No,Yes,Test Driver,street,Safety Driver disengaged near crosswalk due to overly conservative vehicle behavior.
Toyota Research Institute,AVT050,2/10/2020 17:51,JTHDU1EF0G5020107,No,Yes,Test Driver,street,Safety Driver disengaged due to issue with lane change maneuver.
Toyota Research Institute,AVT050,2/10/2020 17:56,JTHDU1EF0G5020107,No,Yes,Test Driver,street,Safety Driver disengaged to ensure proper behavior at traffic light.
Toyota Research Institute,AVT050,2/11/2020 12:59,JTHDU1EF3G5020098,No,Yes,Test Driver,street,Safety Driver disengaged to ensure proper behavior at traffic light.
Toyota Research Institute,AVT050,2/11/2020 13:01,JTHDU1EF3G5020098,No,Yes,Test Driver,street,"Safety Driver disengaged due to inappropriate braking, caused by perception issue."
Toyota Research Institute,AVT050,2/11/2020 13:12,JTHDU1EF3G5020098,No,Yes,Test Driver,street,Safety Driver disengaged due to inappropriate steering.
Toyota Research Institute,AVT050,2/11/2020 13:14,JTHDU1EF3G5020098,No,Yes,Test Driver,street,Safety Driver disengaged to ensure proper behavior at traffic light.
Toyota Research Institute,AVT050,2/11/2020 13:17,JTHDU1EF3G5020098,No,Yes,Test Driver,street,"Safety Driver disengaged due to inappropriate braking, caused by perception issue."
Toyota Research Institute,AVT050,2/11/2020 13:18,JTHDU1EF3G5020098,No,Yes,Test Driver,street,Safety Driver disengaged to ensure proper behavior at traffic light.
Toyota Research Institute,AVT050,2/11/2020 13:30,JTHDU1EF3G5020098,No,Yes,Test Driver,street,Safety Driver disengaged due to inappropriate steering.
Toyota Research Institute,AVT050,2/11/2020 13:39,JTHDU1EF3G5020098,No,Yes,Test Driver,street,Safety Driver disengaged due to inappropriate steering.
Toyota Research Institute,AVT050,2/11/2020 13:45,JTHDU1EF0G5020107,No,Yes,Test Driver,street,Safety Driver disengaged upon judging that vehicle was too close to road boundary.
Toyota Research Institute,AVT050,2/11/2020 13:45,JTHDU1EF3G5020098,No,Yes,Test Driver,street,Safety Driver disengaged to ensure proper behavior at traffic light.
Toyota Research Institute,AVT050,2/11/2020 16:18,JTHDU1EF3G5020098,No,Yes,Test Driver,street,Safety Driver disengaged to ensure proper behavior at traffic light.
Toyota Research Institute,AVT050,2/11/2020 17:05,JTHDU1EF3G5020098,No,Yes,Test Driver,street,"Safety Driver disengaged due to inappropriate braking, caused by perception issue."
Toyota Research Institute,AVT050,2/11/2020 17:17,JTHDU1EF3G5020098,No,Yes,Test Driver,street,Safety Driver disengaged to ensure proper behavior at traffic light.
Toyota Research Institute,AVT050,2/12/2020 11:53,JTHDU1EF0G5020107,No,Yes,Test Driver,street,Safety Driver disengaged due to harsh braking.
Toyota Research Institute,AVT050,2/12/2020 16:38,JTHDU1EF0G5020107,No,Yes,Test Driver,street,"Safety Driver disengaged due to inappropriate braking, caused by perception issue."
Toyota Research Institute,AVT050,2/12/2020 17:00,JTHDU1EF0G5020107,No,Yes,Test Driver,street,Safety Driver disengaged to ensure proper behavior at traffic light.
Toyota Research Institute,AVT050,2/13/2020 16:41,JTHDU1EF3G5020098,No,Yes,Test Driver,street,Safety Driver disengaged due to inappropriate steering.
Toyota Research Institute,AVT050,2/14/2020 12:03,JTHDU1EF3G5020098,No,Yes,Test Driver,street,Safety Driver disengaged to ensure proper behavior at traffic light.
Toyota Research Institute,AVT050,2/14/2020 12:39,JTHDU1EF3G5020098,No,Yes,Test Driver,street,Safety Driver disengaged to re-center vehicle in lane.
Toyota Research Institute,AVT050,2/14/2020 12:45,JTHDU1EF3G5020098,No,Yes,Test Driver,street,Safety Driver disengaged to ensure proper behavior at traffic light.
Toyota Research Institute,AVT050,2/14/2020 12:58,JTHDU1EF3G5020098,No,Yes,Test Driver,street,Safety Driver disengaged to ensure proper behavior at traffic light.
Toyota Research Institute,AVT050,2/14/2020 13:06,JTHDU1EF3G5020098,No,Yes,Test Driver,street,Safety Driver disengaged to ensure proper behavior at traffic light.
Toyota Research Institute,AVT050,2/18/2020 12:36,JTHDU1EF3G5020098,No,Yes,Test Driver,street,Safety Driver disengaged due to inappropriate steering.
Toyota Research Institute,AVT050,2/18/2020 13:02,JTHDU1EF3G5020098,No,Yes,Test Driver,street,Safety Driver disengaged to manually drive through crosswalk.
Toyota Research Institute,AVT050,2/18/2020 13:03,JTHDU1EF3G5020098,No,Yes,Test Driver,street,Safety Driver disengaged due to inappropriate steering.
Toyota Research Institute,AVT050,2/18/2020 13:04,JTHDU1EF3G5020098,No,Yes,Test Driver,street,"Safety Driver disengaged due to inappropriate braking, caused by perception issue."
Toyota Research Institute,AVT050,2/18/2020 13:05,JTHDU1EF3G5020098,No,Yes,Test Driver,street,"Safety Driver disengaged due to inappropriate braking, caused by perception issue."
Toyota Research Institute,AVT050,2/18/2020 14:05,JTHDU1EF3G5020098,No,Yes,Test Driver,street,"Safety Driver disengaged due to inappropriate braking, caused by perception issue."
Toyota Research Institute,AVT050,2/18/2020 14:07,JTHDU1EF3G5020098,No,Yes,Test Driver,street,"Safety Driver disengaged due to inappropriate braking, caused by perception issue."
Toyota Research Institute,AVT050,2/18/2020 14:11,JTHDU1EF3G5020098,No,Yes,Test Driver,street,"Safety Driver disengaged due to inappropriate braking, caused by perception issue."
Toyota Research Institute,AVT050,2/18/2020 14:24,JTHDU1EF3G5020098,No,Yes,Test Driver,street,"Safety Driver disengaged due to inappropriate braking, caused by perception issue."
Toyota Research Institute,AVT050,2/18/2020 14:25,JTHDU1EF3G5020098,No,Yes,Test Driver,street,Safety Driver disengaged near crosswalk due to overly conservative vehicle behavior.
Toyota Research Institute,AVT050,2/18/2020 14:28,JTHDU1EF3G5020098,No,Yes,Test Driver,street,"Safety Driver disengaged due to inappropriate braking, caused by perception issue."
Toyota Research Institute,AVT050,2/19/2020 12:42,JTHCYLFF9J5001363,No,Yes,Test Driver,street,Safety Driver disengaged upon judging that vehicle was too close to road boundary.
Toyota Research Institute,AVT050,2/19/2020 13:06,JTHDU1EF0G5020107,No,Yes,Test Driver,street,Safety Driver disengaged near crosswalk due to overly conservative vehicle behavior.
Toyota Research Institute,AVT050,2/19/2020 13:09,JTHDU1EF0G5020107,No,Yes,Test Driver,street,Safety Driver disengaged due to issue with lane change maneuver.
Toyota Research Institute,AVT050,2/19/2020 13:14,JTHDU1EF0G5020107,No,Yes,Test Driver,street,"Safety Driver disengaged due to inappropriate braking, caused by perception issue."
Toyota Research Institute,AVT050,2/19/2020 13:19,JTHDU1EF0G5020107,No,Yes,Test Driver,street,"Safety Driver disengaged due to inappropriate braking, caused by perception issue."
Toyota Research Institute,AVT050,2/19/2020 13:21,JTHDU1EF0G5020107,No,Yes,Test Driver,street,Safety Driver disengaged near crosswalk due to overly conservative vehicle behavior.
Toyota Research Institute,AVT050,2/19/2020 14:06,JTHCYLFF9J5001363,No,Yes,Test Driver,street,Safety Driver disengaged upon judging that vehicle was too close to road boundary.
Toyota Research Institute,AVT050,2/19/2020 16:44,JTHDU1EF0G5020107,No,Yes,Test Driver,street,Safety Driver disengaged near crosswalk due to overly conservative vehicle behavior.
Toyota Research Institute,AVT050,2/19/2020 17:10,JTHDU1EF0G5020107,No,Yes,Test Driver,street,Safety Driver disengaged near crosswalk due to overly conservative vehicle behavior.
Toyota Research Institute,AVT050,2/19/2020 17:11,JTHDU1EF0G5020107,No,Yes,Test Driver,street,Safety Driver disengaged due to cut-in issue.
Toyota Research Institute,AVT050,2/19/2020 17:35,JTHDU1EF0G5020107,No,Yes,Test Driver,street,Safety Driver disengaged due to issue with lane change maneuver.
Toyota Research Institute,AVT050,2/19/2020 19:25,JTHCYLFF9J5001363,No,Yes,Test Driver,street,"Safety Driver disengaged due to inappropriate braking, caused by perception issue."
Toyota Research Institute,AVT050,2/19/2020 19:27,JTHCYLFF9J5001363,No,Yes,Test Driver,street,Safety Driver disengaged to ensure proper behavior at traffic light.
Toyota Research Institute,AVT050,2/20/2020 17:01,JTHDU1EF3G5020098,No,Yes,Test Driver,street,Safety Driver disengaged near crosswalk due to overly conservative vehicle behavior.
Toyota Research Institute,AVT050,2/21/2020 10:54,JTHDU1EF0G5020124,No,Yes,Test Driver,street,Safety Driver disengaged to re-center vehicle in lane.
Toyota Research Institute,AVT050,2/21/2020 10:55,JTHDU1EF3G5020098,No,Yes,Test Driver,street,"Safety Driver disengaged due to inappropriate braking, caused by perception issue."
Toyota Research Institute,AVT050,2/21/2020 11:48,JTHDU1EF0G5020124,No,Yes,Test Driver,street,Safety Driver disengaged near crosswalk due to overly conservative vehicle behavior.
Toyota Research Institute,AVT050,2/21/2020 12:13,JTHDU1EF0G5020124,No,Yes,Test Driver,street,Safety Driver disengaged upon judging that vehicle was too close to road boundary.
Toyota Research Institute,AVT050,2/24/2020 12:10,JTHCYLFF9J5001363,No,Yes,Test Driver,street,Safety Driver disengaged to re-center vehicle in lane.
Toyota Research Institute,AVT050,2/24/2020 16:32,JTHDU1EF3G5020098,No,Yes,Test Driver,street,Safety Driver disengaged near crosswalk due to overly conservative vehicle behavior.
Toyota Research Institute,AVT050,2/24/2020 16:33,JTHDU1EF3G5020098,No,Yes,Test Driver,street,Safety Driver disengaged to manually drive through crosswalk.
Toyota Research Institute,AVT050,2/24/2020 16:33,JTHDU1EF3G5020098,No,Yes,Test Driver,street,Safety Driver disengaged due to inappropriate braking proposal.
Toyota Research Institute,AVT050,2/24/2020 16:34,JTHDU1EF3G5020098,No,Yes,Test Driver,street,Safety Driver disengaged due to inappropriate braking proposal.
Toyota Research Institute,AVT050,2/24/2020 16:36,JTHDU1EF3G5020098,No,Yes,Test Driver,street,Safety Driver disengaged to manually drive through crosswalk.
Toyota Research Institute,AVT050,2/24/2020 17:08,JTHDU1EF3G5020098,No,Yes,Test Driver,street,Safety Driver disengaged due to inappropriate braking proposal.
Toyota Research Institute,AVT050,2/24/2020 17:10,JTHDU1EF3G5020098,No,Yes,Test Driver,street,Safety Driver disengaged due to cut-in issue.
Toyota Research Institute,AVT050,2/24/2020 17:14,JTHCYLFF9J5001363,No,Yes,Test Driver,street,"Safety Driver disengaged due to inappropriate braking, caused by perception issue."
Toyota Research Institute,AVT050,2/24/2020 17:15,JTHCYLFF9J5001363,No,Yes,Test Driver,street,Safety Driver disengaged due to inappropriate steering.
Toyota Research Institute,AVT050,2/24/2020 17:17,JTHDU1EF3G5020098,No,Yes,Test Driver,street,Safety Driver disengaged upon judging that vehicle was too close to road boundary.
Toyota Research Institute,AVT050,2/24/2020 17:19,JTHDU1EF3G5020098,No,Yes,Test Driver,street,Safety Driver disengaged due to inappropriate braking proposal.
Toyota Research Institute,AVT050,2/24/2020 17:22,JTHCYLFF9J5001363,No,Yes,Test Driver,street,Safety Driver disengaged due to cut-in issue.
Toyota Research Institute,AVT050,2/24/2020 17:29,JTHDU1EF3G5020098,No,Yes,Test Driver,street,Safety Driver disengaged due to issue with lane change maneuver.
Toyota Research Institute,AVT050,2/24/2020 17:34,JTHDU1EF3G5020098,No,Yes,Test Driver,street,Safety Driver disengaged due to inappropriate braking proposal.
Toyota Research Institute,AVT050,2/24/2020 17:45,JTHDU1EF3G5020098,No,Yes,Test Driver,street,Safety Driver disengaged to ensure proper behavior at traffic light.
Toyota Research Institute,AVT050,2/24/2020 19:09,JTHCYLFF9J5001363,No,Yes,Test Driver,street,Safety Driver disengaged near crosswalk due to overly conservative vehicle behavior.
Toyota Research Institute,AVT050,2/24/2020 19:12,JTHCYLFF9J5001363,No,Yes,Test Driver,street,Safety Driver disengaged upon judging that vehicle was too close to other road user or obstacle.
Toyota Research Institute,AVT050,2/25/2020 12:25,JTHDU1EF0G5020107,No,Yes,Test Driver,street,Safety Driver disengaged upon judging that vehicle was too close to other road user or obstacle.
Toyota Research Institute,AVT050,2/25/2020 12:55,JTHDU1EF0G5020107,No,Yes,Test Driver,street,Safety Driver disengaged due to inappropriate steering.
Toyota Research Institute,AVT050,2/25/2020 12:59,JTHDU1EF0G5020107,No,Yes,Test Driver,street,"Safety Driver disengaged due to inappropriate braking, caused by perception issue."
Toyota Research Institute,AVT050,2/25/2020 13:01,JTHDU1EF0G5020107,No,Yes,Test Driver,street,Safety Driver disengaged upon judging that vehicle was too close to other road user or obstacle.
Toyota Research Institute,AVT050,2/25/2020 14:11,JTHDU1EF0G5020107,No,Yes,Test Driver,street,Safety Driver disengaged near crosswalk due to overly conservative vehicle behavior.
Toyota Research Institute,AVT050,2/25/2020 14:20,JTHDU1EF0G5020107,No,Yes,Test Driver,street,Safety Driver disengaged near crosswalk due to overly conservative vehicle behavior.
Toyota Research Institute,AVT050,2/25/2020 14:44,JTHDU1EF0G5020107,No,Yes,Test Driver,street,Safety Driver disengaged near crosswalk due to overly conservative vehicle behavior.
Toyota Research Institute,AVT050,2/25/2020 17:37,JTHCYLFF9J5001363,No,Yes,Test Driver,street,Safety Driver disengaged to ensure proper behavior at traffic light.
Toyota Research Institute,AVT050,2/25/2020 17:47,JTHCYLFF9J5001363,No,Yes,Test Driver,street,Safety Driver disengaged to ensure proper behavior at traffic light.
Toyota Research Institute,AVT050,2/25/2020 17:54,JTHCYLFF9J5001363,No,Yes,Test Driver,street,Safety Driver disengaged to re-center vehicle in lane.
Toyota Research Institute,AVT050,2/25/2020 17:55,JTHCYLFF9J5001363,No,Yes,Test Driver,street,Safety Driver disengaged to ensure proper behavior at traffic light.
Toyota Research Institute,AVT050,2/25/2020 18:20,JTHCYLFF9J5001363,No,Yes,Test Driver,street,Safety Driver disengaged to ensure proper behavior at traffic light.
Toyota Research Institute,AVT050,2/25/2020 18:31,JTHCYLFF9J5001363,No,Yes,Test Driver,street,"Safety Driver disengaged due to inappropriate braking, caused by perception issue."
Toyota Research Institute,AVT050,2/25/2020 18:42,JTHCYLFF9J5001363,No,Yes,Test Driver,street,Safety Driver disengaged to ensure proper behavior at traffic light.
Toyota Research Institute,AVT050,2/26/2020 16:38,JTHDU1EF0G5020124,No,Yes,Test Driver,street,"Safety Driver disengaged due to inappropriate braking, caused by perception issue."
Toyota Research Institute,AVT050,2/26/2020 17:05,JTHDU1EF0G5020124,No,Yes,Test Driver,street,Safety Driver disengaged near crosswalk due to overly conservative vehicle behavior.
Toyota Research Institute,AVT050,2/26/2020 17:12,JTHDU1EF0G5020124,No,Yes,Test Driver,street,Safety Driver disengaged due to inappropriate steering.
Toyota Research Institute,AVT050,2/27/2020 14:45,JTHDU1EF3G5020098,No,Yes,Test Driver,street,Safety Driver disengaged upon judging that vehicle was too close to road boundary.
Toyota Research Institute,AVT050,2/27/2020 14:49,JTHDU1EF3G5020098,No,Yes,Test Driver,street,Safety Driver disengaged upon judging that vehicle was too close to road boundary.
Toyota Research Institute,AVT050,2/27/2020 16:25,JTHDU1EF3G5020098,No,Yes,Test Driver,street,Safety Driver disengaged near crosswalk due to overly conservative vehicle behavior.
Toyota Research Institute,AVT050,2/27/2020 16:27,JTHDU1EF3G5020098,No,Yes,Test Driver,street,Safety Driver disengaged due to inappropriate braking proposal.
Toyota Research Institute,AVT050,2/27/2020 16:39,JTHDU1EF3G5020098,No,Yes,Test Driver,street,Safety Driver disengaged due to inappropriate steering.
Toyota Research Institute,AVT050,2/27/2020 16:40,JTHDU1EF3G5020098,No,Yes,Test Driver,street,Safety Driver disengaged due to inappropriate braking proposal.
Toyota Research Institute,AVT050,2/27/2020 17:10,JTHDU1EF3G5020098,No,Yes,Test Driver,street,Safety Driver disengaged to ensure proper behavior at traffic light.
Toyota Research Institute,AVT050,2/27/2020 17:13,JTHDU1EF3G5020098,No,Yes,Test Driver,street,Safety Driver disengaged due to inappropriate braking proposal.
Toyota Research Institute,AVT050,2/27/2020 17:37,JTHDU1EF3G5020098,No,Yes,Test Driver,street,Safety Driver disengaged due to inappropriate braking proposal.
Toyota Research Institute,AVT050,2/27/2020 18:14,JTHDU1EF6G5020094,No,Yes,Test Driver,street,"Safety Driver disengaged due to inappropriate braking, caused by perception issue."
Toyota Research Institute,AVT050,2/27/2020 18:20,JTHDU1EF6G5020094,No,Yes,Test Driver,street,Safety Driver disengaged due to inappropriate braking proposal.
Toyota Research Institute,AVT050,2/27/2020 18:28,JTHDU1EF6G5020094,No,Yes,Test Driver,street,"Safety Driver disengaged due to inappropriate braking, caused by perception issue."
Toyota Research Institute,AVT050,2/27/2020 18:46,JTHDU1EF6G5020094,No,Yes,Test Driver,street,"Safety Driver disengaged due to inappropriate braking, caused by perception issue."
Toyota Research Institute,AVT050,2/27/2020 19:01,JTHDU1EF6G5020094,No,Yes,Test Driver,street,"Safety Driver disengaged due to inappropriate braking, caused by perception issue."
Toyota Research Institute,AVT050,2/28/2020 11:35,JTHDU1EF6G5020094,No,Yes,Test Driver,street,"Safety Driver disengaged due to inappropriate braking, caused by perception issue."
Toyota Research Institute,AVT050,2/28/2020 11:48,JTHDU1EF6G5020094,No,Yes,Test Driver,street,Safety Driver disengaged to ensure proper behavior at traffic light.
Toyota Research Institute,AVT050,2/28/2020 12:06,JTHDU1EF6G5020094,No,Yes,Test Driver,street,"Safety Driver disengaged due to inappropriate braking, caused by perception issue."
Toyota Research Institute,AVT050,2/28/2020 12:55,JTHDU1EF6G5020094,No,Yes,Test Driver,street,"Safety Driver disengaged due to inappropriate braking, caused by perception issue."
Toyota Research Institute,AVT050,2/28/2020 13:01,JTHDU1EF6G5020094,No,Yes,Test Driver,street,"Safety Driver disengaged due to inappropriate braking, caused by perception issue."
Toyota Research Institute,AVT050,2/28/2020 16:36,JTHDU1EF6G5020094,No,Yes,Test Driver,street,"Safety Driver disengaged due to inappropriate braking, caused by perception issue."
Toyota Research Institute,AVT050,2/28/2020 16:36,JTHDU1EF6G5020094,No,Yes,Test Driver,street,"Safety Driver disengaged due to inappropriate braking, caused by perception issue."
Toyota Research Institute,AVT050,2/28/2020 16:45,JTHDU1EF6G5020094,No,Yes,Test Driver,street,"Safety Driver disengaged due to inappropriate braking, caused by perception issue."
Toyota Research Institute,AVT050,2/28/2020 16:54,JTHDU1EF6G5020094,No,Yes,Test Driver,street,"Safety Driver disengaged due to inappropriate braking, caused by perception issue."
Toyota Research Institute,AVT050,2/28/2020 16:56,JTHDU1EF6G5020094,No,Yes,Test Driver,street,Safety Driver disengaged upon judging that vehicle was too close to road boundary.
Toyota Research Institute,AVT050,2/28/2020 16:58,JTHDU1EF6G5020094,No,Yes,Test Driver,street,"Safety Driver disengaged due to inappropriate braking, caused by perception issue."
Toyota Research Institute,AVT050,2/28/2020 16:59,JTHDU1EF6G5020094,No,Yes,Test Driver,street,Safety Driver disengaged due to inappropriate steering.
Toyota Research Institute,AVT050,3/2/2020 11:55,JTHDU1EF6G5020094,No,Yes,Test Driver,street,Safety Driver disengaged due to issue with lane change maneuver.
Toyota Research Institute,AVT050,3/2/2020 11:58,JTHDU1EF6G5020094,No,Yes,Test Driver,street,Safety Driver disengaged to ensure proper behavior at traffic light.
Toyota Research Institute,AVT050,3/2/2020 12:01,JTHDU1EF6G5020094,No,Yes,Test Driver,street,"Safety Driver disengaged due to inappropriate braking, caused by perception issue."
Toyota Research Institute,AVT050,3/2/2020 12:05,JTHDU1EF6G5020094,No,Yes,Test Driver,street,"Safety Driver disengaged due to inappropriate braking, caused by perception issue."
Toyota Research Institute,AVT050,3/2/2020 12:28,JTHDU1EF6G5020094,No,Yes,Test Driver,street,"Safety Driver disengaged due to inappropriate braking, caused by perception issue."
Toyota Research Institute,AVT050,3/2/2020 12:32,JTHDU1EF6G5020094,No,Yes,Test Driver,street,"Safety Driver disengaged due to inappropriate braking, caused by perception issue."
Toyota Research Institute,AVT050,3/2/2020 13:12,JTHDU1EF0G5020124,No,Yes,Test Driver,street,"Safety Driver disengaged due to inappropriate braking, caused by perception issue."
Toyota Research Institute,AVT050,3/2/2020 16:45,JTHDU1EF0G5020124,No,Yes,Test Driver,street,Safety Driver disengaged due to inappropriate braking proposal.
Toyota Research Institute,AVT050,3/2/2020 17:04,JTHDU1EF0G5020124,No,Yes,Test Driver,street,"Safety Driver disengaged due to inappropriate braking, caused by perception issue."
Toyota Research Institute,AVT050,3/2/2020 17:15,JTHDU1EF0G5020124,No,Yes,Test Driver,street,Safety Driver disengaged due to inappropriate steering.
Toyota Research Institute,AVT050,3/2/2020 17:22,JTHDU1EF0G5020124,No,Yes,Test Driver,street,Safety Driver disengaged to ensure proper behavior at traffic light.
Toyota Research Institute,AVT050,3/3/2020 13:03,JTHDU1EF0G5020124,No,Yes,Test Driver,street,Safety Driver disengaged due to inappropriate braking proposal.
Toyota Research Institute,AVT050,3/3/2020 13:04,JTHDU1EF0G5020124,No,Yes,Test Driver,street,Safety Driver disengaged due to inappropriate braking proposal.
Toyota Research Institute,AVT050,3/3/2020 16:33,JTHDU1EF0G5020124,No,Yes,Test Driver,street,Safety Driver disengaged due to inappropriate braking proposal.
Toyota Research Institute,AVT050,3/3/2020 16:34,JTHDU1EF0G5020124,No,Yes,Test Driver,street,Safety Driver disengaged near crosswalk due to overly conservative vehicle behavior.
Toyota Research Institute,AVT050,3/3/2020 16:46,JTHDU1EF0G5020124,No,Yes,Test Driver,street,Safety Driver disengaged due to inappropriate braking proposal.
Toyota Research Institute,AVT050,3/3/2020 17:03,JTHDU1EF0G5020124,No,Yes,Test Driver,street,Safety Driver disengaged due to inappropriate braking proposal.
Toyota Research Institute,AVT050,3/3/2020 17:06,JTHDU1EF0G5020124,No,Yes,Test Driver,street,Safety Driver disengaged due to inappropriate braking proposal.
Toyota Research Institute,AVT050,3/3/2020 17:36,JTHDU1EF0G5020124,No,Yes,Test Driver,street,"Safety Driver disengaged due to inappropriate braking, caused by perception issue."
Toyota Research Institute,AVT050,3/4/2020 10:59,JTHDU1EF3G5020098,No,Yes,Test Driver,street,Safety Driver disengaged near crosswalk due to overly conservative vehicle behavior.
Toyota Research Institute,AVT050,3/4/2020 11:01,JTHDU1EF3G5020098,No,Yes,Test Driver,street,Safety Driver disengaged due to issue with lane change maneuver.
Toyota Research Institute,AVT050,3/4/2020 11:13,JTHDU1EF3G5020098,No,Yes,Test Driver,street,Safety Driver disengaged upon judging that vehicle was too close to other road user or obstacle.
Toyota Research Institute,AVT050,3/4/2020 12:00,JTHDU1EF3G5020098,No,Yes,Test Driver,street,Safety Driver disengaged to manually drive through crosswalk.
Toyota Research Institute,AVT050,3/4/2020 12:06,JTHDU1EF3G5020098,No,Yes,Test Driver,street,Safety Driver disengaged due to inappropriate steering.
Toyota Research Institute,AVT050,3/4/2020 12:07,JTHDU1EF3G5020098,No,Yes,Test Driver,street,Safety Driver disengaged due to inappropriate steering.
Toyota Research Institute,AVT050,3/4/2020 12:30,JTHDU1EF3G5020098,No,Yes,Test Driver,street,Safety Driver disengaged near crosswalk due to overly conservative vehicle behavior.
Toyota Research Institute,AVT050,3/4/2020 16:18,JTHCYLFF9J5001363,No,Yes,Test Driver,street,Safety Driver disengaged near crosswalk due to overly conservative vehicle behavior.
Toyota Research Institute,AVT050,3/4/2020 16:49,JTHCYLFF9J5001363,No,Yes,Test Driver,street,Safety Driver disengaged due to inappropriate braking proposal.
Toyota Research Institute,AVT050,3/5/2020 11:36,JTHDU1EF0G5020107,No,Yes,Test Driver,street,"Safety Driver disengaged due to inappropriate braking, caused by perception issue."
Toyota Research Institute,AVT050,3/5/2020 11:44,JTHDU1EF0G5020107,No,Yes,Test Driver,street,"Safety Driver disengaged due to inappropriate braking, caused by perception issue."
Toyota Research Institute,AVT050,3/5/2020 11:54,JTHDU1EF0G5020107,No,Yes,Test Driver,street,"Safety Driver disengaged due to inappropriate braking, caused by perception issue."
Toyota Research Institute,AVT050,3/5/2020 12:04,JTHDU1EF0G5020107,No,Yes,Test Driver,street,Safety Driver disengaged due to inappropriate steering.
Toyota Research Institute,AVT050,3/5/2020 12:05,JTHDU1EF0G5020107,No,Yes,Test Driver,street,Safety Driver disengaged due to inappropriate steering.
Toyota Research Institute,AVT050,3/5/2020 12:08,JTHDU1EF0G5020107,No,Yes,Test Driver,street,Safety Driver disengaged upon judging that vehicle was too close to road boundary.
Toyota Research Institute,AVT050,3/5/2020 14:05,JTHCYLFF9J5001363,No,Yes,Test Driver,street,"Safety Driver disengaged due to inappropriate braking, caused by perception issue."
Toyota Research Institute,AVT050,3/5/2020 17:25,JTHDU1EF0G5020107,No,Yes,Test Driver,street,"Safety Driver disengaged due to inappropriate braking, caused by perception issue."
Toyota Research Institute,AVT050,3/6/2020 11:39,JTHDU1EF0G5020107,No,Yes,Test Driver,street,Safety Driver disengaged due to cut-in issue.
Toyota Research Institute,AVT050,3/6/2020 11:40,JTHDU1EF0G5020107,No,Yes,Test Driver,street,Safety Driver disengaged due to inappropriate braking proposal.
Toyota Research Institute,AVT050,3/6/2020 11:43,JTHDU1EF0G5020107,No,Yes,Test Driver,street,Safety Driver disengaged due to cut-in issue.
Toyota Research Institute,AVT050,3/6/2020 11:55,JTHDU1EF0G5020107,No,Yes,Test Driver,street,Safety Driver disengaged due to inappropriate braking proposal.
Toyota Research Institute,AVT050,3/6/2020 11:59,JTHDU1EF3G5020098,No,Yes,Test Driver,street,"Safety Driver disengaged due to inappropriate braking, caused by perception issue."
Toyota Research Institute,AVT050,3/6/2020 11:59,JTHDU1EF0G5020107,No,Yes,Test Driver,street,Safety Driver disengaged due to cut-in issue.
Toyota Research Institute,AVT050,3/6/2020 12:04,JTHDU1EF0G5020107,No,Yes,Test Driver,street,Safety Driver disengaged to manually drive through crosswalk.
Toyota Research Institute,AVT050,3/6/2020 12:42,JTHDU1EF0G5020107,No,Yes,Test Driver,street,Safety Driver disengaged upon judging that vehicle was too close to road boundary.
Toyota Research Institute,AVT050,3/6/2020 12:50,JTHDU1EF3G5020098,No,Yes,Test Driver,street,"Safety Driver disengaged due to inappropriate braking, caused by perception issue."
Toyota Research Institute,AVT050,3/6/2020 12:56,JTHDU1EF0G5020107,No,Yes,Test Driver,street,"Safety Driver disengaged due to inappropriate braking, caused by perception issue."
Toyota Research Institute,AVT050,3/6/2020 13:17,JTHDU1EF3G5020098,No,Yes,Test Driver,street,Safety Driver disengaged due to harsh braking.
Toyota Research Institute,AVT050,3/6/2020 13:17,JTHDU1EF3G5020098,No,Yes,Test Driver,street,"Safety Driver disengaged due to inappropriate braking, caused by perception issue."
Toyota Research Institute,AVT050,3/6/2020 13:19,JTHDU1EF3G5020098,No,Yes,Test Driver,street,"Safety Driver disengaged due to inappropriate braking, caused by perception issue."
Toyota Research Institute,AVT050,3/6/2020 13:33,JTHDU1EF0G5020107,No,Yes,Test Driver,street,Safety Driver disengaged due to inappropriate braking proposal.
Toyota Research Institute,AVT050,3/6/2020 13:34,JTHDU1EF0G5020107,No,Yes,Test Driver,street,Safety Driver disengaged due to inappropriate braking proposal.
Toyota Research Institute,AVT050,3/6/2020 13:36,JTHDU1EF0G5020107,No,Yes,Test Driver,street,Safety Driver disengaged near crosswalk due to overly conservative vehicle behavior.
Toyota Research Institute,AVT050,3/6/2020 16:30,JTHDU1EF3G5020098,No,Yes,Test Driver,street,"Safety Driver disengaged due to inappropriate braking, caused by perception issue."
Toyota Research Institute,AVT050,3/6/2020 16:51,JTHDU1EF3G5020098,No,Yes,Test Driver,street,"Safety Driver disengaged due to inappropriate braking, caused by perception issue."
Toyota Research Institute,AVT050,3/6/2020 17:27,JTHDU1EF6G5020094,No,Yes,Test Driver,street,Safety Driver disengaged to ensure proper behavior at traffic light.
Toyota Research Institute,AVT050,3/9/2020 12:50,JTHCYLFF9J5001363,No,Yes,Test Driver,street,"Safety Driver disengaged due to inappropriate braking, caused by perception issue."
Toyota Research Institute,AVT050,3/9/2020 14:20,JTHDU1EF0G5020124,No,Yes,Test Driver,street,Safety Driver disengaged due to inappropriate steering.
Toyota Research Institute,AVT050,3/9/2020 14:24,JTHDU1EF0G5020124,No,Yes,Test Driver,street,Safety Driver disengaged due to inappropriate braking proposal.
Toyota Research Institute,AVT050,3/9/2020 16:33,JTHDU1EF0G5020124,No,Yes,Test Driver,street,Safety Driver disengaged upon judging that vehicle was too close to road boundary.
Toyota Research Institute,AVT050,3/9/2020 17:12,JTHCYLFF9J5001363,No,Yes,Test Driver,street,Safety Driver disengaged due to inappropriate steering.
Toyota Research Institute,AVT050,3/9/2020 17:12,JTHCYLFF9J5001363,No,Yes,Test Driver,street,Safety Driver disengaged to manually drive through crosswalk.
Toyota Research Institute,AVT050,3/9/2020 17:45,JTHCYLFF9J5001363,No,Yes,Test Driver,street,Safety Driver disengaged due to inappropriate braking proposal.
Toyota Research Institute,AVT050,3/10/2020 13:02,JTHDU1EF0G5020124,No,Yes,Test Driver,street,"Safety Driver disengaged due to inappropriate braking, caused by perception issue."
Toyota Research Institute,AVT050,3/10/2020 13:23,JTHDU1EF0G5020124,No,Yes,Test Driver,street,"Safety Driver disengaged due to inappropriate braking, caused by perception issue."
Toyota Research Institute,AVT050,3/10/2020 13:36,JTHCYLFF9J5001363,No,Yes,Test Driver,street,"Safety Driver disengaged due to inappropriate braking, caused by perception issue."
Toyota Research Institute,AVT050,3/10/2020 13:40,JTHCYLFF9J5001363,No,Yes,Test Driver,street,"Safety Driver disengaged due to inappropriate braking, caused by perception issue."
Toyota Research Institute,AVT050,3/10/2020 13:41,JTHDU1EF3G5020098,No,Yes,Test Driver,street,Safety Driver disengaged upon judging that vehicle was too close to road boundary.
Toyota Research Institute,AVT050,3/10/2020 13:44,JTHDU1EF3G5020098,No,Yes,Test Driver,street,Safety Driver disengaged upon judging that vehicle was too close to road boundary.
Toyota Research Institute,AVT050,3/10/2020 14:19,JTHDU1EF3G5020098,No,Yes,Test Driver,street,Safety Driver disengaged upon judging that vehicle was too close to road boundary.
Toyota Research Institute,AVT050,3/11/2020 12:03,JTHCYLFF9J5001363,No,Yes,Test Driver,street,Safety Driver disengaged near crosswalk due to overly conservative vehicle behavior.
Toyota Research Institute,AVT050,3/11/2020 12:07,JTHCYLFF9J5001363,No,Yes,Test Driver,street,"Safety Driver disengaged due to inappropriate braking, caused by perception issue."
Toyota Research Institute,AVT050,3/11/2020 14:20,JTHDU1EF3G5020098,No,Yes,Test Driver,street,Safety Driver disengaged due to inappropriate steering.
Toyota Research Institute,AVT050,3/11/2020 16:54,JTHCYLFF9J5001363,No,Yes,Test Driver,street,Safety Driver disengaged near crosswalk due to overly conservative vehicle behavior.
Toyota Research Institute,AVT050,3/11/2020 17:00,JTHCYLFF9J5001363,No,Yes,Test Driver,street,Safety Driver disengaged to ensure proper behavior at traffic light.
Toyota Research Institute,AVT050,3/11/2020 17:34,JTHCYLFF9J5001363,No,Yes,Test Driver,street,Safety Driver disengaged near crosswalk due to overly conservative vehicle behavior.
Toyota Research Institute,AVT050,3/11/2020 17:42,JTHCYLFF9J5001363,No,Yes,Test Driver,street,Safety Driver disengaged near crosswalk due to overly conservative vehicle behavior.
Toyota Research Institute,AVT050,3/11/2020 18:58,JTHCYLFF9J5001363,No,Yes,Test Driver,street,Safety Driver disengaged near crosswalk due to overly conservative vehicle behavior.
Toyota Research Institute,AVT050,3/11/2020 19:03,JTHCYLFF9J5001363,No,Yes,Test Driver,street,Safety Driver disengaged near crosswalk due to overly conservative vehicle behavior.
Toyota Research Institute,AVT050,3/11/2020 19:17,JTHCYLFF9J5001363,No,Yes,Test Driver,street,"Safety Driver disengaged due to inappropriate braking, caused by perception issue."
Toyota Research Institute,AVT050,3/11/2020 19:27,JTHCYLFF9J5001363,No,Yes,Test Driver,street,"Safety Driver disengaged due to inappropriate braking, caused by perception issue."
Toyota Research Institute,AVT050,3/11/2020 19:29,JTHCYLFF9J5001363,No,Yes,Test Driver,street,Safety Driver disengaged due to inappropriate steering.
Toyota Research Institute,AVT050,3/11/2020 19:29,JTHCYLFF9J5001363,No,Yes,Test Driver,street,Safety Driver disengaged due to inappropriate steering.
Toyota Research Institute,AVT050,3/11/2020 19:42,JTHCYLFF9J5001363,No,Yes,Test Driver,street,Safety Driver disengaged due to issue with lane change maneuver.
Toyota Research Institute,AVT050,3/11/2020 19:55,JTHCYLFF9J5001363,No,Yes,Test Driver,street,Safety Driver disengaged upon judging that vehicle was too close to road boundary.
Toyota Research Institute,AVT050,3/11/2020 20:41,JTHDU1EF3G5020098,No,Yes,Test Driver,street,Safety Driver disengaged due to inappropriate steering.
Toyota Research Institute,AVT050,3/12/2020 11:31,JTHDU1EF3G5020098,No,Yes,Test Driver,street,Safety Driver disengaged near crosswalk due to overly conservative vehicle behavior.
Toyota Research Institute,AVT050,3/12/2020 13:02,JTHDU1EF3G5020098,No,Yes,Test Driver,street,Safety Driver disengaged due to harsh braking.
Toyota Research Institute,AVT050,3/12/2020 13:09,JTHDU1EF3G5020098,No,Yes,Test Driver,street,Safety Driver disengaged near crosswalk due to overly conservative vehicle behavior.
Toyota Research Institute,AVT050,3/12/2020 16:40,JTHDU1EF3G5020098,No,Yes,Test Driver,street,Safety Driver disengaged due to inappropriate braking proposal.
Toyota Research Institute,AVT050,3/12/2020 17:28,JTHDU1EF3G5020098,No,Yes,Test Driver,street,Safety Driver disengaged near crosswalk due to overly conservative vehicle behavior.
Toyota Research Institute,AVT050,3/12/2020 17:39,JTHDU1EF3G5020098,No,Yes,Test Driver,street,Safety Driver disengaged due to inappropriate braking proposal.
Toyota Research Institute,AVT050,3/12/2020 20:02,JTHCYLFF9J5001363,No,Yes,Test Driver,street,Safety Driver disengaged to ensure proper behavior at traffic light.
Toyota Research Institute,AVT050,3/12/2020 20:12,JTHCYLFF9J5001363,No,Yes,Test Driver,street,Safety Driver disengaged upon judging that vehicle was too close to road boundary.
Toyota Research Institute,AVT050,3/12/2020 20:20,JTHCYLFF9J5001363,No,Yes,Test Driver,street,"Safety Driver disengaged due to inappropriate braking, caused by perception issue."
Toyota Research Institute,AVT050,3/12/2020 21:11,JTHDU1EF3G5020098,No,Yes,Test Driver,street,Safety Driver disengaged due to inappropriate braking proposal.
Toyota Research Institute,AVT050,3/12/2020 21:11,JTHDU1EF3G5020098,No,Yes,Test Driver,street,Safety Driver disengaged due to inappropriate steering.
Toyota Research Institute,AVT050,3/13/2020 19:51,JTHDU1EF6G5020094,No,Yes,Test Driver,street,Safety Driver disengaged to ensure proper behavior at traffic light.
Toyota Research Institute,AVT050,3/13/2020 20:40,JTHDU1EF3G5020098,No,Yes,Test Driver,street,Safety Driver disengaged near crosswalk due to overly conservative vehicle behavior.
Toyota Research Institute,AVT050,3/13/2020 21:04,JTHDU1EF3G5020098,No,Yes,Test Driver,street,Safety Driver disengaged due to inappropriate braking proposal.
Toyota Research Institute,AVT050,3/16/2020 12:11,JTHDU1EF3G5020098,No,Yes,Test Driver,street,Safety Driver disengaged due to inappropriate braking proposal.
Toyota Research Institute,AVT050,3/16/2020 12:43,JTHDU1EF3G5020098,No,Yes,Test Driver,street,"Safety Driver disengaged due to inappropriate braking, caused by perception issue."
Toyota Research Institute,AVT050,3/16/2020 14:05,JTHDU1EF3G5020098,No,Yes,Test Driver,street,"Safety Driver disengaged due to inappropriate braking, caused by perception issue."
Toyota Research Institute,AVT050,7/20/2020 14:24,JTHCYLFF0J5001364,No,Yes,Test Driver,street,"Safety Driver disengaged due to inappropriate braking, caused by perception issue."
Toyota Research Institute,AVT050,7/21/2020 14:17,JTHCYLFF0J5001364,No,Yes,Test Driver,street,Safety Driver disengaged due to issue with lane change maneuver.
Toyota Research Institute,AVT050,7/21/2020 14:24,JTHCYLFF0J5001364,No,Yes,Test Driver,street,Safety Driver disengaged due to issue with lane change maneuver.
Toyota Research Institute,AVT050,7/21/2020 18:15,JTHCYLFF0J5001364,No,Yes,Test Driver,street,Safety Driver disengaged due to harsh braking.
Toyota Research Institute,AVT050,7/22/2020 12:18,JTHCYLFF0J5001364,No,Yes,Test Driver,street,Safety Driver disengaged due to inappropriate braking proposal.
Toyota Research Institute,AVT050,7/22/2020 12:31,JTHCYLFF0J5001364,No,Yes,Test Driver,street,Safety Driver disengaged due to inappropriate braking proposal.
Toyota Research Institute,AVT050,7/22/2020 13:50,JTHCYLFF0J5001364,No,Yes,Test Driver,street,Safety Driver disengaged to ensure proper behavior at traffic light.
Toyota Research Institute,AVT050,7/23/2020 12:37,JTHCYLFF0J5001364,No,Yes,Test Driver,street,"Safety Driver disengaged due to inappropriate braking, caused by perception issue."
Toyota Research Institute,AVT050,7/23/2020 13:10,JTHCYLFF0J5001364,No,Yes,Test Driver,street,Safety Driver disengaged due to inappropriate braking proposal.
Toyota Research Institute,AVT050,7/23/2020 13:27,JTHCYLFF0J5001364,No,Yes,Test Driver,street,Safety Driver disengaged due to inappropriate braking proposal.
Toyota Research Institute,AVT050,7/23/2020 17:15,JTHCYLFF0J5001364,No,Yes,Test Driver,street,Safety Driver disengaged to manually drive through crosswalk.
Toyota Research Institute,AVT050,7/29/2020 14:03,JTHCYLFF0J5001364,No,Yes,Test Driver,street,Safety Driver disengaged near crosswalk due to overly conservative vehicle behavior.
Toyota Research Institute,AVT050,8/4/2020 16:25,JTHCYLFF0J5001364,No,Yes,Test Driver,street,Safety Driver disengaged due to inappropriate braking proposal.
Toyota Research Institute,AVT050,8/4/2020 18:15,JTHCYLFF0J5001364,No,Yes,Test Driver,street,Safety Driver disengaged due to inappropriate steering.
Toyota Research Institute,AVT050,8/4/2020 18:27,JTHCYLFF0J5001364,No,Yes,Test Driver,street,Safety Driver disengaged due to inappropriate steering.
Toyota Research Institute,AVT050,8/4/2020 18:42,JTHCYLFF0J5001364,No,Yes,Test Driver,street,Safety Driver disengaged to ensure proper behavior at traffic light.
Toyota Research Institute,AVT050,8/4/2020 18:51,JTHCYLFF0J5001364,No,Yes,Test Driver,street,Safety Driver disengaged due to issue with lane change maneuver.
Toyota Research Institute,AVT050,8/6/2020 13:59,JTHCYLFF0J5001364,No,Yes,Test Driver,street,Safety Driver disengaged due to inappropriate steering.
Toyota Research Institute,AVT050,8/6/2020 14:49,JTHCYLFF0J5001364,No,Yes,Test Driver,street,"Safety Driver disengaged due to inappropriate braking, caused by perception issue."
Toyota Research Institute,AVT050,8/6/2020 14:55,JTHCYLFF0J5001364,No,Yes,Test Driver,street,Safety Driver disengaged due to inappropriate steering.
Toyota Research Institute,AVT050,8/10/2020 17:43,JTHCYLFF0J5001364,No,Yes,Test Driver,street,Safety Driver disengaged due to issue with lane change maneuver.
Toyota Research Institute,AVT050,8/10/2020 17:46,JTHCYLFF0J5001364,No,Yes,Test Driver,street,"Safety Driver disengaged due to inappropriate braking, caused by perception issue."
Toyota Research Institute,AVT050,8/12/2020 14:31,JTHCYLFF0J5001364,No,Yes,Test Driver,street,Safety Driver disengaged due to inappropriate braking proposal.
Toyota Research Institute,AVT050,8/17/2020 18:46,JTHCYLFF0J5001364,No,Yes,Test Driver,street,Safety Driver disengaged due to inappropriate braking proposal.
Toyota Research Institute,AVT050,8/17/2020 19:06,JTHCYLFF0J5001364,No,Yes,Test Driver,street,Safety Driver disengaged upon judging that vehicle was too close to road boundary.
Toyota Research Institute,AVT050,8/17/2020 19:15,JTHCYLFF0J5001364,No,Yes,Test Driver,street,"Safety Driver disengaged due to inappropriate braking, caused by perception issue."
Toyota Research Institute,AVT050,8/17/2020 19:16,JTHCYLFF0J5001364,No,Yes,Test Driver,street,Safety Driver disengaged due to issue with lane change maneuver.
Toyota Research Institute,AVT050,8/18/2020 14:14,JTHCYLFFXJ5001291,No,Yes,Test Driver,street,Safety Driver disengaged due to issue with lane change maneuver.
Toyota Research Institute,AVT050,8/18/2020 14:18,JTHCYLFFXJ5001291,No,Yes,Test Driver,street,Safety Driver disengaged due to inappropriate braking proposal.
Toyota Research Institute,AVT050,8/18/2020 14:27,JTHCYLFFXJ5001291,No,Yes,Test Driver,street,Safety Driver disengaged due to inappropriate braking proposal.
Toyota Research Institute,AVT050,8/18/2020 14:51,JTHCYLFFXJ5001291,No,Yes,Test Driver,street,Safety Driver disengaged due to inappropriate braking proposal.
Toyota Research Institute,AVT050,8/18/2020 14:53,JTHCYLFFXJ5001291,No,Yes,Test Driver,street,Safety Driver disengaged due to inappropriate steering.
Toyota Research Institute,AVT050,8/18/2020 16:47,JTHCYLFFXJ5001291,No,Yes,Test Driver,street,Safety Driver disengaged near crosswalk due to overly conservative vehicle behavior.
Toyota Research Institute,AVT050,8/19/2020 13:32,JTHCYLFF0J5001364,No,Yes,Test Driver,street,Safety Driver disengaged near crosswalk due to overly conservative vehicle behavior.
Toyota Research Institute,AVT050,8/19/2020 13:36,JTHCYLFF0J5001364,No,Yes,Test Driver,street,Safety Driver disengaged near crosswalk due to overly conservative vehicle behavior.
Toyota Research Institute,AVT050,8/19/2020 13:38,JTHCYLFF0J5001364,No,Yes,Test Driver,street,"Safety Driver disengaged due to inappropriate braking, caused by perception issue."
Toyota Research Institute,AVT050,8/19/2020 13:58,JTHCYLFF0J5001364,No,Yes,Test Driver,street,"Safety Driver disengaged due to inappropriate braking, caused by perception issue."
Toyota Research Institute,AVT050,8/20/2020 14:41,JTHCYLFFXJ5001291,No,Yes,Test Driver,street,Safety Driver disengaged due to inappropriate braking proposal.
Toyota Research Institute,AVT050,8/20/2020 14:50,JTHCYLFF0J5001364,No,Yes,Test Driver,street,"Safety Driver disengaged due to inappropriate braking, caused by perception issue."
Toyota Research Institute,AVT050,8/20/2020 14:50,JTHCYLFFXJ5001291,No,Yes,Test Driver,street,Safety Driver disengaged near crosswalk due to overly conservative vehicle behavior.
Toyota Research Institute,AVT050,8/20/2020 14:53,JTHCYLFF0J5001364,No,Yes,Test Driver,street,"Safety Driver disengaged due to inappropriate braking, caused by perception issue."
Toyota Research Institute,AVT050,8/20/2020 18:27,JTHCYLFF0J5001364,No,Yes,Test Driver,street,Safety Driver disengaged due to inappropriate braking proposal.
Toyota Research Institute,AVT050,8/20/2020 18:47,JTHCYLFFXJ5001291,No,Yes,Test Driver,street,Safety Driver disengaged due to inappropriate steering.
Toyota Research Institute,AVT050,8/20/2020 18:47,JTHCYLFF0J5001364,No,Yes,Test Driver,street,Safety Driver disengaged due to inappropriate braking proposal.
Toyota Research Institute,AVT050,8/20/2020 18:54,JTHCYLFFXJ5001291,No,Yes,Test Driver,street,Safety Driver disengaged to ensure proper behavior at traffic light.
Toyota Research Institute,AVT050,8/20/2020 19:04,JTHCYLFFXJ5001291,No,Yes,Test Driver,street,Safety Driver disengaged due to issue with lane change maneuver.
Toyota Research Institute,AVT050,8/24/2020 14:20,JTHCYLFFXJ5001291,No,Yes,Test Driver,street,Safety Driver disengaged due to inappropriate braking proposal.
Toyota Research Institute,AVT050,8/24/2020 14:23,JTHCYLFFXJ5001291,No,Yes,Test Driver,street,Safety Driver disengaged due to inappropriate braking proposal.
Toyota Research Institute,AVT050,8/24/2020 14:26,JTHCYLFFXJ5001291,No,Yes,Test Driver,street,Safety Driver disengaged due to inappropriate braking proposal.
Toyota Research Institute,AVT050,8/24/2020 17:41,JTHCYLFF0J5001364,No,Yes,Test Driver,street,Safety Driver disengaged due to inappropriate braking proposal.
Toyota Research Institute,AVT050,8/24/2020 17:44,JTHCYLFF0J5001364,No,Yes,Test Driver,street,Safety Driver disengaged due to inappropriate braking proposal.
Toyota Research Institute,AVT050,8/24/2020 17:52,JTHCYLFF0J5001364,No,Yes,Test Driver,street,"Safety Driver disengaged due to inappropriate braking, caused by perception issue."
Toyota Research Institute,AVT050,8/24/2020 17:57,JTHCYLFFXJ5001291,No,Yes,Test Driver,street,Safety Driver disengaged due to inappropriate braking proposal.
Toyota Research Institute,AVT050,8/24/2020 18:04,JTHCYLFF0J5001364,No,Yes,Test Driver,street,Safety Driver disengaged due to inappropriate braking proposal.
Toyota Research Institute,AVT050,8/24/2020 18:11,JTHCYLFFXJ5001291,No,Yes,Test Driver,street,Safety Driver disengaged to ensure proper behavior at traffic light.
Toyota Research Institute,AVT050,8/24/2020 18:42,JTHCYLFFXJ5001291,No,Yes,Test Driver,street,Safety Driver disengaged near crosswalk due to overly conservative vehicle behavior.
Toyota Research Institute,AVT050,8/24/2020 18:49,JTHCYLFFXJ5001291,No,Yes,Test Driver,street,Safety Driver disengaged near crosswalk due to overly conservative vehicle behavior.
Toyota Research Institute,AVT050,8/24/2020 19:31,JTHCYLFF0J5001364,No,Yes,Test Driver,street,Safety Driver disengaged due to inappropriate braking proposal.
Toyota Research Institute,AVT050,8/25/2020 13:46,JTHCYLFFXJ5001291,No,Yes,Test Driver,street,Safety Driver disengaged due to inappropriate steering.
Toyota Research Institute,AVT050,8/25/2020 17:17,JTHCYLFF0J5001364,No,Yes,Test Driver,street,Safety Driver disengaged near crosswalk due to overly conservative vehicle behavior.
Toyota Research Institute,AVT050,8/25/2020 17:18,JTHCYLFFXJ5001291,No,Yes,Test Driver,street,Safety Driver disengaged due to inappropriate braking proposal.
Toyota Research Institute,AVT050,8/25/2020 17:23,JTHCYLFF0J5001364,No,Yes,Test Driver,street,Safety Driver disengaged upon judging that vehicle was too close to other road user or obstacle.
Toyota Research Institute,AVT050,8/25/2020 17:32,JTHCYLFF0J5001364,No,Yes,Test Driver,street,Safety Driver disengaged due to inappropriate braking proposal.
Toyota Research Institute,AVT050,8/25/2020 17:42,JTHCYLFF0J5001364,No,Yes,Test Driver,street,Safety Driver disengaged due to inappropriate steering.
Toyota Research Institute,AVT050,8/25/2020 18:38,JTHCYLFFXJ5001291,No,Yes,Test Driver,street,Safety Driver disengaged due to issue with lane change maneuver.
Toyota Research Institute,AVT050,8/26/2020 16:48,JTHCYLFF0J5001364,No,Yes,Test Driver,street,Safety Driver disengaged upon judging that vehicle was too close to other road user or obstacle.
Toyota Research Institute,AVT050,8/26/2020 17:02,JTHCYLFF0J5001364,No,Yes,Test Driver,street,Safety Driver disengaged near crosswalk due to overly conservative vehicle behavior.
Toyota Research Institute,AVT050,8/26/2020 17:10,JTHCYLFF0J5001364,No,Yes,Test Driver,street,Safety Driver disengaged due to inappropriate braking proposal.
Toyota Research Institute,AVT050,8/26/2020 18:16,JTHCYLFFXJ5001291,No,Yes,Test Driver,street,Safety Driver disengaged near crosswalk due to overly conservative vehicle behavior.
Toyota Research Institute,AVT050,8/27/2020 18:18,JTHCYLFF0J5001364,No,Yes,Test Driver,street,Safety Driver disengaged near crosswalk due to overly conservative vehicle behavior.
Toyota Research Institute,AVT050,8/27/2020 18:24,JTHCYLFF0J5001364,No,Yes,Test Driver,street,Safety Driver disengaged near crosswalk due to overly conservative vehicle behavior.
Toyota Research Institute,AVT050,8/27/2020 18:42,JTHCYLFF0J5001364,No,Yes,Test Driver,street,Safety Driver disengaged near crosswalk due to overly conservative vehicle behavior.
Toyota Research Institute,AVT050,8/27/2020 18:48,JTHCYLFF0J5001364,No,Yes,Test Driver,street,Safety Driver disengaged near crosswalk due to overly conservative vehicle behavior.
Toyota Research Institute,AVT050,8/28/2020 14:52,JTHCYLFF0J5001364,No,Yes,Test Driver,street,Safety Driver disengaged to manually drive through crosswalk.
Toyota Research Institute,AVT050,8/28/2020 15:32,JTHCYLFF0J5001364,No,Yes,Test Driver,street,Safety Driver disengaged due to inappropriate braking proposal.
Toyota Research Institute,AVT050,8/28/2020 17:17,JTHCYLFFXJ5001291,No,Yes,Test Driver,street,Safety Driver disengaged upon judging that vehicle was too close to other road user or obstacle.
Toyota Research Institute,AVT050,8/28/2020 17:18,JTHCYLFFXJ5001291,No,Yes,Test Driver,street,Safety Driver disengaged to ensure proper behavior at traffic light.
Toyota Research Institute,AVT050,8/28/2020 17:21,JTHCYLFFXJ5001291,No,Yes,Test Driver,street,Safety Driver disengaged near crosswalk due to overly conservative vehicle behavior.
Toyota Research Institute,AVT050,8/28/2020 17:24,JTHCYLFFXJ5001291,No,Yes,Test Driver,street,Safety Driver disengaged due to harsh braking.
Toyota Research Institute,AVT050,8/28/2020 17:40,JTHCYLFFXJ5001291,No,Yes,Test Driver,street,Safety Driver disengaged upon judging that vehicle was too close to road boundary.
Toyota Research Institute,AVT050,8/28/2020 17:43,JTHCYLFFXJ5001291,No,Yes,Test Driver,street,Safety Driver disengaged near crosswalk due to overly conservative vehicle behavior.
Toyota Research Institute,AVT050,8/28/2020 17:54,JTHCYLFFXJ5001291,No,Yes,Test Driver,street,Safety Driver disengaged to ensure proper behavior at traffic light.
Toyota Research Institute,AVT050,8/31/2020 15:34,JTHCYLFF0J5001364,No,Yes,Test Driver,street,Safety Driver disengaged near crosswalk due to overly conservative vehicle behavior.
Toyota Research Institute,AVT050,9/1/2020 12:50,JTHCYLFFXJ5001291,No,Yes,Test Driver,street,Safety Driver disengaged near crosswalk due to overly conservative vehicle behavior.
Toyota Research Institute,AVT050,9/1/2020 13:30,JTHCYLFF0J5001364,No,Yes,Test Driver,street,Safety Driver disengaged near crosswalk due to overly conservative vehicle behavior.
Toyota Research Institute,AVT050,9/1/2020 13:40,JTHCYLFF0J5001364,No,Yes,Test Driver,street,Safety Driver disengaged near crosswalk due to overly conservative vehicle behavior.
Toyota Research Institute,AVT050,9/1/2020 13:40,JTHCYLFF0J5001364,No,Yes,Test Driver,street,Safety Driver disengaged due to inappropriate braking proposal.
Toyota Research Institute,AVT050,9/1/2020 14:42,JTHCYLFFXJ5001291,No,Yes,Test Driver,street,Safety Driver disengaged due to inappropriate braking proposal.
Toyota Research Institute,AVT050,9/1/2020 17:41,JTHCYLFFXJ5001291,No,Yes,Test Driver,street,Safety Driver disengaged near crosswalk due to overly conservative vehicle behavior.
Toyota Research Institute,AVT050,9/1/2020 19:25,JTHCYLFFXJ5001291,No,Yes,Test Driver,street,Safety Driver disengaged near crosswalk due to overly conservative vehicle behavior.
Toyota Research Institute,AVT050,9/2/2020 13:05,JTHCYLFFXJ5001291,No,Yes,Test Driver,street,Safety Driver disengaged due to inappropriate steering.
Toyota Research Institute,AVT050,9/2/2020 13:29,JTHCYLFFXJ5001291,No,Yes,Test Driver,street,Safety Driver disengaged due to issue with lane change maneuver.
Toyota Research Institute,AVT050,9/2/2020 13:38,JTHCYLFFXJ5001291,No,Yes,Test Driver,street,"Safety Driver disengaged due to inappropriate braking, caused by perception issue."
Toyota Research Institute,AVT050,9/2/2020 18:54,JTHCYLFFXJ5001291,No,Yes,Test Driver,street,Safety Driver disengaged due to inappropriate braking proposal.
Toyota Research Institute,AVT050,9/2/2020 18:55,JTHCYLFFXJ5001291,No,Yes,Test Driver,street,Safety Driver disengaged due to issue with lane change maneuver.
Toyota Research Institute,AVT050,9/3/2020 12:03,JTHCYLFFXJ5001291,No,Yes,Test Driver,street,Safety Driver disengaged due to inappropriate braking proposal.
Toyota Research Institute,AVT050,9/3/2020 12:08,JTHCYLFFXJ5001291,No,Yes,Test Driver,street,Safety Driver disengaged to manually drive through crosswalk.
Toyota Research Institute,AVT050,9/3/2020 12:09,JTHCYLFFXJ5001291,No,Yes,Test Driver,street,Safety Driver disengaged due to inappropriate braking proposal.
Toyota Research Institute,AVT050,9/3/2020 12:22,JTHCYLFFXJ5001291,No,Yes,Test Driver,street,Safety Driver disengaged near crosswalk due to overly conservative vehicle behavior.
Toyota Research Institute,AVT050,9/3/2020 12:25,JTHCYLFFXJ5001291,No,Yes,Test Driver,street,Safety Driver disengaged due to cut-in issue.
Toyota Research Institute,AVT050,9/3/2020 12:30,JTHCYLFFXJ5001291,No,Yes,Test Driver,street,Safety Driver disengaged due to cut-in issue.
Toyota Research Institute,AVT050,9/3/2020 13:05,JTHCYLFF0J5001364,No,Yes,Test Driver,street,Safety Driver disengaged upon judging that vehicle was too close to road boundary.
Toyota Research Institute,AVT050,9/3/2020 13:53,JTHCYLFF0J5001364,No,Yes,Test Driver,street,Safety Driver disengaged near crosswalk due to overly conservative vehicle behavior.
Toyota Research Institute,AVT050,9/3/2020 16:31,JTHCYLFFXJ5001291,No,Yes,Test Driver,street,Safety Driver disengaged due to inappropriate braking proposal.
Toyota Research Institute,AVT050,9/3/2020 16:51,JTHCYLFFXJ5001291,No,Yes,Test Driver,street,Safety Driver disengaged due to inappropriate braking proposal.
Toyota Research Institute,AVT050,9/8/2020 14:12,JTHCYLFFXJ5001291,No,Yes,Test Driver,street,Safety Driver disengaged due to inappropriate braking proposal.
Toyota Research Institute,AVT050,9/8/2020 14:27,JTHCYLFFXJ5001291,No,Yes,Test Driver,street,Safety Driver disengaged due to issue with lane change maneuver.
Toyota Research Institute,AVT050,9/8/2020 17:23,JTHCYLFFXJ5001291,No,Yes,Test Driver,street,Safety Driver disengaged near crosswalk due to overly conservative vehicle behavior.
Toyota Research Institute,AVT050,9/8/2020 17:41,JTHCYLFFXJ5001291,No,Yes,Test Driver,street,Safety Driver disengaged due to cut-in issue.
Toyota Research Institute,AVT050,9/8/2020 18:18,JTHCYLFFXJ5001291,No,Yes,Test Driver,street,Safety Driver disengaged due to inappropriate braking proposal.
Toyota Research Institute,AVT050,9/8/2020 18:35,JTHCYLFFXJ5001291,No,Yes,Test Driver,street,Safety Driver disengaged due to issue with lane change maneuver.
Toyota Research Institute,AVT050,9/9/2020 14:01,JTHCYLFFXJ5001291,No,Yes,Test Driver,street,Safety Driver disengaged due to inappropriate braking proposal.
Toyota Research Institute,AVT050,9/9/2020 18:50,JTHCYLFFXJ5001291,No,Yes,Test Driver,street,Safety Driver disengaged due to cut-in issue.
Toyota Research Institute,AVT050,9/10/2020 12:52,JTHCYLFF0J5001364,No,Yes,Test Driver,street,Safety Driver disengaged near crosswalk due to overly conservative vehicle behavior.
Toyota Research Institute,AVT050,9/10/2020 12:55,JTHCYLFF0J5001364,No,Yes,Test Driver,street,Safety Driver disengaged upon judging that vehicle was too close to other road user or obstacle.
Toyota Research Institute,AVT050,9/10/2020 13:19,JTHCYLFF0J5001364,No,Yes,Test Driver,street,Safety Driver disengaged near crosswalk due to overly conservative vehicle behavior.
Toyota Research Institute,AVT050,9/10/2020 18:04,JTHCYLFFXJ5001291,No,Yes,Test Driver,street,Safety Driver disengaged due to cut-in issue.
Toyota Research Institute,AVT050,9/10/2020 18:10,JTHCYLFFXJ5001291,No,Yes,Test Driver,street,Safety Driver disengaged near crosswalk due to overly conservative vehicle behavior.
Toyota Research Institute,AVT050,9/10/2020 18:12,JTHCYLFFXJ5001291,No,Yes,Test Driver,street,Safety Driver disengaged to ensure proper behavior at traffic light.
Toyota Research Institute,AVT050,9/11/2020 13:53,JTHCYLFFXJ5001291,No,Yes,Test Driver,street,Safety Driver disengaged to manually drive through crosswalk.
Toyota Research Institute,AVT050,9/11/2020 14:05,JTHCYLFF0J5001364,No,Yes,Test Driver,street,"Safety Driver disengaged due to inappropriate braking, caused by perception issue."
Toyota Research Institute,AVT050,9/11/2020 14:18,JTHCYLFFXJ5001291,No,Yes,Test Driver,street,Safety Driver disengaged near crosswalk due to overly conservative vehicle behavior.
Toyota Research Institute,AVT050,9/11/2020 14:26,JTHCYLFFXJ5001291,No,Yes,Test Driver,street,Safety Driver disengaged upon judging that vehicle was too close to road boundary.
Toyota Research Institute,AVT050,9/11/2020 16:32,JTHCYLFFXJ5001291,No,Yes,Test Driver,street,Safety Driver disengaged due to inappropriate braking proposal.
Toyota Research Institute,AVT050,9/11/2020 16:33,JTHCYLFFXJ5001291,No,Yes,Test Driver,street,Safety Driver disengaged due to inappropriate braking proposal.
Toyota Research Institute,AVT050,9/11/2020 17:04,JTHCYLFFXJ5001291,No,Yes,Test Driver,street,Safety Driver disengaged due to cut-in issue.
Toyota Research Institute,AVT050,9/14/2020 13:02,JTHCYLFF0J5001364,No,Yes,Test Driver,street,Safety Driver disengaged upon judging that vehicle was too close to road boundary.
Toyota Research Institute,AVT050,9/14/2020 18:43,JTHCYLFFXJ5001291,No,Yes,Test Driver,street,Safety Driver disengaged due to issue with lane change maneuver.
Toyota Research Institute,AVT050,9/15/2020 13:24,JTHCYLFFXJ5001291,No,Yes,Test Driver,street,Safety Driver disengaged near crosswalk due to overly conservative vehicle behavior.
Toyota Research Institute,AVT050,9/15/2020 14:34,JTHCYLFF0J5001364,No,Yes,Test Driver,street,Safety Driver disengaged to manually drive through crosswalk.
Toyota Research Institute,AVT050,9/15/2020 14:36,JTHCYLFF0J5001364,No,Yes,Test Driver,street,Safety Driver disengaged near crosswalk due to overly conservative vehicle behavior.
Toyota Research Institute,AVT050,9/16/2020 12:36,JTHCYLFFXJ5001291,No,Yes,Test Driver,street,Safety Driver disengaged upon judging that vehicle was too close to road boundary.
Toyota Research Institute,AVT050,9/16/2020 12:38,JTHCYLFFXJ5001291,No,Yes,Test Driver,street,Safety Driver disengaged to manually drive through crosswalk.
Toyota Research Institute,AVT050,9/16/2020 13:04,JTHCYLFFXJ5001291,No,Yes,Test Driver,street,Safety Driver disengaged near crosswalk due to overly conservative vehicle behavior.
Toyota Research Institute,AVT050,9/16/2020 13:07,JTHCYLFFXJ5001291,No,Yes,Test Driver,street,Safety Driver disengaged upon judging that vehicle was too close to road boundary.
Toyota Research Institute,AVT050,9/21/2020 13:16,JTHCYLFF0J5001364,No,Yes,Test Driver,street,Safety Driver disengaged due to inappropriate steering.
Toyota Research Institute,AVT050,9/21/2020 17:24,JTHCYLFFXJ5001291,No,Yes,Test Driver,street,Safety Driver disengaged near crosswalk due to overly conservative vehicle behavior.
Toyota Research Institute,AVT050,9/21/2020 17:55,JTHCYLFFXJ5001291,No,Yes,Test Driver,street,Safety Driver disengaged due to inappropriate braking proposal.
Toyota Research Institute,AVT050,9/22/2020 13:55,JTHCYLFFXJ5001291,No,Yes,Test Driver,street,Safety Driver disengaged near crosswalk due to overly conservative vehicle behavior.
Toyota Research Institute,AVT050,9/24/2020 14:45,JTHCYLFF0J5001364,No,Yes,Test Driver,street,Safety Driver disengaged upon judging that vehicle was too close to road boundary.
Toyota Research Institute,AVT050,9/24/2020 14:45,JTHCYLFF0J5001364,No,Yes,Test Driver,street,Safety Driver disengaged due to cut-in issue.
Toyota Research Institute,AVT050,9/24/2020 14:47,JTHCYLFF0J5001364,No,Yes,Test Driver,street,Safety Driver disengaged near crosswalk due to overly conservative vehicle behavior.
Toyota Research Institute,AVT050,9/24/2020 15:01,JTHCYLFF0J5001364,No,Yes,Test Driver,street,"Safety Driver disengaged due to inappropriate braking, caused by perception issue."
Toyota Research Institute,AVT050,9/25/2020 14:37,JTHCYLFF0J5001364,No,Yes,Test Driver,street,"Safety Driver disengaged due to inappropriate braking, caused by perception issue."
Toyota Research Institute,AVT050,9/25/2020 14:39,JTHCYLFF0J5001364,No,Yes,Test Driver,street,Safety Driver disengaged upon judging that vehicle was too close to road boundary.
Toyota Research Institute,AVT050,9/25/2020 17:31,JTHCYLFF0J5001364,No,Yes,Test Driver,street,"Safety Driver disengaged due to inappropriate braking, caused by perception issue."
Toyota Research Institute,AVT050,9/25/2020 17:38,JTHCYLFF0J5001364,No,Yes,Test Driver,street,Safety Driver disengaged due to cut-in issue.
Toyota Research Institute,AVT050,9/25/2020 17:39,JTHCYLFF0J5001364,No,Yes,Test Driver,street,Safety Driver disengaged upon judging that vehicle was too close to road boundary.
Toyota Research Institute,AVT050,10/7/2020 13:21,JTHCYLFF0J5001364,No,Yes,Test Driver,street,Safety Driver disengaged to re-center vehicle in lane.
Toyota Research Institute,AVT050,10/7/2020 17:28,JTHCYLFFXJ5001291,No,Yes,Test Driver,street,Safety Driver disengaged near crosswalk due to overly conservative vehicle behavior.
Toyota Research Institute,AVT050,10/7/2020 18:55,JTHCYLFFXJ5001291,No,Yes,Test Driver,street,Safety Driver disengaged due to inappropriate braking proposal.
Toyota Research Institute,AVT050,10/8/2020 12:24,JTHCYLFF0J5001364,No,Yes,Test Driver,street,Safety Driver disengaged near crosswalk due to overly conservative vehicle behavior.
Toyota Research Institute,AVT050,10/8/2020 12:46,JTHCYLFF0J5001364,No,Yes,Test Driver,street,Safety Driver disengaged upon judging that vehicle was too close to road boundary.
Toyota Research Institute,AVT050,10/9/2020 17:06,JTHCYLFF0J5001364,No,Yes,Test Driver,street,Safety Driver disengaged near crosswalk due to overly conservative vehicle behavior.
Toyota Research Institute,AVT050,10/9/2020 17:14,JTHCYLFF0J5001364,No,Yes,Test Driver,street,Safety Driver disengaged near crosswalk due to overly conservative vehicle behavior.
Toyota Research Institute,AVT050,10/9/2020 17:27,JTHCYLFF0J5001364,No,Yes,Test Driver,street,Safety Driver disengaged upon judging that vehicle was too close to other road user or obstacle.
Toyota Research Institute,AVT050,10/12/2020 13:00,JTHCYLFF0J5001364,No,Yes,Test Driver,street,Safety Driver disengaged due to issue with lane change maneuver.
Toyota Research Institute,AVT050,10/12/2020 13:27,JTHCYLFF0J5001364,No,Yes,Test Driver,street,Safety Driver disengaged near crosswalk due to overly conservative vehicle behavior.
Toyota Research Institute,AVT050,10/12/2020 17:52,JTHCYLFFXJ5001291,No,Yes,Test Driver,street,Safety Driver disengaged due to inappropriate braking proposal.
Toyota Research Institute,AVT050,10/13/2020 12:27,JTHCYLFFXJ5001291,No,Yes,Test Driver,street,Safety Driver disengaged near crosswalk due to overly conservative vehicle behavior.
Toyota Research Institute,AVT050,10/14/2020 12:51,JTHCYLFFXJ5001291,No,Yes,Test Driver,street,Safety Driver disengaged due to inappropriate steering.
Toyota Research Institute,AVT050,10/14/2020 13:30,JTHCYLFF0J5001364,No,Yes,Test Driver,street,Safety Driver disengaged near crosswalk due to overly conservative vehicle behavior.
Toyota Research Institute,AVT050,10/14/2020 13:34,JTHCYLFF0J5001364,No,Yes,Test Driver,street,Safety Driver disengaged due to inappropriate braking proposal.
Toyota Research Institute,AVT050,10/14/2020 13:40,JTHCYLFF0J5001364,No,Yes,Test Driver,street,Safety Driver disengaged near crosswalk due to overly conservative vehicle behavior.
Toyota Research Institute,AVT050,10/14/2020 17:08,JTHCYLFFXJ5001291,No,Yes,Test Driver,street,Safety Driver disengaged due to cut-in issue.
Toyota Research Institute,AVT050,10/14/2020 18:27,JTHCYLFFXJ5001291,No,Yes,Test Driver,street,Safety Driver disengaged near crosswalk due to overly conservative vehicle behavior.
Toyota Research Institute,AVT050,10/15/2020 12:55,JTHCYLFFXJ5001291,No,Yes,Test Driver,street,Safety Driver disengaged due to inappropriate braking proposal.
Toyota Research Institute,AVT050,10/15/2020 17:02,JTHCYLFF0J5001364,No,Yes,Test Driver,street,Safety Driver disengaged due to inappropriate braking proposal.
Toyota Research Institute,AVT050,10/20/2020 12:16,JTHCYLFF0J5001364,No,Yes,Test Driver,street,Safety Driver disengaged upon judging that vehicle was too close to road boundary.
Toyota Research Institute,AVT050,10/20/2020 13:14,JTHCYLFF0J5001364,No,Yes,Test Driver,street,Safety Driver disengaged to manually drive through crosswalk.
Toyota Research Institute,AVT050,10/20/2020 13:25,JTHCYLFF0J5001364,No,Yes,Test Driver,street,Safety Driver disengaged to manually drive through crosswalk.
Toyota Research Institute,AVT050,10/20/2020 13:26,JTHCYLFF0J5001364,No,Yes,Test Driver,street,Safety Driver disengaged to manually drive through crosswalk.
Toyota Research Institute,AVT050,10/20/2020 13:56,JTHCYLFF0J5001364,No,Yes,Test Driver,street,Safety Driver disengaged near crosswalk due to overly conservative vehicle behavior.
Toyota Research Institute,AVT050,10/20/2020 14:02,JTHCYLFFXJ5001291,No,Yes,Test Driver,street,Safety Driver disengaged upon judging that vehicle was too close to road boundary.
Toyota Research Institute,AVT050,10/20/2020 14:28,JTHCYLFFXJ5001291,No,Yes,Test Driver,street,Safety Driver disengaged due to inappropriate braking proposal.
Toyota Research Institute,AVT050,10/20/2020 14:34,JTHCYLFF0J5001364,No,Yes,Test Driver,street,Safety Driver disengaged near crosswalk due to overly conservative vehicle behavior.
Toyota Research Institute,AVT050,10/20/2020 16:43,JTHCYLFF0J5001364,No,Yes,Test Driver,street,Safety Driver disengaged due to inappropriate braking proposal.
Toyota Research Institute,AVT050,10/20/2020 17:05,JTHCYLFF0J5001364,No,Yes,Test Driver,street,Safety Driver disengaged due to inappropriate braking proposal.
Toyota Research Institute,AVT050,10/20/2020 17:05,JTHCYLFF0J5001364,No,Yes,Test Driver,street,Safety Driver disengaged due to inappropriate braking proposal.
Toyota Research Institute,AVT050,10/20/2020 17:08,JTHCYLFF0J5001364,No,Yes,Test Driver,street,Safety Driver disengaged due to inappropriate braking proposal.
Toyota Research Institute,AVT050,10/20/2020 17:32,JTHCYLFF0J5001364,No,Yes,Test Driver,street,Safety Driver disengaged due to inappropriate braking proposal.
Toyota Research Institute,AVT050,10/21/2020 17:12,JTHCYLFF0J5001364,No,Yes,Test Driver,street,Safety Driver disengaged due to inappropriate braking proposal.
Toyota Research Institute,AVT050,10/22/2020 16:39,JTHCYLFFXJ5001291,No,Yes,Test Driver,street,Safety Driver disengaged to re-center vehicle in lane.
Toyota Research Institute,AVT050,10/22/2020 17:03,JTHCYLFFXJ5001291,No,Yes,Test Driver,street,Safety Driver disengaged near crosswalk due to overly conservative vehicle behavior.
Toyota Research Institute,AVT050,10/22/2020 17:05,JTHCYLFFXJ5001291,No,Yes,Test Driver,street,Safety Driver disengaged near crosswalk due to overly conservative vehicle behavior.
Toyota Research Institute,AVT050,10/22/2020 17:07,JTHCYLFFXJ5001291,No,Yes,Test Driver,street,Safety Driver disengaged upon judging that vehicle was too close to road boundary.
Toyota Research Institute,AVT050,10/22/2020 18:31,JTHCYLFFXJ5001291,No,Yes,Test Driver,street,Safety Driver disengaged upon judging that vehicle was too close to road boundary.
Toyota Research Institute,AVT050,10/22/2020 18:39,JTHCYLFFXJ5001291,No,Yes,Test Driver,street,Safety Driver disengaged due to inappropriate braking proposal.
Toyota Research Institute,AVT050,10/23/2020 14:42,JTHCYLFF0J5001364,No,Yes,Test Driver,street,Safety Driver disengaged due to inappropriate braking proposal.
Toyota Research Institute,AVT050,10/23/2020 17:13,JTHCYLFF0J5001364,No,Yes,Test Driver,street,Safety Driver disengaged due to inappropriate braking proposal.
Toyota Research Institute,AVT050,10/26/2020 13:13,JTHCYLFFXJ5001291,No,Yes,Test Driver,street,Safety Driver disengaged due to inappropriate braking proposal.
Toyota Research Institute,AVT050,10/26/2020 13:17,JTHCYLFF0J5001364,No,Yes,Test Driver,street,Safety Driver disengaged due to inappropriate braking proposal.
Toyota Research Institute,AVT050,10/26/2020 13:47,JTHCYLFFXJ5001291,No,Yes,Test Driver,street,Safety Driver disengaged due to issue with lane change maneuver.
Toyota Research Institute,AVT050,10/26/2020 17:58,JTHCYLFFXJ5001291,No,Yes,Test Driver,street,Safety Driver disengaged near crosswalk due to overly conservative vehicle behavior.
Toyota Research Institute,AVT050,10/26/2020 18:20,JTHCYLFFXJ5001291,No,Yes,Test Driver,street,Safety Driver disengaged near crosswalk due to overly conservative vehicle behavior.
Toyota Research Institute,AVT050,11/2/2020 16:45,JTHCYLFFXJ5001291,No,Yes,Test Driver,street,Safety Driver disengaged due to inappropriate braking proposal.
Toyota Research Institute,AVT050,11/2/2020 16:56,JTHCYLFFXJ5001291,No,Yes,Test Driver,street,Safety Driver disengaged due to inappropriate braking proposal.
Toyota Research Institute,AVT050,11/2/2020 17:10,JTHCYLFFXJ5001291,No,Yes,Test Driver,street,Safety Driver disengaged due to inappropriate braking proposal.
Toyota Research Institute,AVT050,11/4/2020 17:20,JTHCYLFFXJ5001291,No,Yes,Test Driver,street,Safety Driver disengaged due to inappropriate braking proposal.
Toyota Research Institute,AVT050,11/5/2020 13:24,JTHCYLFFXJ5001291,No,Yes,Test Driver,street,Safety Driver disengaged due to inappropriate braking proposal.
Toyota Research Institute,AVT050,11/9/2020 17:01,JTHCYLFF0J5001364,No,Yes,Test Driver,street,Safety Driver disengaged near crosswalk due to overly conservative vehicle behavior.
Toyota Research Institute,AVT050,11/10/2020 13:31,JTHCYLFFXJ5001291,No,Yes,Test Driver,street,Safety Driver disengaged upon judging that vehicle was too close to road boundary.
Toyota Research Institute,AVT050,11/10/2020 13:33,JTHCYLFFXJ5001291,No,Yes,Test Driver,street,Safety Driver disengaged to manually drive through crosswalk.
Toyota Research Institute,AVT050,11/10/2020 13:58,JTHCYLFF0J5001364,No,Yes,Test Driver,street,Safety Driver disengaged to manually drive through crosswalk.
Toyota Research Institute,AVT050,11/10/2020 14:22,JTHCYLFF0J5001364,No,Yes,Test Driver,street,Safety Driver disengaged due to issue with lane change maneuver.
Toyota Research Institute,AVT050,11/10/2020 17:06,JTHCYLFFXJ5001291,No,Yes,Test Driver,street,Safety Driver disengaged near crosswalk due to overly conservative vehicle behavior.
Toyota Research Institute,AVT050,11/10/2020 17:34,JTHCYLFFXJ5001291,No,Yes,Test Driver,street,Safety Driver disengaged due to cut-in issue.
Toyota Research Institute,AVT050,11/10/2020 17:38,JTHCYLFFXJ5001291,No,Yes,Test Driver,street,Safety Driver disengaged due to cut-in issue.
Toyota Research Institute,AVT050,11/10/2020 18:05,JTHCYLFFXJ5001291,No,Yes,Test Driver,street,Safety Driver disengaged due to cut-in issue.
Toyota Research Institute,AVT050,11/10/2020 18:07,JTHCYLFFXJ5001291,No,Yes,Test Driver,street,Safety Driver disengaged due to cut-in issue.
Toyota Research Institute,AVT050,11/11/2020 13:30,JTHCYLFF0J5001364,No,Yes,Test Driver,street,Safety Driver disengaged to manually drive through crosswalk.
Toyota Research Institute,AVT050,11/12/2020 13:21,JTHCYLFF0J5001364,No,Yes,Test Driver,street,Safety Driver disengaged due to cut-in issue.
Toyota Research Institute,AVT050,11/12/2020 13:24,JTHCYLFF0J5001364,No,Yes,Test Driver,street,"Safety Driver disengaged due to inappropriate braking, caused by perception issue."
Toyota Research Institute,AVT050,11/16/2020 13:24,JTHCYLFFXJ5001291,No,Yes,Test Driver,street,Safety Driver disengaged near crosswalk due to overly conservative vehicle behavior.
Toyota Research Institute,AVT050,11/16/2020 14:16,JTHCYLFFXJ5001291,No,Yes,Test Driver,street,Safety Driver disengaged near crosswalk due to overly conservative vehicle behavior.
Toyota Research Institute,AVT050,11/16/2020 14:38,JTHCYLFF0J5001364,No,Yes,Test Driver,street,"Safety Driver disengaged due to inappropriate braking, caused by perception issue."
Toyota Research Institute,AVT050,11/16/2020 17:25,JTHCYLFF0J5001364,No,Yes,Test Driver,street,Safety Driver disengaged upon judging that vehicle was too close to road boundary.
Toyota Research Institute,AVT050,11/16/2020 18:04,JTHCYLFFXJ5001291,No,Yes,Test Driver,street,Safety Driver disengaged upon judging that vehicle was too close to other road user or obstacle.
Toyota Research Institute,AVT050,11/17/2020 17:42,JTHCYLFFXJ5001291,No,Yes,Test Driver,street,Safety Driver disengaged to re-center vehicle in lane.
Toyota Research Institute,AVT050,11/17/2020 18:05,JTHCYLFF0J5001364,No,Yes,Test Driver,street,Safety Driver disengaged due to cut-in issue.
Toyota Research Institute,AVT050,11/18/2020 16:52,JTHCYLFF0J5001364,No,Yes,Test Driver,street,Safety Driver disengaged to manually drive through crosswalk.
Toyota Research Institute,AVT050,11/18/2020 17:55,JTHCYLFFXJ5001291,No,Yes,Test Driver,street,Safety Driver disengaged to ensure proper behavior at traffic light.
Toyota Research Institute,AVT050,11/19/2020 17:18,JTHCYLFF0J5001364,No,Yes,Test Driver,street,Safety Driver disengaged due to cut-in issue.
Toyota Research Institute,AVT050,11/20/2020 17:44,JTHCYLFFXJ5001291,No,Yes,Test Driver,street,Safety Driver disengaged to manually drive through crosswalk.
"Udelv, Inc",AVT029,12/6/2019,NM0LS7F79J1360493,Yes,Yes,Test Driver,Street,"Perception issue: sensor data (radar, lidar, and camera), or autonomy system's interpretation of sensor data, had a shortcoming or inaccuracy that affected driving behavior"
"Udelv, Inc",AVT029,12/6/2019,NM0LS7F79J1360493,Yes,Yes,Test Driver,Street,"Perception issue: sensor data (radar, lidar, and camera), or autonomy system's interpretation of sensor data, had a shortcoming or inaccuracy that affected driving behavior"
"Udelv, Inc",AVT029,12/17/2019,NM0LS7F79J1360493,Yes,Yes,Test Driver,Street,"Perception issue: sensor data (radar, lidar, and camera), or autonomy system's interpretation of sensor data, had a shortcoming or inaccuracy that affected driving behavior"
"Udelv, Inc",AVT029,12/17/2019,NM0LS7F79J1360493,Yes,Yes,Test Driver,Street,"Perception issue: sensor data (radar, lidar, and camera), or autonomy system's interpretation of sensor data, had a shortcoming or inaccuracy that affected driving behavior"
"Udelv, Inc",AVT029,12/17/2019,NM0LS7F79J1360493,Yes,Yes,Test Driver,Street,"Planning issue: the trajectory planned by the autonomy system was flawed, in that it disrupted traffic flow, resulted in unsafe maneuvering, or did not advance vehicle toward destination"
"Udelv, Inc",AVT029,12/17/2019,NM0LS7F79J1360493,Yes,Yes,Test Driver,Street,"Planning issue: the trajectory planned by the autonomy system was flawed, in that it disrupted traffic flow, resulted in unsafe maneuvering, or did not advance vehicle toward destination"
"Udelv, Inc",AVT029,12/17/2019,NM0LS7F79J1360493,Yes,Yes,Test Driver,Street,"Perception issue: sensor data (radar, lidar, and camera), or autonomy system's interpretation of sensor data, had a shortcoming or inaccuracy that affected driving behavior"
"Udelv, Inc",AVT029,12/17/2019,NM0LS7F79J1360493,Yes,Yes,Test Driver,Street,"Planning issue: the trajectory planned by the autonomy system was flawed, in that it disrupted traffic flow, resulted in unsafe maneuvering, or did not advance vehicle toward destination"
"Udelv, Inc",AVT029,12/17/2019,NM0LS7F79J1360493,Yes,Yes,Test Driver,Street,"Perception issue: sensor data (radar, lidar, and camera), or autonomy system's interpretation of sensor data, had a shortcoming or inaccuracy that affected driving behavior"
"Udelv, Inc",AVT029,12/17/2019,NM0LS7F79J1360493,Yes,Yes,Test Driver,Street,"Planning issue: the trajectory planned by the autonomy system was flawed, in that it disrupted traffic flow, resulted in unsafe maneuvering, or did not advance vehicle toward destination"
"Udelv, Inc",AVT029,12/17/2019,NM0LS7F79J1360493,Yes,Yes,Test Driver,Street,"Perception issue: sensor data (radar, lidar, and camera), or autonomy system's interpretation of sensor data, had a shortcoming or inaccuracy that affected driving behavior"
"Udelv, Inc",AVT029,12/17/2019,NM0LS7F79J1360493,Yes,Yes,Test Driver,Street,"Planning issue: the trajectory planned by the autonomy system was flawed, in that it disrupted traffic flow, resulted in unsafe maneuvering, or did not advance vehicle toward destination"
"Udelv, Inc",AVT029,12/18/2019,NM0LS7F79J1360493,Yes,Yes,Test Driver,Street,"Perception issue: sensor data (radar, lidar, and camera), or autonomy system's interpretation of sensor data, had a shortcoming or inaccuracy that affected driving behavior"
"Udelv, Inc",AVT029,12/18/2019,NM0LS7F79J1360493,Yes,Yes,Test Driver,Street,"Planning issue: the trajectory planned by the autonomy system was flawed, in that it disrupted traffic flow, resulted in unsafe maneuvering, or did not advance vehicle toward destination"
"Udelv, Inc",AVT029,12/18/2019,NM0LS7F79J1360493,Yes,Yes,Test Driver,Street,"Planning issue: the trajectory planned by the autonomy system was flawed, in that it disrupted traffic flow, resulted in unsafe maneuvering, or did not advance vehicle toward destination"
"Udelv, Inc",AVT029,12/20/2019,NM0LS7F79J1360493,Yes,Yes,Test Driver,Street,"Perception issue: sensor data (radar, lidar, and camera), or autonomy system's interpretation of sensor data, had a shortcoming or inaccuracy that affected driving behavior"
"Udelv, Inc",AVT029,12/20/2019,NM0LS7F79J1360493,Yes,Yes,Test Driver,Street,"Perception issue: sensor data (radar, lidar, and camera), or autonomy system's interpretation of sensor data, had a shortcoming or inaccuracy that affected driving behavior"
"Udelv, Inc",AVT029,12/20/2019,NM0LS7F79J1360493,Yes,Yes,Test Driver,Street,"Planning issue: the trajectory planned by the autonomy system was flawed, in that it disrupted traffic flow, resulted in unsafe maneuvering, or did not advance vehicle toward destination"
"Udelv, Inc",AVT029,12/20/2019,NM0LS7F79J1360493,Yes,Yes,Test Driver,Street,"Planning issue: the trajectory planned by the autonomy system was flawed, in that it disrupted traffic flow, resulted in unsafe maneuvering, or did not advance vehicle toward destination"
"Udelv, Inc",AVT029,12/20/2019,NM0LS7F79J1360493,Yes,Yes,Test Driver,Street,"Planning issue: the trajectory planned by the autonomy system was flawed, in that it disrupted traffic flow, resulted in unsafe maneuvering, or did not advance vehicle toward destination"
"Udelv, Inc",AVT029,12/23/2019,NM0LS7F79J1360493,Yes,Yes,Test Driver,Street,"Perception issue: sensor data (radar, lidar, and camera), or autonomy system's interpretation of sensor data, had a shortcoming or inaccuracy that affected driving behavior"
"Udelv, Inc",AVT029,12/23/2019,NM0LS7F79J1360493,Yes,Yes,Test Driver,Street,"Perception issue: sensor data (radar, lidar, and camera), or autonomy system's interpretation of sensor data, had a shortcoming or inaccuracy that affected driving behavior"
"Udelv, Inc",AVT029,12/23/2019,NM0LS7F79J1360493,Yes,Yes,Test Driver,Street,"Perception issue: sensor data (radar, lidar, and camera), or autonomy system's interpretation of sensor data, had a shortcoming or inaccuracy that affected driving behavior"
"Udelv, Inc",AVT029,12/23/2019,NM0LS7F79J1360493,Yes,Yes,Test Driver,Street,"Perception issue: sensor data (radar, lidar, and camera), or autonomy system's interpretation of sensor data, had a shortcoming or inaccuracy that affected driving behavior"
"Udelv, Inc",AVT029,12/23/2019,NM0LS7F79J1360493,Yes,Yes,Test Driver,Street,"Perception issue: sensor data (radar, lidar, and camera), or autonomy system's interpretation of sensor data, had a shortcoming or inaccuracy that affected driving behavior"
"Udelv, Inc",AVT029,12/28/2019,NM0LS7F79J1360493,Yes,Yes,Test Driver,Street,"Perception issue: sensor data (radar, lidar, and camera), or autonomy system's interpretation of sensor data, had a shortcoming or inaccuracy that affected driving behavior"
"Udelv, Inc",AVT029,12/28/2019,NM0LS7F79J1360493,Yes,Yes,Test Driver,Street,"Perception issue: sensor data (radar, lidar, and camera), or autonomy system's interpretation of sensor data, had a shortcoming or inaccuracy that affected driving behavior"
"Udelv, Inc",AVT029,1/8/2020,NM0LS7F79J1360493,Yes,Yes,Test Driver,Street,"Perception issue: sensor data (radar, lidar, and camera), or autonomy system's interpretation of sensor data, had a shortcoming or inaccuracy that affected driving behavior"
"Udelv, Inc",AVT029,1/8/2020,NM0LS7F79J1360493,Yes,Yes,Test Driver,Street,"Control issue: the vehicle control and actuation system could not, or did not, accurately follow the trajectory planned by the autonomy system "
"Udelv, Inc",AVT029,1/8/2020,NM0LS7F79J1360493,Yes,Yes,Test Driver,Street,"Perception issue: sensor data (radar, lidar, and camera), or autonomy system's interpretation of sensor data, had a shortcoming or inaccuracy that affected driving behavior"
"Udelv, Inc",AVT029,1/8/2020,NM0LS7F79J1360493,Yes,Yes,Test Driver,Street,"Perception issue: sensor data (radar, lidar, and camera), or autonomy system's interpretation of sensor data, had a shortcoming or inaccuracy that affected driving behavior"
"Udelv, Inc",AVT029,1/13/2020,NM0LS7F79J1360493,Yes,Yes,Test Driver,Street,"Perception issue: sensor data (radar, lidar, and camera), or autonomy system's interpretation of sensor data, had a shortcoming or inaccuracy that affected driving behavior"
"Udelv, Inc",AVT029,1/13/2020,NM0LS7F79J1360493,Yes,Yes,Test Driver,Street,"Perception issue: sensor data (radar, lidar, and camera), or autonomy system's interpretation of sensor data, had a shortcoming or inaccuracy that affected driving behavior"
"Udelv, Inc",AVT029,1/13/2020,NM0LS7F79J1360493,Yes,Yes,Test Driver,Street,"Planning issue: the trajectory planned by the autonomy system was flawed, in that it disrupted traffic flow, resulted in unsafe maneuvering, or did not advance vehicle toward destination"
"Udelv, Inc",AVT029,1/13/2020,NM0LS7F79J1360493,Yes,Yes,Test Driver,Street,"Perception issue: sensor data (radar, lidar, and camera), or autonomy system's interpretation of sensor data, had a shortcoming or inaccuracy that affected driving behavior"
"Udelv, Inc",AVT029,2/21/2020,NM0LS7F79J1360493,Yes,Yes,Test Driver,Street,"Perception issue: sensor data (radar, lidar, and camera), or autonomy system's interpretation of sensor data, had a shortcoming or inaccuracy that affected driving behavior"
"Udelv, Inc",AVT029,2/21/2020,NM0LS7F79J1360493,Yes,Yes,Test Driver,Street,"Perception issue: sensor data (radar, lidar, and camera), or autonomy system's interpretation of sensor data, had a shortcoming or inaccuracy that affected driving behavior"
"Udelv, Inc",AVT029,2/21/2020,NM0LS7F79J1360493,Yes,Yes,Test Driver,Street,"Planning issue: the trajectory planned by the autonomy system was flawed, in that it disrupted traffic flow, resulted in unsafe maneuvering, or did not advance vehicle toward destination"
"Udelv, Inc",AVT029,2/26/2020,NM0LS7F79J1360493,Yes,Yes,Test Driver,Street,"Planning issue: the trajectory planned by the autonomy system was flawed, in that it disrupted traffic flow, resulted in unsafe maneuvering, or did not advance vehicle toward destination"
"Udelv, Inc",AVT029,2/28/2020,NM0LS7F79J1360493,Yes,Yes,Test Driver,Street,"Perception issue: sensor data (radar, lidar, and camera), or autonomy system's interpretation of sensor data, had a shortcoming or inaccuracy that affected driving behavior"
"Udelv, Inc",AVT029,2/28/2020,NM0LS7F79J1360493,Yes,Yes,Test Driver,Street,"Perception issue: sensor data (radar, lidar, and camera), or autonomy system's interpretation of sensor data, had a shortcoming or inaccuracy that affected driving behavior"
"Udelv, Inc",AVT029,3/5/2020,NM0LS7F79J1360493,Yes,Yes,Test Driver,Street,"Planning issue: the trajectory planned by the autonomy system was flawed, in that it disrupted traffic flow, resulted in unsafe maneuvering, or did not advance vehicle toward destination"
"Udelv, Inc",AVT029,3/11/2020,NM0LS7F79J1360493,Yes,Yes,Test Driver,Street,"Perception issue: sensor data (radar, lidar, and camera), or autonomy system's interpretation of sensor data, had a shortcoming or inaccuracy that affected driving behavior"
"Udelv, Inc",AVT029,3/11/2020,NM0LS7F79J1360493,Yes,Yes,Test Driver,Street,"Control issue: the vehicle control and actuation system could not, or did not, accurately follow the trajectory planned by the autonomy system "
"Udelv, Inc",AVT029,3/11/2020,NM0LS7F79J1360493,Yes,Yes,Test Driver,Street,"Perception issue: sensor data (radar, lidar, and camera), or autonomy system's interpretation of sensor data, had a shortcoming or inaccuracy that affected driving behavior"
"Udelv, Inc",AVT029,3/11/2020,NM0LS7F79J1360493,Yes,Yes,Test Driver,Street,"Perception issue: sensor data (radar, lidar, and camera), or autonomy system's interpretation of sensor data, had a shortcoming or inaccuracy that affected driving behavior"
"Udelv, Inc",AVT029,3/11/2020,NM0LS7F79J1360493,Yes,Yes,Test Driver,Street,"Perception issue: sensor data (radar, lidar, and camera), or autonomy system's interpretation of sensor data, had a shortcoming or inaccuracy that affected driving behavior"
"Udelv, Inc",AVT029,3/11/2020,NM0LS7F79J1360493,Yes,Yes,Test Driver,Street,"Planning issue: the trajectory planned by the autonomy system was flawed, in that it disrupted traffic flow, resulted in unsafe maneuvering, or did not advance vehicle toward destination"
"Udelv, Inc",AVT029,3/12/2020,NM0LS7F79J1360493,Yes,Yes,Test Driver,Street,"Perception issue: sensor data (radar, lidar, and camera), or autonomy system's interpretation of sensor data, had a shortcoming or inaccuracy that affected driving behavior"
Valeo North America Inc.,AVT017,10/29/2020,SALVN2BG7FH960125,No,Yes,Test Driver,STREET,"Car did not slow down soon enough for detected vehicle, perception saw vehicle in motion when static"
Valeo North America Inc.,AVT017,10/29/2020,SALVN2BG7FH960125,No,Yes,Test Driver,STREET,"Car did not slow down soon enough for detected vehicle, perception saw vehicle in motion when static"
Valeo North America Inc.,AVT017,10/29/2020,SALVN2BG7FH960125,No,Yes,Test Driver,STREET,"Delivery truck parked in lane, would break rules to cross into oncoming lane to get around it"
Valeo North America Inc.,AVT017,10/29/2020,SALVN2BG7FH960125,No,Yes,Test Driver,STREET,"Car did not drive once traffic light turned green, acceleration request too low for longitudinal control"
Valeo North America Inc.,AVT017,10/29/2020,SALVN2BG7FH960125,No,Yes,Test Driver,STREET,Car getting close to curb of sidewalk while driving due to oscillation in lateral control
Valeo North America Inc.,AVT017,10/29/2020,SALVN2BG7FH960125,No,Yes,Test Driver,STREET,"Car stopping too close to crosswalk at intersection, map annotation incorrect"
Valeo North America Inc.,AVT017,10/29/2020,SALVN2BG7FH960125,No,Yes,Test Driver,STREET,"Speed not reduced during right turn, curvature in map annotation not correctly defined"
Valeo North America Inc.,AVT017,10/29/2020,SALVN2BG7FH960125,No,Yes,Test Driver,STREET,Car too slow to cross stop-intersection when it was its turn to go (at 4 way stop) due controls logic
Valeo North America Inc.,AVT017,10/29/2020,SALVN2BG7FH960125,No,Yes,Test Driver,STREET,Reckless driver tailgating us at a stop
Valeo North America Inc.,AVT017,10/29/2020,SALVN2BG7FH960125,No,Yes,Test Driver,STREET,Reckless driver making 3-point turn backing into our lane
Valeo North America Inc.,AVT017,10/29/2020,SALVN2BG7FH960125,No,Yes,Test Driver,STREET,"Car did not slow down soon enough for detected vehicle, perception saw vehicle in motion when static"
Valeo North America Inc.,AVT017,10/29/2020,SALVN2BG7FH960125,No,Yes,Test Driver,STREET,"Car did not slow down soon enough for detected vehicle, perception saw vehicle in motion when static"
Valeo North America Inc.,AVT017,10/29/2020,SALVN2BG7FH960125,No,Yes,Test Driver,STREET,Car getting close to curb of sidewalk while driving due to oscillation in lateral control
Valeo North America Inc.,AVT017,10/29/2020,SALVN2BG7FH960125,No,Yes,Test Driver,STREET,"Car creeping forward during red light at intersection, confidence in red light detection was fluctuating"
Valeo North America Inc.,AVT017,10/29/2020,SALVN2BG7FH960125,No,Yes,Test Driver,STREET,"Understeer on right turn, control tuning needs improvement"
Valeo North America Inc.,AVT017,10/29/2020,SALVN2BG7FH960125,No,Yes,Test Driver,STREET,"Delivery truck parked in lane, would break rules to cross into oncoming lane to get around it"
Valeo North America Inc.,AVT017,10/29/2020,SALVN2BG7FH960125,No,Yes,AV System,STREET,Controls disengaged after requested a deceleration beyond limit
Valeo North America Inc.,AVT017,11/6/2020,SALVN2BG7FH960125,No,Yes,Test Driver,STREET,"Car approaching stop intersection too fast, deceleration profile for longitudonal control required tuning"
Valeo North America Inc.,AVT017,11/6/2020,SALVN2BG7FH960125,No,Yes,Test Driver,STREET,"Car approaching stop intersection too fast,  deceleration profile for longitudonal control required tuning"
Valeo North America Inc.,AVT017,11/6/2020,SALVN2BG7FH960125,No,Yes,Test Driver,STREET,"Car creeping into crosswalk when stopping for intersection, incorrect map annotation for crosswalk intersection"
Valeo North America Inc.,AVT017,11/6/2020,SALVN2BG7FH960125,No,Yes,Test Driver,STREET,"Car too slow to make left turn at intersection, intersection deemed not clear although car had right of way"
Valeo North America Inc.,AVT017,11/6/2020,SALVN2BG7FH960125,No,Yes,Test Driver,STREET,"Stopped at pedestrian crossing when there was no pedestrian, yield sign misinterpreted as pedestrian"
Valeo North America Inc.,AVT017,11/6/2020,SALVN2BG7FH960125,No,Yes,Test Driver,STREET,"Understeer on right turn, control tuning needs improvement"
Valeo North America Inc.,AVT017,11/6/2020,SALVN2BG7FH960125,No,Yes,Test Driver,STREET,"Detected green traffic light color when red, misclassification in perception"
Valeo North America Inc.,AVT017,11/6/2020,SALVN2BG7FH960125,No,Yes,Test Driver,STREET,"Car approaching stop intersection too fast, deceleration profile for longitudonal control required tuning"
Valeo North America Inc.,AVT017,11/6/2020,SALVN2BG7FH960125,No,Yes,Test Driver,STREET,Car too slow to cross stop-intersection when it was its turn due to controls logic
Valeo North America Inc.,AVT017,11/6/2020,SALVN2BG7FH960125,No,Yes,AV System,STREET,Controls disengaged after requested a deceleration beyond limit
Valeo North America Inc.,AVT017,11/6/2020,SALVN2BG7FH960125,No,Yes,Test Driver,STREET,"Car approaching stop intersection too fast, deceleration profile for longitudonal control required tuning"
Valeo North America Inc.,AVT017,11/6/2020,SALVN2BG7FH960125,No,Yes,Test Driver,STREET,"Car taking too long to make a lane change, perception judged space insufficient"
Valeo North America Inc.,AVT017,11/6/2020,SALVN2BG7FH960125,No,Yes,Test Driver,STREET,"Delivery truck parked in lane, would break rules to cross into oncoming lane to get around it"
Valeo North America Inc.,AVT017,11/6/2020,SALVN2BG7FH960125,No,Yes,Test Driver,STREET,Car backing out into vehicle and pedestrians J-walking on opposite side of street
Valeo North America Inc.,AVT017,11/6/2020,SALVN2BG7FH960125,No,Yes,Test Driver,STREET,"Car too slow to make left turn at intersection, intersection deemed not clear although car had right of way"
Valeo North America Inc.,AVT017,11/6/2020,SALVN2BG7FH960125,No,Yes,Test Driver,STREET,"Understeer on right turn, control tuning needs improvement"
Valeo North America Inc.,AVT017,11/6/2020,SALVN2BG7FH960125,No,Yes,Test Driver,STREET,"Stopped on right turn at red light too early before proceeding, planning needs to be modified to account for right turn visibility at intersection"
Valeo North America Inc.,AVT017,11/6/2020,SALVN2BG7FH960125,No,Yes,AV System,STREET,Controls disengaged after requested a deceleration beyond limit
Valeo North America Inc.,AVT017,11/6/2020,SALVN2BG7FH960125,No,Yes,AV System,STREET,Controls disengaged after requested a deceleration beyond limit
Valeo North America Inc.,AVT017,11/6/2020,SALVN2BG7FH960125,No,Yes,AV System,STREET,Controls disengaged after requested a deceleration beyond limit
Valeo North America Inc.,AVT017,11/10/2020,SALVN2BG7FH960125,No,Yes,Test Driver,STREET,Reckless driver tailgating
Valeo North America Inc.,AVT017,11/10/2020,SALVN2BG7FH960125,No,Yes,Test Driver,STREET,"Detected red traffic light color when green, missclassification in perception"
Valeo North America Inc.,AVT017,11/10/2020,SALVN2BG7FH960125,No,Yes,Test Driver,STREET,"Delivery truck parked in lane, would break rules to cross into oncoming lane to get around it"
Valeo North America Inc.,AVT017,11/10/2020,SALVN2BG7FH960125,No,Yes,Test Driver,STREET,"Detected red traffic light color when green, missclassification in perception"
Valeo North America Inc.,AVT017,11/10/2020,SALVN2BG7FH960125,No,Yes,Test Driver,STREET,"Stopped at pedestrian crossing when there was no pedestrian, yield sign misinterpreted as pedestrian"
Valeo North America Inc.,AVT017,11/10/2020,SALVN2BG7FH960125,No,Yes,Test Driver,STREET,"Right turn at traffic light too slow, due to internal system speed contraint"
Valeo North America Inc.,AVT017,11/10/2020,SALVN2BG7FH960125,No,Yes,Test Driver,STREET,"Vehicle on left of 3-way stop intersection not detected, sensors inputs into fusion layer did not agree with high confidence that a perpendicular facing vehicle was at the intersection"
Valeo North America Inc.,AVT017,11/10/2020,SALVN2BG7FH960125,No,Yes,Test Driver,STREET,"Delivery truck parked in lane, would break rules to cross into oncoming lane to get around it"
Valeo North America Inc.,AVT017,11/10/2020,SALVN2BG7FH960125,No,Yes,Test Driver,STREET,"Car too slow to make left turn at intersection, due to internal system speed contraint"
Valeo North America Inc.,AVT017,11/10/2020,SALVN2BG7FH960125,No,Yes,Test Driver,STREET,"Stopped at pedestrian crossing when there was no pedestrian, yield sign misinterpreted as pedestrian"
Valeo North America Inc.,AVT017,11/10/2020,SALVN2BG7FH960125,No,Yes,Test Driver,STREET,"Understeer on right turn, control tuning needs improvement"
Valeo North America Inc.,AVT017,11/10/2020,SALVN2BG7FH960125,No,Yes,Test Driver,STREET,"Delivery truck parked in lane, would break rules to cross into oncoming lane to get around it"
Valeo North America Inc.,AVT017,11/13/2020,SALVN2BG7FH960125,No,Yes,Test Driver,STREET,"Car stopped too far from line at intersection, map annotation incorrect"
Valeo North America Inc.,AVT017,11/13/2020,SALVN2BG7FH960125,No,Yes,Test Driver,STREET,Reckless driver behind car trying to undertake during right turn.
Valeo North America Inc.,AVT017,11/13/2020,SALVN2BG7FH960125,No,Yes,Test Driver,STREET,"Car detected green traffic light color when red, missclassification in perception"
Valeo North America Inc.,AVT017,11/13/2020,SALVN2BG7FH960125,No,Yes,Test Driver,STREET,"Car stopped too far from line at intersection, map annotation incorrect"
Valeo North America Inc.,AVT017,11/13/2020,SALVN2BG7FH960125,No,Yes,Test Driver,STREET,Car driving too slow due to stopped truck straddling lane
Valeo North America Inc.,AVT017,11/13/2020,SALVN2BG7FH960125,No,Yes,AV System,STREET,Controls disengaged after requested a deceleration beyond limit
Valeo North America Inc.,AVT017,11/13/2020,SALVN2BG7FH960125,No,Yes,Test Driver,STREET,Parked vehicle sticking out in road
Valeo North America Inc.,AVT017,11/13/2020,SALVN2BG7FH960125,No,Yes,AV System,STREET,Controls disengaged after requested a deceleration beyond limit
Valeo North America Inc.,AVT017,11/13/2020,SALVN2BG7FH960125,No,Yes,Test Driver,STREET,Parked vehicle sticking out in road
Valeo North America Inc.,AVT017,11/13/2020,SALVN2BG7FH960125,No,Yes,Test Driver,STREET,"Car too slow to make left turn at intersection, due to internal system speed contraint"
Valeo North America Inc.,AVT017,11/13/2020,SALVN2BG7FH960125,No,Yes,AV System,STREET,Controls disengaged after requested a deceleration beyond limit
Valeo North America Inc.,AVT017,11/13/2020,SALVN2BG7FH960125,No,Yes,Test Driver,STREET,"Car stopped, then proceeded to make right turn on red however did not have sufficient view of oncoming traffic"
Valeo North America Inc.,AVT017,11/13/2020,SALVN2BG7FH960125,No,Yes,Test Driver,STREET,"Delivery truck parked in lane, would break rules to cross into oncoming lane to get around it"
Valeo North America Inc.,AVT017,11/13/2020,SALVN2BG7FH960125,No,Yes,Test Driver,STREET,"Car was going to cross 4-way stop intersection when it was not its turn, perception insufficient"
Valeo North America Inc.,AVT017,11/13/2020,SALVN2BG7FH960125,No,Yes,Test Driver,STREET,Reckless driver trying to undertake on right turn at red light
Valeo North America Inc.,AVT017,11/13/2020,SALVN2BG7FH960125,No,Yes,Test Driver,STREET,"Delivery truck parked in lane, would break rules to cross into oncoming lane to get around it"
Valeo North America Inc.,AVT017,11/13/2020,SALVN2BG7FH960125,No,Yes,Test Driver,STREET,Reckless driver trying to undertake on right turn at red light
Valeo North America Inc.,AVT017,11/13/2020,SALVN2BG7FH960125,No,Yes,Test Driver,STREET,"Delivery truck parked in lane, would break rules to cross into oncoming lane to get around it"
Valeo North America Inc.,AVT017,11/20/2020,SALVN2BG7FH960125,No,Yes,Test Driver,STREET,"Delivery truck parked in lane, would break rules to cross into oncoming lane to get around it"
Valeo North America Inc.,AVT017,11/20/2020,SALVN2BG7FH960125,No,Yes,Test Driver,STREET,"Car detected red traffic light color instead of green, missclassification in perception"
Valeo North America Inc.,AVT017,11/20/2020,SALVN2BG7FH960125,No,Yes,AV System,STREET,Controls disengaged after requested a deceleration beyond limit
Valeo North America Inc.,AVT017,11/20/2020,SALVN2BG7FH960125,No,Yes,Test Driver,STREET,"Delivery truck parked in lane, would break rules to cross into oncoming lane to get around it"
Valeo North America Inc.,AVT017,11/20/2020,SALVN2BG7FH960125,No,Yes,AV System,STREET,Controls disengaged after requested a deceleration beyond limit
Valeo North America Inc.,AVT017,11/20/2020,SALVN2BG7FH960125,No,Yes,AV System,STREET,Controls disengaged after requested a deceleration beyond limit
Valeo North America Inc.,AVT017,11/20/2020,SALVN2BG7FH960125,No,Yes,AV System,STREET,Controls disengaged after requested a deceleration beyond limit
Valeo North America Inc.,AVT017,11/20/2020,SALVN2BG7FH960125,No,Yes,AV System,STREET,"Car software crashed, and system needed to be rebooted, under investigation"
Valeo North America Inc.,AVT017,11/20/2020,SALVN2BG7FH960125,No,Yes,Test Driver,STREET,Vehicle in adjacent lane was too close to car
Valeo North America Inc.,AVT017,11/20/2020,SALVN2BG7FH960125,No,Yes,Test Driver,STREET,Industrial garbage bin obstructing lane
Valeo North America Inc.,AVT017,11/20/2020,SALVN2BG7FH960125,No,Yes,Test Driver,STREET,"Car steering into bike lane, disagreement between actual and estimated positions"
Valeo North America Inc.,AVT017,11/20/2020,SALVN2BG7FH960125,No,Yes,Test Driver,STREET,"Car steering into bike lane, disagreement between actual and estimated positions"
Valeo North America Inc.,AVT017,11/20/2020,SALVN2BG7FH960125,No,Yes,Test Driver,STREET,"Car too slow to make left turn at intersection, due to internal system speed contraint"
Valeo North America Inc.,AVT017,11/20/2020,SALVN2BG7FH960125,No,Yes,Test Driver,STREET,Car stopped in middle of intersection and did not proceed after pedestrian was finished crossing crosswalk
Valeo North America Inc.,AVT017,11/20/2020,SALVN2BG7FH960125,No,Yes,AV System,STREET,Controls disengaged after requested a deceleration beyond limit
Valeo North America Inc.,AVT017,11/20/2020,SALVN2BG7FH960125,No,Yes,Test Driver,STREET,"Car did not see vehicle to right during 4-way stop, perception issue"
Valeo North America Inc.,AVT017,11/20/2020,SALVN2BG7FH960125,No,Yes,AV System,STREET,Controls disengaged after requested a deceleration beyond limit
Valeo North America Inc.,AVT017,11/20/2020,SALVN2BG7FH960125,No,Yes,Test Driver,STREET,"Car detected red traffic light color instead of green, missclassification in perception"
Valeo North America Inc.,AVT017,11/20/2020,SALVN2BG7FH960125,No,Yes,Test Driver,STREET,"Car detected red traffic light color instead of green, missclassification in perception"
Valeo North America Inc.,AVT017,11/20/2020,SALVN2BG7FH960125,No,Yes,Test Driver,STREET,"Delivery truck parked in lane, would break rules to cross into oncoming lane to get around it"
Valeo North America Inc.,AVT017,11/20/2020,SALVN2BG7FH960125,No,Yes,AV System,STREET,Controls disengaged after requested a deceleration beyond limit
Valeo North America Inc.,AVT017,11/20/2020,SALVN2BG7FH960125,No,Yes,Test Driver,STREET,Person on scooter weaving in lane
Valeo North America Inc.,AVT017,11/20/2020,SALVN2BG7FH960125,No,Yes,Test Driver,STREET,Yellow light detected in middle of right-turn at traffic light
Valeo North America Inc.,AVT017,11/20/2020,SALVN2BG7FH960125,No,Yes,Test Driver,STREET,"Car did not detect vehicle in front, perception saw vehicle in motion when static"
Valeo North America Inc.,AVT017,11/20/2020,SALVN2BG7FH960125,No,Yes,Test Driver,STREET,"Delivery truck parked in lane, would break rules to cross into oncoming lane to get around it"
Valeo North America Inc.,AVT017,11/20/2020,SALVN2BG7FH960125,No,Yes,Test Driver,STREET,"Car too slow to make left turn at intersection, due to internal system speed contraint"
Valeo North America Inc.,AVT017,11/20/2020,SALVN2BG7FH960125,No,Yes,AV System,STREET,Controls disengaged after requested a deceleration beyond limit
Valeo North America Inc.,AVT017,11/20/2020,SALVN2BG7FH960125,No,Yes,AV System,STREET,Controls disengaged after requested a deceleration beyond limit
Valeo North America Inc.,AVT017,11/20/2020,SALVN2BG7FH960125,No,Yes,Test Driver,STREET,Vehicle backing up from parking spot into lane
Valeo North America Inc.,AVT017,11/20/2020,SALVN2BG7FH960125,No,Yes,AV System,STREET,Controls disengaged after requested a deceleration beyond limit
Valeo North America Inc.,AVT017,11/20/2020,SALVN2BG7FH960125,No,Yes,AV System,STREET,Controls disengaged after requested a deceleration beyond limit
Valeo North America Inc.,AVT017,11/20/2020,SALVN2BG7FH960125,No,Yes,Test Driver,STREET,"Car stopped on right turn on red (did not complete turn), slow down command during turn execution"
Waymo LLC,AVT003,12/6/2019,2C4RC1K77HR805512,No,Yes,Test Driver,Street,Disengage for unwanted maneuver of the vehicle that was undesirable under the circumstances
Waymo LLC,AVT003,12/28/2019,2C4RC1K7XHR805455,No,Yes,Test Driver,Street,Disengage for a recklessly behaving road user
Waymo LLC,AVT003,12/30/2019,2C4RC1K76HR797404,No,Yes,AV System,Highway,Disengage for adverse weather conditions experienced during testing
Waymo LLC,AVT003,12/30/2019,2C4RC1K76HR797404,No,Yes,Test Driver,Street,Disengage for unwanted maneuver of the vehicle that was undesirable under the circumstances
Waymo LLC,AVT003,1/3/2020,2C4RC1K75HR797345,No,Yes,Test Driver,Street,Disengage for incorrect behavior prediction of other traffic participants
Waymo LLC,AVT003,2/19/2020,2C4RC1K7XHR534705,No,Yes,Test Driver,Street,Disengage for unwanted maneuver of the vehicle that was undesirable under the circumstances
Waymo LLC,AVT003,2/20/2020,2C4RC1K76HR534698,No,Yes,Test Driver,Street,Disengage for a perception discrepancy for which a component of the vehicle's perception system failed to detect an object correctly
Waymo LLC,AVT003,2/22/2020,2C4RC1K77HR805512,No,Yes,Test Driver,Highway,Disengage for unwanted maneuver of the vehicle that was undesirable under the circumstances
Waymo LLC,AVT003,3/7/2020,2C4RC1K7XHR797325,No,Yes,AV System,Highway,Disengage for adverse weather conditions experienced during testing
Waymo LLC,AVT003,3/15/2020,2C4RC1K79HR822215,No,Yes,AV System,Highway,Disengage for adverse weather conditions experienced during testing
Waymo LLC,AVT003,6/9/2020,2C4RC1K78HR797324,No,Yes,Test Driver,Street,Disengage for a perception discrepancy for which a component of the vehicle's perception system failed to detect an object correctly
Waymo LLC,AVT003,6/11/2020,2C4RC1K70HR827271,No,Yes,Test Driver,Street,Disengage for a perception discrepancy for which a component of the vehicle's perception system failed to detect an object correctly
Waymo LLC,AVT003,6/12/2020,2C4RC1K7XHR805455,No,Yes,Test Driver,Street,Disengage for a perception discrepancy for which a component of the vehicle's perception system failed to detect an object correctly
Waymo LLC,AVT003,6/24/2020,2C4RC1K70HR833796,No,Yes,Test Driver,Street,Disengage for a perception discrepancy for which a component of the vehicle's perception system failed to detect an object correctly
Waymo LLC,AVT003,6/29/2020,2C4RC1K73HR833842,No,Yes,Test Driver,Street,Disengage for a perception discrepancy for which a component of the vehicle's perception system failed to detect an object correctly
Waymo LLC,AVT003,8/31/2020,2C4RC1K71HR695699,No,Yes,Test Driver,Street,Disengage for unwanted maneuver of the vehicle that was undesirable under the circumstances
Waymo LLC,AVT003,9/1/2020,2C4RC1K75HR695706,No,Yes,Test Driver,Street,Disengage for unwanted maneuver of the vehicle that was undesirable under the circumstances
Waymo LLC,AVT003,9/10/2020,2C4RC1K74HR805516,No,Yes,Test Driver,Street,Disengage for a perception discrepancy for which a component of the vehicle's perception system failed to detect an object correctly
Waymo LLC,AVT003,11/16/2020,2C4RC1K79HR833859,No,Yes,Test Driver,Street,Disengage for a perception discrepancy for which a component of the vehicle's perception system failed to detect an object correctly
Waymo LLC,AVT003,11/23/2020,2C4RC1K74HR805516,No,Yes,AV System,Street,Disengage for unwanted maneuver of the vehicle that was undesirable under the circumstances
Waymo LLC,AVT003,11/27/2020,2C4RC1K74HR805516,No,Yes,AV System,Street,Disengage for unwanted maneuver of the vehicle that was undesirable under the circumstances
WeRide Corp,AVT034,7/30/2020,3LN6L5MU1HR637773,No,Yes,Test Driver,Highway,Discrepancy in perception around heavy traffic.
WeRide Corp,AVT034,9/14/2020,1N4AZ1CP2KC305130,No,Yes,Test Driver,Highway,Discrepancy in planning around heavy traffic.
"Zoox, Inc",AVT012,12/14/2019,~5195,No,Yes,Test Driver,Street,"Prediction discrepancy; incorrect trajectory estimation for a vehicle cutting into
lane of traffic"
"Zoox, Inc",AVT012,12/19/2019,~5257,No,Yes,Test Driver,Street,Perception discrepancy; incorrect system detection of passenger opening door
"Zoox, Inc",AVT012,12/31/2019,~7014,No,Yes,Test Driver,Street,"Planning discrepancy; during left turn maneuver, system planned faulty trajectory
based on position of proceeding vehicle"
"Zoox, Inc",AVT012,1/13/2020,~5257,No,Yes,Test Driver,Street,Planning discrepancy; incorrect system estimation of free space
"Zoox, Inc",AVT012,1/13/2020,~0496,No,Yes,Test Driver,Street,"Planning discrepancy; during double parked vehicle avoidance maneuver, system
planned incorrect trajectory"
"Zoox, Inc",AVT012,1/13/2020,~7703,No,Yes,Test Driver,Street,"Prediction discrepancy; incorrect trajectory estimation of proceeding vehicle
making illegal left turn in an intersection"
"Zoox, Inc",AVT012,1/15/2020,~0268,No,Yes,Test Driver,Street,"Prediction discrepancy; incorrect trajectory estimation for a vehicle cutting into
lane of traffic"
"Zoox, Inc",AVT012,1/15/2020,~5195,No,Yes,Test Driver,Street,"Planning discrepancy; during double parked vehicle avoidance maneuver, system
planned incorrect trajectory"
"Zoox, Inc",AVT012,1/15/2020,~5195,No,Yes,Test Driver,Street,Prediction discrepancy; incorrect trajectory estimation for a vehicle cutting into lane of traffic
"Zoox, Inc",AVT012,1/21/2020,~5195,No,Yes,Test Driver,Street,"Planning discrepancy; during double parked vehicle avoidance maneuver, system planned incorrect trajectory"
"Zoox, Inc",AVT012,1/23/2020,~5195,No,Yes,Test Driver,Street,Planning discrepancy; system planned incorrect trajectory due to proceeding vehicle exiting parked state
"Zoox, Inc",AVT012,1/23/2020,~7625,No,Yes,Test Driver,Street,Prediction discrepancy; incorrect trajectory estimation for a vehicle cutting into lane of traffic
"Zoox, Inc",AVT012,1/25/2020,~6144,No,Yes,Test Driver,Street,Prediction discrepancy; incorrect trajectory estimation of a vehicle driving through red-light
"Zoox, Inc",AVT012,1/27/2020,~0268,No,Yes,Test Driver,Street,Planning discrepancy; system planned incorrect trajectory based on position of adjacent vehicle
"Zoox, Inc",AVT012,1/30/2020,~0658,No,Yes,Test Driver,Street,Planning discrepancy; system planned incorrect trajectory based on position of proceeding vehicle
"Zoox, Inc",AVT012,1/31/2020,~5257,No,Yes,Test Driver,Street,Planning discrepancy; system planned incorrect trajectory through left turn in intersection
"Zoox, Inc",AVT012,2/3/2020,~0384,No,Yes,Test Driver,Street,Planning discrepancy; system planned incorrect trajectory due to oncoming vehicle cutting into lane of traffic
"Zoox, Inc",AVT012,2/6/2020,~6725,No,Yes,Test Driver,Street,Prediction discrepancy; incorrect trajectory estimation for a vehicle cutting into lane of traffic
"Zoox, Inc",AVT012,2/7/2020,~6725,No,Yes,Test Driver,Street,Planning discrepancy; system planned incorrect trajectory through left turn in intersection
"Zoox, Inc",AVT012,2/9/2020,~5257,No,Yes,Test Driver,Street,Planning discrepancy; system planned incorrect trajectory through left turn in intersection
"Zoox, Inc",AVT012,2/10/2020,~7014,No,Yes,Test Driver,Street,Prediction discrepancy; incorrect trajectory estimation of proceeding vehicle making left turn in an intersection
"Zoox, Inc",AVT012,2/12/2020,~6607,No,Yes,Test Driver,Street,Prediction discrepancy; incorrect trajectory estimation for a vehicle in intersection yielding for pedestrians
"Zoox, Inc",AVT012,2/15/2020,~0658,No,Yes,Test Driver,Street,Planning discrepancy; system planned incorrect trajectory due to proceeding vehicle exiting parked state
"Zoox, Inc",AVT012,2/15/2020,~6839,No,Yes,Test Driver,Street,Planning discrepancy; system planned incorrect trajectory around parked vehicle
"Zoox, Inc",AVT012,2/15/2020,~7014,No,Yes,Test Driver,Street,Prediction discrepancy; incorrect trajectory estimation for a vehicle cutting into lane of traffic
"Zoox, Inc",AVT012,2/15/2020,~6725,No,Yes,Test Driver,Street,Prediction discrepancy; incorrect trajectory estimation of proceeding vehicle making illegal left turn in an intersection
"Zoox, Inc",AVT012,2/15/2020,~3880,No,Yes,Test Driver,Street,Prediction discrepancy; incorrect trajectory estimation for a vehicle cutting into lane of traffic
"Zoox, Inc",AVT012,2/16/2020,~0384,No,Yes,Test Driver,Street,Planning discrepancy; system planned incorrect trajectory around parked vehicle
"Zoox, Inc",AVT012,2/16/2020,~0658,No,Yes,Test Driver,Street,Planning discrepancy; system planned incorrect trajectory of proceeding vehicle
"Zoox, Inc",AVT012,2/16/2020,~0658,No,Yes,Test Driver,Street,Planning discrepancy; system planned incorrect trajectory due to proceeding vehicle exiting parked state
"Zoox, Inc",AVT012,2/17/2020,~0268,No,Yes,Test Driver,Street,Planning discrepancy; system planned incorrect trajectory around parked vehicle
"Zoox, Inc",AVT012,2/18/2020,~6725,No,Yes,Test Driver,Street,Planning discrepancy; system planned incorrect trajectory due to vehicle exiting parked state
"Zoox, Inc",AVT012,2/20/2020,~8456,No,Yes,Test Driver,Street,Prediction discrepancy; incorrect trajectory estimation of a vehicle reversing into curbside parking
"Zoox, Inc",AVT012,2/20/2020,~6725,No,Yes,Test Driver,Street,Prediction discrepancy; incorrect yield estimation for a vehicle cutting into the lane of traffic in intersection
"Zoox, Inc",AVT012,2/20/2020,~6144,No,Yes,Test Driver,Street,Prediction discrepancy; incorrect trajectory estimation for vehicle making illegal u-turn in an intersection
"Zoox, Inc",AVT012,2/21/2020,~3880,No,Yes,Test Driver,Street,Prediction discrepancy; incorrect trajectory estimation of approaching motorcycle
"Zoox, Inc",AVT012,2/21/2020,~5631,No,Yes,Test Driver,Street,Planning discrepancy; system planned incorrect trajectory due to vehicle exiting parked state
"Zoox, Inc",AVT012,2/21/2020,~0268,No,Yes,Test Driver,Street,Prediction discrepancy; incorrect trajectory estimation for a vehicle cutting into lane of traffic
"Zoox, Inc",AVT012,2/21/2020,~5195,No,Yes,Test Driver,Street,Prediction discrepancy; incorrect trajectory estimation of adjacent vehicle making left turn in an intersection
"Zoox, Inc",AVT012,2/22/2020,~3880,No,Yes,Test Driver,Street,Planning discrepancy; system planned incorrect trajectory around parked vehicle
"Zoox, Inc",AVT012,2/23/2020,~8456,No,Yes,Test Driver,Street,Prediction discrepancy; incorrect trajectory estimation for a vehicle cutting into lane of traffic
"Zoox, Inc",AVT012,2/25/2020,~4810,No,Yes,Test Driver,Street,Prediction discrepancy; incorrect trajectory estimation of adjacent vehicle making left turn in an intersection
"Zoox, Inc",AVT012,2/26/2020,~7014,No,Yes,Test Driver,Street,Prediction discrepancy; incorrect trajectory estimation for a vehicle entering intersection
"Zoox, Inc",AVT012,2/27/2020,~0384,No,Yes,Test Driver,Street,"Planning discrepancy; during double parked vehicle avoidance maneuver, system planned incorrect trajectory"
"Zoox, Inc",AVT012,3/2/2020,~0384,No,Yes,Test Driver,Street,Planning discrepancy; system planned incorrect trajectory due to oncoming vehicle cutting into lane of traffic
"Zoox, Inc",AVT012,3/2/2020,~0658,No,Yes,Test Driver,Street,"Planning discrepancy; during double parked vehicle avoidance maneuver, system planned incorrect trajectory into adjacent lane of traffic"
"Zoox, Inc",AVT012,3/13/2020,~7379,No,Yes,Test Driver,Street,Planning discrepancy; system planned incorrect trajectory due to vehicle exiting parked state
"Zoox, Inc",AVT012,3/16/2020,~3994,No,Yes,Test Driver,Street,Prediction discrepancy; incorrect trajectory estimation for a vehicle cutting into lane of traffic
"Zoox, Inc",AVT012,6/24/2020,~7703,No,Yes,Test Driver,Street,Planning discrepancy; system planned incorrect trajectory around parked vehicle
"Zoox, Inc",AVT012,6/29/2020,~7703,No,Yes,Test Driver,Street,Planning discrepancy; system planned incorrect trajectory around parked vehicle
"Zoox, Inc",AVT012,7/28/2020,~6607,No,Yes,Test Driver,Street,Planning discrepancy; system planned incorrect trajectory around delivery vehicle
"Zoox, Inc",AVT012,8/8/2020,~0496,No,Yes,Test Driver,Street,Prediction discrepancy; incorrect trajectory estimation for a vehicle cutting into lane of traffic during double parked vehicle avoidance maneuver
"Zoox, Inc",AVT012,9/16/2020,~7379,No,Yes,Test Driver,Street,Prediction discrepancy; incorrect trajectory estimation for a vehicle cutting into lane of traffic
"Zoox, Inc",AVT012,9/24/2020,~8456,No,Yes,Test Driver,Street,Prediction discrepancy; incorrect trajectory estimation of adjacent vehicle making left turn in an intersection
"Zoox, Inc",AVT012,9/25/2020,~5678,No,Yes,Test Driver,Street,Planning discrepancy; system planned incorrect yield at intersection due to an oncoming vehicle during left turn maneuver.
"Zoox, Inc",AVT012,10/6/2020,~0496,No,Yes,Test Driver,Street,Prediction discrepancy; incorrect trajectory estimation of approaching vehicle
"Zoox, Inc",AVT012,10/13/2020,~5200,No,Yes,Test Driver,Street,Prediction discrepancy; incorrect trajectory estimation for a vehicle cutting into lane of traffic
"Zoox, Inc",AVT012,11/2/2020,~7818,No,Yes,Test Driver,Street,Prediction discrepancy; incorrect trajectory estimation for a vehicle cutting into lane of traffic
"Zoox, Inc",AVT012,11/5/2020,~5195,No,Yes,Test Driver,Street,Prediction discrepancy; incorrect trajectory estimation for a vehicle entering 4-way intersection early
"Zoox, Inc",AVT012,11/5/2020,~0384,No,Yes,Test Driver,Street,Prediction discrepancy; incorrect trajectory estimation for a vehicle cutting into lane of traffic
"Zoox, Inc",AVT012,11/8/2020,~5631,No,Yes,Test Driver,Street,Prediction discrepancy; incorrect trajectory estimation for a vehicle cutting into lane of traffic
"Zoox, Inc",AVT012,11/13/2020,~7379,No,Yes,Test Driver,Street,"Planning discrepancy; during double parked vehicle avoidance maneuver, system planned incorrect trajectory"
"Zoox, Inc",AVT012,11/25/2020,~6839,No,Yes,Test Driver,Street,"Planning discrepancy, incorrect trajectory estimating during parking maneuver "
